  0
SECTION
  2
HEADER
  9
$ACADVER
  1
AC1018
  9
$ACADMAINTVER
 70
   104
  9
$DWGCODEPAGE
  3
ANSI_936
  9
$LASTSAVEDBY
  1
Administrator
  9
$INSBASE
 10
0.0
 20
0.0
 30
0.0
  9
$EXTMIN
 10
1193.583952938537
 20
635.0926350195268
 30
0.0
  9
$EXTMAX
 10
13941.40759114214
 20
3106.039554315778
 30
0.0
  9
$LIMMIN
 10
0.0
 20
0.0
  9
$LIMMAX
 10
420.0
 20
297.0
  9
$ORTHOMODE
 70
     0
  9
$REGENMODE
 70
     1
  9
$FILLMODE
 70
     1
  9
$QTEXTMODE
 70
     0
  9
$MIRRTEXT
 70
     0
  9
$LTSCALE
 40
1.0
  9
$ATTMODE
 70
     1
  9
$TEXTSIZE
 40
2.5
  9
$TRACEWID
 40
1.0
  9
$TEXTSTYLE
  7
Standard
  9
$CLAYER
  8
0
  9
$CELTYPE
  6
ByLayer
  9
$CECOLOR
 62
   256
  9
$CELTSCALE
 40
1.0
  9
$DISPSILH
 70
     0
  9
$DIMSCALE
 40
1.0
  9
$DIMASZ
 40
2.5
  9
$DIMEXO
 40
0.625
  9
$DIMDLI
 40
3.75
  9
$DIMRND
 40
0.0
  9
$DIMDLE
 40
0.0
  9
$DIMEXE
 40
1.25
  9
$DIMTP
 40
0.0
  9
$DIMTM
 40
0.0
  9
$DIMTXT
 40
2.5
  9
$DIMCEN
 40
2.5
  9
$DIMTSZ
 40
0.0
  9
$DIMTOL
 70
     0
  9
$DIMLIM
 70
     0
  9
$DIMTIH
 70
     0
  9
$DIMTOH
 70
     0
  9
$DIMSE1
 70
     0
  9
$DIMSE2
 70
     0
  9
$DIMTAD
 70
     1
  9
$DIMZIN
 70
     8
  9
$DIMBLK
  1

  9
$DIMASO
 70
     1
  9
$DIMSHO
 70
     1
  9
$DIMPOST
  1

  9
$DIMAPOST
  1

  9
$DIMALT
 70
     0
  9
$DIMALTD
 70
     3
  9
$DIMALTF
 40
0.03937007874016
  9
$DIMLFAC
 40
1.0
  9
$DIMTOFL
 70
     1
  9
$DIMTVP
 40
0.0
  9
$DIMTIX
 70
     0
  9
$DIMSOXD
 70
     0
  9
$DIMSAH
 70
     0
  9
$DIMBLK1
  1

  9
$DIMBLK2
  1

  9
$DIMSTYLE
  2
ISO-25
  9
$DIMCLRD
 70
     0
  9
$DIMCLRE
 70
     0
  9
$DIMCLRT
 70
     0
  9
$DIMTFAC
 40
1.0
  9
$DIMGAP
 40
0.625
  9
$DIMJUST
 70
     0
  9
$DIMSD1
 70
     0
  9
$DIMSD2
 70
     0
  9
$DIMTOLJ
 70
     0
  9
$DIMTZIN
 70
     8
  9
$DIMALTZ
 70
     0
  9
$DIMALTTZ
 70
     0
  9
$DIMUPT
 70
     0
  9
$DIMDEC
 70
     2
  9
$DIMTDEC
 70
     2
  9
$DIMALTU
 70
     2
  9
$DIMALTTD
 70
     3
  9
$DIMTXSTY
  7
Standard
  9
$DIMAUNIT
 70
     0
  9
$DIMADEC
 70
     0
  9
$DIMALTRND
 40
0.0
  9
$DIMAZIN
 70
     0
  9
$DIMDSEP
 70
    44
  9
$DIMATFIT
 70
     3
  9
$DIMFRAC
 70
     0
  9
$DIMLDRBLK
  1

  9
$DIMLUNIT
 70
     2
  9
$DIMLWD
 70
    -2
  9
$DIMLWE
 70
    -2
  9
$DIMTMOVE
 70
     0
  9
$LUNITS
 70
     2
  9
$LUPREC
 70
     4
  9
$SKETCHINC
 40
1.0
  9
$FILLETRAD
 40
0.0
  9
$AUNITS
 70
     0
  9
$AUPREC
 70
     0
  9
$MENU
  1
.
  9
$ELEVATION
 40
0.0
  9
$PELEVATION
 40
0.0
  9
$THICKNESS
 40
0.0
  9
$LIMCHECK
 70
     0
  9
$CHAMFERA
 40
0.0
  9
$CHAMFERB
 40
0.0
  9
$CHAMFERC
 40
0.0
  9
$CHAMFERD
 40
0.0
  9
$SKPOLY
 70
     0
  9
$TDCREATE
 40
2460739.647916667
  9
$TDUCREATE
 40
2460739.314583333
  9
$TDUPDATE
 40
2460740.407986111
  9
$TDUUPDATE
 40
2460740.074652778
  9
$TDINDWG
 40
0.0615162037
  9
$TDUSRTIMER
 40
0.0615162037
  9
$USRTIMER
 70
     1
  9
$ANGBASE
 50
0.0
  9
$ANGDIR
 70
     0
  9
$PDMODE
 70
     0
  9
$PDSIZE
 40
0.0
  9
$PLINEWID
 40
0.0
  9
$SPLFRAME
 70
     0
  9
$SPLINETYPE
 70
     6
  9
$SPLINESEGS
 70
     8
  9
$HANDSEED
  5
167A
  9
$SURFTAB1
 70
     6
  9
$SURFTAB2
 70
     6
  9
$SURFTYPE
 70
     6
  9
$SURFU
 70
     6
  9
$SURFV
 70
     6
  9
$UCSBASE
  2

  9
$UCSNAME
  2

  9
$UCSORG
 10
0.0
 20
0.0
 30
0.0
  9
$UCSXDIR
 10
1.0
 20
0.0
 30
0.0
  9
$UCSYDIR
 10
0.0
 20
1.0
 30
0.0
  9
$UCSORTHOREF
  2

  9
$UCSORTHOVIEW
 70
     0
  9
$UCSORGTOP
 10
0.0
 20
0.0
 30
0.0
  9
$UCSORGBOTTOM
 10
0.0
 20
0.0
 30
0.0
  9
$UCSORGLEFT
 10
0.0
 20
0.0
 30
0.0
  9
$UCSORGRIGHT
 10
0.0
 20
0.0
 30
0.0
  9
$UCSORGFRONT
 10
0.0
 20
0.0
 30
0.0
  9
$UCSORGBACK
 10
0.0
 20
0.0
 30
0.0
  9
$PUCSBASE
  2

  9
$PUCSNAME
  2

  9
$PUCSORG
 10
0.0
 20
0.0
 30
0.0
  9
$PUCSXDIR
 10
1.0
 20
0.0
 30
0.0
  9
$PUCSYDIR
 10
0.0
 20
1.0
 30
0.0
  9
$PUCSORTHOREF
  2

  9
$PUCSORTHOVIEW
 70
     0
  9
$PUCSORGTOP
 10
0.0
 20
0.0
 30
0.0
  9
$PUCSORGBOTTOM
 10
0.0
 20
0.0
 30
0.0
  9
$PUCSORGLEFT
 10
0.0
 20
0.0
 30
0.0
  9
$PUCSORGRIGHT
 10
0.0
 20
0.0
 30
0.0
  9
$PUCSORGFRONT
 10
0.0
 20
0.0
 30
0.0
  9
$PUCSORGBACK
 10
0.0
 20
0.0
 30
0.0
  9
$USERI1
 70
     0
  9
$USERI2
 70
     0
  9
$USERI3
 70
     0
  9
$USERI4
 70
     0
  9
$USERI5
 70
     0
  9
$USERR1
 40
0.0
  9
$USERR2
 40
0.0
  9
$USERR3
 40
0.0
  9
$USERR4
 40
0.0
  9
$USERR5
 40
0.0
  9
$WORLDVIEW
 70
     1
  9
$SHADEDGE
 70
     3
  9
$SHADEDIF
 70
    70
  9
$TILEMODE
 70
     1
  9
$MAXACTVP
 70
    64
  9
$PINSBASE
 10
0.0
 20
0.0
 30
0.0
  9
$PLIMCHECK
 70
     0
  9
$PEXTMIN
 10
0.0
 20
0.0
 30
0.0
  9
$PEXTMAX
 10
0.0
 20
0.0
 30
0.0
  9
$PLIMMIN
 10
0.0
 20
0.0
  9
$PLIMMAX
 10
12.0
 20
9.0
  9
$UNITMODE
 70
     0
  9
$VISRETAIN
 70
     1
  9
$PLINEGEN
 70
     0
  9
$PSLTSCALE
 70
     1
  9
$TREEDEPTH
 70
  3020
  9
$CMLSTYLE
  2
Standard
  9
$CMLJUST
 70
     0
  9
$CMLSCALE
 40
20.0
  9
$PROXYGRAPHICS
 70
     1
  9
$MEASUREMENT
 70
     1
  9
$CELWEIGHT
370
    -1
  9
$ENDCAPS
280
     0
  9
$JOINSTYLE
280
     0
  9
$LWDISPLAY
290
     0
  9
$INSUNITS
 70
     4
  9
$HYPERLINKBASE
  1

  9
$STYLESHEET
  1

  9
$XEDIT
290
     1
  9
$CEPSNTYPE
380
     0
  9
$PSTYLEMODE
290
     1
  9
$FINGERPRINTGUID
  2
{35723A09-9BA6-F74B-B594-2098FDD9D31D}
  9
$VERSIONGUID
  2
{4A0A49AB-0713-B444-B231-A86005B291CF}
  9
$EXTNAMES
290
     1
  9
$PSVPSCALE
 40
0.0
  9
$OLESTARTUP
290
     0
  9
$SORTENTS
280
   127
  9
$INDEXCTL
280
     0
  9
$HIDETEXT
280
     1
  9
$XCLIPFRAME
290
     0
  9
$HALOGAP
280
     0
  9
$OBSCOLOR
 70
   257
  9
$OBSLTYPE
280
     0
  9
$INTERSECTIONDISPLAY
280
     0
  9
$INTERSECTIONCOLOR
 70
   257
  9
$DIMASSOC
280
     2
  9
$PROJECTNAME
  1

  0
ENDSEC
  0
SECTION
  2
CLASSES
  0
CLASS
  1
ACDBDICTIONARYWDFLT
  2
AcDbDictionaryWithDefault
  3
ObjectDBX Classes
 90
        0
 91
        1
280
     0
281
     0
  0
CLASS
  1
DICTIONARYVAR
  2
AcDbDictionaryVar
  3
ObjectDBX Classes
 90
        0
 91
       19
280
     0
281
     0
  0
CLASS
  1
TABLESTYLE
  2
AcDbTableStyle
  3
ObjectDBX Classes
 90
     4095
 91
        1
280
     0
281
     0
  0
CLASS
  1
MATERIAL
  2
AcDbMaterial
  3
ObjectDBX Classes
 90
     1153
 91
        3
280
     0
281
     0
  0
CLASS
  1
VISUALSTYLE
  2
AcDbVisualStyle
  3
ObjectDBX Classes
 90
     4095
 91
       24
280
     0
281
     0
  0
CLASS
  1
SCALE
  2
AcDbScale
  3
ObjectDBX Classes
 90
     1153
 91
       17
280
     0
281
     0
  0
CLASS
  1
MLEADERSTYLE
  2
AcDbMLeaderStyle
  3
ACDB_MLEADERSTYLE_CLASS
 90
     4095
 91
        2
280
     0
281
     0
  0
CLASS
  1
CELLSTYLEMAP
  2
AcDbCellStyleMap
  3
ObjectDBX Classes
 90
     1152
 91
        2
280
     0
281
     0
  0
CLASS
  1
EXACXREFPANELOBJECT
  2
ExAcXREFPanelObject
  3
EXAC_ESW
 90
     1025
 91
        0
280
     0
281
     0
  0
CLASS
  1
NPOCOLLECTION
  2
AcDbImpNonPersistentObjectsCollection
  3
ObjectDBX Classes
 90
     1153
 91
        0
280
     0
281
     0
  0
CLASS
  1
LAYER_INDEX
  2
AcDbLayerIndex
  3
ObjectDBX Classes
 90
        0
 91
        0
280
     0
281
     0
  0
CLASS
  1
SPATIAL_INDEX
  2
AcDbSpatialIndex
  3
ObjectDBX Classes
 90
        0
 91
        0
280
     0
281
     0
  0
CLASS
  1
IDBUFFER
  2
AcDbIdBuffer
  3
ObjectDBX Classes
 90
        0
 91
        0
280
     0
281
     0
  0
CLASS
  1
ACDBSECTIONVIEWSTYLE
  2
AcDbSectionViewStyle
  3
ObjectDBX Classes
 90
     1025
 91
        1
280
     0
281
     0
  0
CLASS
  1
ACDBDETAILVIEWSTYLE
  2
AcDbDetailViewStyle
  3
ObjectDBX Classes
 90
     1025
 91
        1
280
     0
281
     0
  0
CLASS
  1
DIMASSOC
  2
AcDbDimAssoc
  3
"AcDbDimAssoc|Product Desc:     AcDim ARX App For Dimension|Company:          Autodesk, Inc.|WEB Address:      www.autodesk.com"
 90
        0
 91
        1
280
     0
281
     0
  0
CLASS
  1
SORTENTSTABLE
  2
AcDbSortentsTable
  3
ObjectDBX Classes
 90
        0
 91
       11
280
     0
281
     0
  0
ENDSEC
  0
SECTION
  2
TABLES
  0
TABLE
  2
VPORT
  5
8
330
0
100
AcDbSymbolTable
 70
     1
  0
VPORT
  5
EA
330
8
100
AcDbSymbolTableRecord
100
AcDbViewportTableRecord
  2
*Active
 70
     0
 10
0.0
 20
0.0
 11
1.0
 21
1.0
 12
8578.816470001518
 22
1791.617082238613
 13
0.0
 23
0.0
 14
10.0
 24
10.0
 15
10.0
 25
10.0
 16
0.0
 26
0.0
 36
1.0
 17
0.0
 27
0.0
 37
0.0
 40
3123.862497137731
 41
2.317848410757946
 42
50.0
 43
0.0
 44
0.0
 50
0.0
 51
0.0
 71
     0
 72
  1000
 73
     1
 74
     3
 75
     0
 76
     1
 77
     0
 78
     0
281
     0
 65
     1
110
0.0
120
0.0
130
0.0
111
1.0
121
0.0
131
0.0
112
0.0
122
1.0
132
0.0
 79
     0
146
0.0
1001
ACAD_NAV_VCDISPLAY
1070
     3
  0
ENDTAB
  0
TABLE
  2
LTYPE
  5
5
330
0
100
AcDbSymbolTable
 70
     2
  0
LTYPE
  5
14
330
5
100
AcDbSymbolTableRecord
100
AcDbLinetypeTableRecord
  2
ByBlock
 70
     0
  3

 72
    65
 73
     0
 40
0.0
  0
LTYPE
  5
15
330
5
100
AcDbSymbolTableRecord
100
AcDbLinetypeTableRecord
  2
ByLayer
 70
     0
  3

 72
    65
 73
     0
 40
0.0
  0
LTYPE
  5
16
330
5
100
AcDbSymbolTableRecord
100
AcDbLinetypeTableRecord
  2
Continuous
 70
     0
  3
Solid line
 72
    65
 73
     0
 40
0.0
  0
LTYPE
  5
28F
330
5
100
AcDbSymbolTableRecord
100
AcDbLinetypeTableRecord
  2
DASHED
 70
     0
  3
Dashed __ __ __ __ __ __ __ __ __ __ __ __ __ _
 72
    65
 73
     2
 40
19.05
 49
12.7
 74
     0
 49
-6.349999999999998
 74
     0
  0
ENDTAB
  0
TABLE
  2
LAYER
  5
2
102
{ACAD_XDICTIONARY
360
1FF
102
}
330
0
100
AcDbSymbolTable
 70
     3
  0
LAYER
  5
10
102
{ACAD_XDICTIONARY
360
13C
102
}
330
2
100
AcDbSymbolTableRecord
100
AcDbLayerTableRecord
  2
0
 70
     0
 62
     7
  6
Continuous
370
    -3
390
F
  0
LAYER
  5
290
330
2
100
AcDbSymbolTableRecord
100
AcDbLayerTableRecord
  2
Defpoints
 70
     0
 62
     7
  6
Continuous
290
     0
370
    -3
390
F
  0
LAYER
  5
291
330
2
100
AcDbSymbolTableRecord
100
AcDbLayerTableRecord
  2
本体
 70
     0
 62
     3
  6
Continuous
370
    30
390
F
1001
AcAecLayerStandard
1000

1000

1001
AcCmTransparency
1071
        0
  0
ENDTAB
  0
TABLE
  2
STYLE
  5
3
330
0
100
AcDbSymbolTable
 70
     2
  0
STYLE
  5
11
330
3
100
AcDbSymbolTableRecord
100
AcDbTextStyleTableRecord
  2
Standard
 70
     0
 40
0.0
 41
1.0
 50
0.0
 71
     0
 42
2.5
  3
dim.shx
  4

  0
STYLE
  5
132
330
3
100
AcDbSymbolTableRecord
100
AcDbTextStyleTableRecord
  2
Annotative
 70
     0
 40
0.0
 41
1.0
 50
0.0
 71
     0
 42
2.5
  3
arial.ttf
  4

1001
AcadAnnotative
1000
AnnotativeData
1002
{
1070
     1
1070
     1
1002
}
1001
ACAD
1000
Arial
1071
       34
  0
ENDTAB
  0
TABLE
  2
VIEW
  5
6
330
0
100
AcDbSymbolTable
 70
     0
  0
ENDTAB
  0
TABLE
  2
UCS
  5
7
330
0
100
AcDbSymbolTable
 70
     0
  0
ENDTAB
  0
TABLE
  2
APPID
  5
9
330
0
100
AcDbSymbolTable
 70
    11
  0
APPID
  5
12
330
9
100
AcDbSymbolTableRecord
100
AcDbRegAppTableRecord
  2
ACAD
 70
     0
  0
APPID
  5
9E
330
9
100
AcDbSymbolTableRecord
100
AcDbRegAppTableRecord
  2
ACAD_PSEXT
 70
     0
  0
APPID
  5
133
330
9
100
AcDbSymbolTableRecord
100
AcDbRegAppTableRecord
  2
AcadAnnoPO
 70
     0
  0
APPID
  5
134
330
9
100
AcDbSymbolTableRecord
100
AcDbRegAppTableRecord
  2
AcadAnnotative
 70
     0
  0
APPID
  5
135
330
9
100
AcDbSymbolTableRecord
100
AcDbRegAppTableRecord
  2
ACAD_DSTYLE_DIMJAG
 70
     0
  0
APPID
  5
136
330
9
100
AcDbSymbolTableRecord
100
AcDbRegAppTableRecord
  2
ACAD_DSTYLE_DIMTALN
 70
     0
  0
APPID
  5
165
330
9
100
AcDbSymbolTableRecord
100
AcDbRegAppTableRecord
  2
ACAD_MLEADERVER
 70
     0
  0
APPID
  5
217
330
9
100
AcDbSymbolTableRecord
100
AcDbRegAppTableRecord
  2
ACAD_NAV_VCDISPLAY
 70
     0
  0
APPID
  5
292
330
9
100
AcDbSymbolTableRecord
100
AcDbRegAppTableRecord
  2
AcAecLayerStandard
 70
     0
  0
APPID
  5
293
330
9
100
AcDbSymbolTableRecord
100
AcDbRegAppTableRecord
  2
AcCmTransparency
 70
     0
  0
APPID
  5
62E
330
9
100
AcDbSymbolTableRecord
100
AcDbRegAppTableRecord
  2
ACAD_EXEMPT_FROM_CAD_STANDARDS
 70
     0
  0
ENDTAB
  0
TABLE
  2
DIMSTYLE
  5
A
330
0
100
AcDbSymbolTable
 70
     3
100
AcDbDimStyleTable
 71
     2
340
27
340
137
  0
DIMSTYLE
105
1B0
330
A
100
AcDbSymbolTableRecord
100
AcDbDimStyleTableRecord
  2
Standard
 70
     0
340
11
  0
DIMSTYLE
105
137
330
A
100
AcDbSymbolTableRecord
100
AcDbDimStyleTableRecord
  2
Annotative
 70
     0
 40
0.0
 41
2.5
 42
0.625
 43
3.75
 44
1.25
 73
     0
 74
     0
 77
     1
 78
     8
140
2.5
141
2.5
143
0.03937007874016
147
0.625
171
     3
172
     1
271
     2
272
     2
274
     3
278
    44
283
     0
284
     8
340
11
1001
AcadAnnotative
1000
AnnotativeData
1002
{
1070
     1
1070
     1
1002
}
1001
ACAD_DSTYLE_DIMJAG
1070
   388
1040
1.5
1001
ACAD_DSTYLE_DIMTALN
1070
   392
1070
     0
  0
DIMSTYLE
105
27
102
{ACAD_REACTORS
330
5FE
102
}
330
A
100
AcDbSymbolTableRecord
100
AcDbDimStyleTableRecord
  2
ISO-25
 70
     0
 41
2.5
 42
0.625
 43
3.75
 44
1.25
 73
     0
 74
     0
 77
     1
 78
     8
140
2.5
141
2.5
143
0.03937007874016
147
0.625
171
     3
172
     1
271
     2
272
     2
274
     3
278
    44
283
     0
284
     8
340
11
  0
ENDTAB
  0
TABLE
  2
BLOCK_RECORD
  5
1
330
0
100
AcDbSymbolTable
 70
    15
  0
BLOCK_RECORD
  5
1F
102
{ACAD_XDICTIONARY
360
1CE
102
}
330
1
100
AcDbSymbolTableRecord
100
AcDbBlockTableRecord
  2
*Model_Space
340
22
  0
BLOCK_RECORD
  5
D2
330
1
100
AcDbSymbolTableRecord
100
AcDbBlockTableRecord
  2
*Paper_Space
340
D3
  0
BLOCK_RECORD
  5
D6
330
1
100
AcDbSymbolTableRecord
100
AcDbBlockTableRecord
  2
*Paper_Space0
340
D7
  0
BLOCK_RECORD
  5
277
330
1
100
AcDbSymbolTableRecord
100
AcDbBlockTableRecord
  2
*D1
340
0
  0
BLOCK_RECORD
  5
283
330
1
100
AcDbSymbolTableRecord
100
AcDbBlockTableRecord
  2
*D2
340
0
  0
BLOCK_RECORD
  5
604
330
1
100
AcDbSymbolTableRecord
100
AcDbBlockTableRecord
  2
*D3
340
0
  0
BLOCK_RECORD
  5
610
330
1
100
AcDbSymbolTableRecord
100
AcDbBlockTableRecord
  2
*D4
340
0
  0
ENDTAB
  0
ENDSEC
  0
SECTION
  2
BLOCKS
  0
BLOCK
  5
20
330
1F
100
AcDbEntity
  8
0
100
AcDbBlockBegin
  2
*Model_Space
 70
     0
 10
0.0
 20
0.0
 30
0.0
  3
*Model_Space
  1

  0
ENDBLK
  5
21
330
1F
100
AcDbEntity
  8
0
100
AcDbBlockEnd
  0
BLOCK
  5
D4
330
D2
100
AcDbEntity
 67
     1
  8
0
100
AcDbBlockBegin
  2
*Paper_Space
 70
     0
 10
0.0
 20
0.0
 30
0.0
  3
*Paper_Space
  1

  0
ENDBLK
  5
D5
330
D2
100
AcDbEntity
 67
     1
  8
0
100
AcDbBlockEnd
  0
BLOCK
  5
D8
330
D6
100
AcDbEntity
 67
     1
  8
0
100
AcDbBlockBegin
  2
*Paper_Space0
 70
     0
 10
0.0
 20
0.0
 30
0.0
  3
*Paper_Space0
  1

  0
ENDBLK
  5
D9
330
D6
100
AcDbEntity
 67
     1
  8
0
100
AcDbBlockEnd
  0
BLOCK
  5
278
330
277
100
AcDbEntity
  8
0
100
AcDbBlockBegin
  2
*D1
 70
     1
 10
0.0
 20
0.0
 30
0.0
  3
*D1
  1

  0
LINE
  5
279
330
277
100
AcDbEntity
  8
本体
 62
     0
440
 16777216
370
    -2
100
AcDbLine
 10
13685.69196132088
 20
-4569.282948088503
 30
0.0
 11
13633.60525461906
 21
-4569.282948088503
 31
0.0
  0
LINE
  5
27A
330
277
100
AcDbEntity
  8
本体
 62
     0
440
 16777216
370
    -2
100
AcDbLine
 10
13685.69196132088
 20
-4689.282948088503
 30
0.0
 11
13633.60525461906
 21
-4689.282948088503
 31
0.0
  0
LINE
  5
27B
330
277
100
AcDbEntity
  8
本体
 62
     0
440
 16777216
370
    -2
100
AcDbLine
 10
13634.85525461906
 20
-4571.782948088503
 30
0.0
 11
13634.85525461906
 21
-4686.782948088501
 31
0.0
  0
SOLID
  5
27C
330
277
100
AcDbEntity
  8
本体
 62
     0
440
 16777216
100
AcDbTrace
 10
13634.43858795239
 20
-4571.782948088503
 30
0.0
 11
13635.27192128573
 21
-4571.782948088503
 31
0.0
 12
13634.85525461906
 22
-4569.282948088503
 32
0.0
 13
13634.85525461906
 23
-4569.282948088503
 33
0.0
  0
SOLID
  5
27D
330
277
100
AcDbEntity
  8
本体
 62
     0
440
 16777216
100
AcDbTrace
 10
13634.43858795239
 20
-4686.782948088501
 30
0.0
 11
13635.27192128573
 21
-4686.782948088501
 31
0.0
 12
13634.85525461906
 22
-4689.282948088503
 32
0.0
 13
13634.85525461906
 23
-4689.282948088503
 33
0.0
  0
MTEXT
  5
27E
330
277
100
AcDbEntity
  8
本体
 62
     0
440
 16777216
100
AcDbMText
 10
13632.98025461906
 20
-4629.282948088506
 30
0.0
 40
2.5
 41
0.0
 71
     5
 72
     1
  1
120
 11
0.0000000000000001
 21
1.0
 31
0.0
 73
     1
 44
1.0
  0
POINT
  5
27F
330
277
100
AcDbEntity
  8
Defpoints
 62
     0
440
 16777216
100
AcDbPoint
 10
13686.31696132088
 20
-4569.282948088503
 30
0.0
  0
POINT
  5
280
330
277
100
AcDbEntity
  8
Defpoints
 62
     0
440
 16777216
100
AcDbPoint
 10
13686.31696132088
 20
-4689.282948088503
 30
0.0
  0
POINT
  5
281
330
277
100
AcDbEntity
  8
Defpoints
 62
     0
440
 16777216
100
AcDbPoint
 10
13634.85525461906
 20
-4689.282948088503
 30
0.0
  0
ENDBLK
  5
282
330
277
100
AcDbEntity
  8
0
100
AcDbBlockEnd
  0
BLOCK
  5
284
330
283
100
AcDbEntity
  8
0
100
AcDbBlockBegin
  2
*D2
 70
     1
 10
0.0
 20
0.0
 30
0.0
  3
*D2
  1

  0
LINE
  5
285
330
283
100
AcDbEntity
  8
本体
 62
     0
440
 16777216
370
    -2
100
AcDbLine
 10
13686.31696132088
 20
-4568.657948088501
 30
0.0
 11
13686.31696132088
 21
-4535.338115321478
 31
0.0
  0
LINE
  5
286
330
283
100
AcDbEntity
  8
本体
 62
     0
440
 16777216
370
    -2
100
AcDbLine
 10
14581.31696132087
 20
-4568.657948088501
 30
0.0
 11
14581.31696132087
 21
-4535.338115321478
 31
0.0
  0
LINE
  5
287
330
283
100
AcDbEntity
  8
本体
 62
     0
440
 16777216
370
    -2
100
AcDbLine
 10
13688.81696132087
 20
-4536.588115321478
 30
0.0
 11
14578.81696132087
 21
-4536.588115321478
 31
0.0
  0
SOLID
  5
288
330
283
100
AcDbEntity
  8
本体
 62
     0
440
 16777216
100
AcDbTrace
 10
13688.81696132087
 20
-4536.171448654811
 30
0.0
 11
13688.81696132087
 21
-4537.004781988145
 31
0.0
 12
13686.31696132088
 22
-4536.588115321478
 32
0.0
 13
13686.31696132088
 23
-4536.588115321478
 33
0.0
  0
SOLID
  5
289
330
283
100
AcDbEntity
  8
本体
 62
     0
440
 16777216
100
AcDbTrace
 10
14578.81696132087
 20
-4536.171448654811
 30
0.0
 11
14578.81696132087
 21
-4537.004781988145
 31
0.0
 12
14581.31696132087
 22
-4536.588115321478
 32
0.0
 13
14581.31696132087
 23
-4536.588115321478
 33
0.0
  0
MTEXT
  5
28A
330
283
100
AcDbEntity
  8
本体
 62
     0
440
 16777216
100
AcDbMText
 10
14133.81696132088
 20
-4534.713115321479
 30
0.0
 40
2.5
 41
0.0
 71
     5
 72
     1
  1
895
 73
     1
 44
1.0
  0
POINT
  5
28B
330
283
100
AcDbEntity
  8
Defpoints
 62
     0
440
 16777216
100
AcDbPoint
 10
13686.31696132088
 20
-4569.282948088501
 30
0.0
  0
POINT
  5
28C
330
283
100
AcDbEntity
  8
Defpoints
 62
     0
440
 16777216
100
AcDbPoint
 10
14581.31696132087
 20
-4569.282948088501
 30
0.0
  0
POINT
  5
28D
330
283
100
AcDbEntity
  8
Defpoints
 62
     0
440
 16777216
100
AcDbPoint
 10
14581.31696132087
 20
-4536.588115321478
 30
0.0
  0
ENDBLK
  5
28E
330
283
100
AcDbEntity
  8
0
100
AcDbBlockEnd
  0
BLOCK
  5
605
330
604
100
AcDbEntity
  8
0
100
AcDbBlockBegin
  2
*D3
 70
     1
 10
0.0
 20
0.0
 30
0.0
  3
*D3
  1

  0
LINE
  5
61C
330
604
100
AcDbEntity
  8
本体
 62
     0
440
 16777216
370
    -2
100
AcDbLine
 10
7379.993534245663
 20
2045.499169682148
 30
0.0
 11
7327.906827543849
 21
2045.499169682148
 31
0.0
  0
LINE
  5
61D
330
604
100
AcDbEntity
  8
本体
 62
     0
440
 16777216
370
    -2
100
AcDbLine
 10
7379.993534245659
 20
1925.499169682148
 30
0.0
 11
7327.906827543849
 21
1925.499169682148
 31
0.0
  0
LINE
  5
61E
330
604
100
AcDbEntity
  8
本体
 62
     0
440
 16777216
370
    -2
100
AcDbLine
 10
7329.156827543849
 20
2042.999169682148
 30
0.0
 11
7329.156827543849
 21
1927.999169682148
 31
0.0
  0
SOLID
  5
61F
330
604
100
AcDbEntity
  8
本体
 62
     0
440
 16777216
100
AcDbTrace
 10
7328.740160877181
 20
2042.999169682148
 30
0.0
 11
7329.573494210515
 21
2042.999169682148
 31
0.0
 12
7329.156827543849
 22
2045.499169682148
 32
0.0
 13
7329.156827543849
 23
2045.499169682148
 33
0.0
  0
SOLID
  5
620
330
604
100
AcDbEntity
  8
本体
 62
     0
440
 16777216
100
AcDbTrace
 10
7328.740160877181
 20
1927.999169682148
 30
0.0
 11
7329.573494210515
 21
1927.999169682148
 31
0.0
 12
7329.156827543849
 22
1925.499169682148
 32
0.0
 13
7329.156827543849
 23
1925.499169682148
 33
0.0
  0
MTEXT
  5
621
330
604
100
AcDbEntity
  8
本体
 62
     0
440
 16777216
100
AcDbMText
 10
7327.255395074542
 20
1985.499169682145
 30
0.0
 40
2.5
 41
0.0
 71
     5
 72
     1
  1
120
 11
0.0000000000000001
 21
1.0
 31
0.0
 73
     1
 44
1.0
  0
POINT
  5
622
330
604
100
AcDbEntity
  8
Defpoints
 62
     0
440
 16777216
100
AcDbPoint
 10
7380.618534245662
 20
2045.499169682148
 30
0.0
  0
POINT
  5
623
330
604
100
AcDbEntity
  8
Defpoints
 62
     0
440
 16777216
100
AcDbPoint
 10
7380.618534245662
 20
1925.499169682148
 30
0.0
  0
POINT
  5
624
330
604
100
AcDbEntity
  8
Defpoints
 62
     0
440
 16777216
100
AcDbPoint
 10
7329.156827543849
 20
1925.499169682148
 30
0.0
  0
ENDBLK
  5
606
330
604
100
AcDbEntity
  8
0
100
AcDbBlockEnd
  0
BLOCK
  5
611
330
610
100
AcDbEntity
  8
0
100
AcDbBlockBegin
  2
*D4
 70
     1
 10
0.0
 20
0.0
 30
0.0
  3
*D4
  1

  0
LINE
  5
625
330
610
100
AcDbEntity
  8
本体
 62
     0
440
 16777216
370
    -2
100
AcDbLine
 10
7380.61853424566
 20
2046.124169682147
 30
0.0
 11
7380.61853424566
 21
2079.444002449169
 31
0.0
  0
LINE
  5
626
330
610
100
AcDbEntity
  8
本体
 62
     0
440
 16777216
370
    -2
100
AcDbLine
 10
8275.618534245657
 20
2046.124169682147
 30
0.0
 11
8275.618534245657
 21
2079.444002449169
 31
0.0
  0
LINE
  5
627
330
610
100
AcDbEntity
  8
本体
 62
     0
440
 16777216
370
    -2
100
AcDbLine
 10
7383.118534245659
 20
2078.194002449169
 30
0.0
 11
8273.118534245659
 21
2078.194002449169
 31
0.0
  0
SOLID
  5
628
330
610
100
AcDbEntity
  8
本体
 62
     0
440
 16777216
100
AcDbTrace
 10
7383.118534245659
 20
2078.610669115835
 30
0.0
 11
7383.118534245659
 21
2077.777335782502
 31
0.0
 12
7380.61853424566
 22
2078.194002449169
 32
0.0
 13
7380.61853424566
 23
2078.194002449169
 33
0.0
  0
SOLID
  5
629
330
610
100
AcDbEntity
  8
本体
 62
     0
440
 16777216
100
AcDbTrace
 10
8273.118534245659
 20
2078.610669115835
 30
0.0
 11
8273.118534245659
 21
2077.777335782502
 31
0.0
 12
8275.618534245657
 22
2078.194002449169
 32
0.0
 13
8275.618534245657
 23
2078.194002449169
 33
0.0
  0
MTEXT
  5
62A
330
610
100
AcDbEntity
  8
本体
 62
     0
440
 16777216
100
AcDbMText
 10
7828.11853424566
 20
2080.095434918473
 30
0.0
 40
2.5
 41
0.0
 71
     5
 72
     1
  1
895
 73
     1
 44
1.0
  0
POINT
  5
62B
330
610
100
AcDbEntity
  8
Defpoints
 62
     0
440
 16777216
100
AcDbPoint
 10
7380.61853424566
 20
2045.499169682147
 30
0.0
  0
POINT
  5
62C
330
610
100
AcDbEntity
  8
Defpoints
 62
     0
440
 16777216
100
AcDbPoint
 10
8275.618534245657
 20
2045.499169682147
 30
0.0
  0
POINT
  5
62D
330
610
100
AcDbEntity
  8
Defpoints
 62
     0
440
 16777216
100
AcDbPoint
 10
8275.618534245657
 20
2078.194002449169
 30
0.0
  0
ENDBLK
  5
612
330
610
100
AcDbEntity
  8
0
100
AcDbBlockEnd
  0
ENDSEC
  0
SECTION
  2
ENTITIES
  0
LINE
  5
450
330
1F
100
AcDbEntity
  8
0
  6
Continuous
 62
     3
370
     0
100
AcDbLine
 10
1198.631987164856
 20
2423.992775495098
 30
0.0
 11
1289.620649475673
 21
2148.573782479152
 31
0.0
  0
LINE
  5
451
330
1F
100
AcDbEntity
  8
0
  6
Continuous
 62
     3
370
     0
100
AcDbLine
 10
2708.777440910792
 20
2148.573782479152
 30
0.0
 11
2918.797641198788
 21
2384.144023062038
 31
0.0
  0
LINE
  5
452
330
1F
100
AcDbEntity
  8
0
  6
Continuous
 62
     3
370
     0
100
AcDbLine
 10
5092.274460551483
 20
2172.149638295441
 30
0.0
 11
5092.274460551483
 21
2193.016971423686
 31
0.0
  0
LINE
  5
453
330
1F
100
AcDbEntity
  8
0
  6
Continuous
 62
     3
370
     0
100
AcDbLine
 10
3278.270034804194
 20
2172.149638295441
 30
0.0
 11
5092.274460551483
 21
2172.149638295441
 31
0.0
  0
LINE
  5
454
330
1F
100
AcDbEntity
  8
0
  6
Continuous
 62
     3
370
     0
100
AcDbLine
 10
5092.274543568646
 20
2193.016937863007
 30
0.0
 11
5092.274543568646
 21
2503.128162320312
 31
0.0
  0
LINE
  5
455
330
1F
100
AcDbEntity
  8
0
  6
Continuous
 62
     3
370
     0
100
AcDbLine
 10
3278.270034804136
 20
2503.128180092126
 30
0.0
 11
3278.270034804136
 21
2172.149638295441
 31
0.0
  0
LINE
  5
456
330
1F
100
AcDbEntity
  8
0
  6
DASHED
 62
     5
370
     0
100
AcDbLine
 10
2504.34561935889
 20
2497.463267932051
 30
0.0
 11
2456.839723931695
 21
2252.018386340153
 31
0.0
  0
LINE
  5
457
330
1F
100
AcDbEntity
  8
0
  6
DASHED
 62
     5
370
     0
100
AcDbLine
 10
2476.475314459047
 20
2248.217914705978
 30
0.0
 11
2523.981209886243
 21
2493.662796297873
 31
0.0
  0
LINE
  5
458
330
1F
100
AcDbEntity
  8
0
  6
DASHED
 62
     5
370
     0
100
AcDbLine
 10
1503.749568853945
 20
2245.278532952291
 30
0.0
 11
1510.84552981138
 21
2205.912972647742
 31
0.0
  0
LINE
  5
459
330
1F
100
AcDbEntity
  8
0
  6
DASHED
 62
     5
370
     0
100
AcDbLine
 10
1621.84624976759
 20
2266.566415824529
 30
0.0
 11
1503.749568853945
 21
2245.278532952291
 31
0.0
  0
LINE
  5
45A
330
1F
100
AcDbEntity
  8
0
  6
DASHED
 62
     5
370
     0
100
AcDbLine
 10
1628.942210724996
 20
2227.200855519981
 30
0.0
 11
1621.84624976759
 21
2266.566415824529
 31
0.0
  0
LINE
  5
45B
330
1F
100
AcDbEntity
  8
0
  6
DASHED
 62
     5
370
     0
100
AcDbLine
 10
1508.606763250816
 20
2500.18323605247
 30
0.0
 11
1552.956519234645
 21
2254.148484149055
 31
0.0
  0
LINE
  5
45C
330
1F
100
AcDbEntity
  8
0
  6
DASHED
 62
     5
370
     0
100
AcDbLine
 10
1572.639299386919
 20
2257.696464627761
 30
0.0
 11
1528.28954340309
 21
2503.731216531176
 31
0.0
  0
LINE
  5
45D
330
1F
100
AcDbEntity
  8
0
  6
DASHED
 62
     5
370
     0
100
AcDbLine
 10
2006.60218836668
 20
2544.94885518957
 30
0.0
 11
2004.996794087212
 21
2294.954009824293
 31
0.0
  0
LINE
  5
45E
330
1F
100
AcDbEntity
  8
0
  6
DASHED
 62
     5
370
     0
100
AcDbLine
 10
2024.996381716436
 20
2294.825578281934
 30
0.0
 11
2026.601775995903
 21
2544.82042364721
 31
0.0
  0
LINE
  5
45F
330
1F
100
AcDbEntity
  8
0
  6
DASHED
 62
     5
370
     0
100
AcDbLine
 10
2504.34561935889
 20
2497.463267932051
 30
0.0
 11
2456.839723931695
 21
2252.018386340153
 31
0.0
  0
LINE
  5
460
330
1F
100
AcDbEntity
  8
0
  6
DASHED
 62
     5
370
     0
100
AcDbLine
 10
2476.475314459047
 20
2248.217914705978
 30
0.0
 11
2523.981209886243
 21
2493.662796297873
 31
0.0
  0
LINE
  5
461
330
1F
100
AcDbEntity
  8
0
  6
DASHED
 62
     5
370
     0
100
AcDbLine
 10
1954.997825014154
 20
2295.27508868019
 30
0.0
 11
1954.740961929445
 21
2255.275913421747
 31
0.0
  0
LINE
  5
462
330
1F
100
AcDbEntity
  8
0
  6
DASHED
 62
     5
370
     0
100
AcDbLine
 10
2074.995350789493
 20
2294.504499426037
 30
0.0
 11
1954.997825014154
 21
2295.27508868019
 31
0.0
  0
LINE
  5
463
330
1F
100
AcDbEntity
  8
0
  6
DASHED
 62
     5
370
     0
100
AcDbLine
 10
2074.738487704755
 20
2254.505324167594
 30
0.0
 11
2074.995350789493
 21
2294.504499426037
 31
0.0
  0
LINE
  5
464
330
1F
100
AcDbEntity
  8
0
  6
DASHED
 62
     5
370
     0
100
AcDbLine
 10
1508.606763250816
 20
2500.18323605247
 30
0.0
 11
1552.956519234645
 21
2254.148484149055
 31
0.0
  0
LINE
  5
465
330
1F
100
AcDbEntity
  8
0
  6
DASHED
 62
     5
370
     0
100
AcDbLine
 10
1572.639299386919
 20
2257.696464627761
 30
0.0
 11
1528.28954340309
 21
2503.731216531176
 31
0.0
  0
LINE
  5
466
330
1F
100
AcDbEntity
  8
0
  6
DASHED
 62
     5
370
     0
100
AcDbLine
 10
1954.997825014154
 20
2295.27508868019
 30
0.0
 11
1954.740961929445
 21
2255.275913421747
 31
0.0
  0
LINE
  5
467
330
1F
100
AcDbEntity
  8
0
  6
DASHED
 62
     5
370
     0
100
AcDbLine
 10
2074.995350789493
 20
2294.504499426037
 30
0.0
 11
1954.997825014154
 21
2295.27508868019
 31
0.0
  0
LINE
  5
468
330
1F
100
AcDbEntity
  8
0
  6
DASHED
 62
     5
370
     0
100
AcDbLine
 10
2074.738487704755
 20
2254.505324167594
 30
0.0
 11
2074.995350789493
 21
2294.504499426037
 31
0.0
  0
LINE
  5
469
330
1F
100
AcDbEntity
  8
0
  6
DASHED
 62
     5
370
     0
100
AcDbLine
 10
2407.750747613329
 20
2261.519565425593
 30
0.0
 11
2400.149804344965
 21
2222.248384370892
 31
0.0
  0
LINE
  5
46A
330
1F
100
AcDbEntity
  8
0
  6
DASHED
 62
     5
370
     0
100
AcDbLine
 10
2525.564290777413
 20
2238.716735620537
 30
0.0
 11
2407.750747613329
 21
2261.519565425593
 31
0.0
  0
LINE
  5
46B
330
1F
100
AcDbEntity
  8
0
  6
DASHED
 62
     5
370
     0
100
AcDbLine
 10
2517.963347509078
 20
2199.445554565833
 30
0.0
 11
2525.564290777413
 21
2238.716735620537
 31
0.0
  0
LINE
  5
46C
330
1F
100
AcDbEntity
  8
0
  6
DASHED
 62
     5
370
     0
100
AcDbLine
 10
1503.749568853945
 20
2245.278532952291
 30
0.0
 11
1510.84552981138
 21
2205.912972647742
 31
0.0
  0
LINE
  5
46D
330
1F
100
AcDbEntity
  8
0
  6
DASHED
 62
     5
370
     0
100
AcDbLine
 10
1621.84624976759
 20
2266.566415824529
 30
0.0
 11
1503.749568853945
 21
2245.278532952291
 31
0.0
  0
LINE
  5
46E
330
1F
100
AcDbEntity
  8
0
  6
DASHED
 62
     5
370
     0
100
AcDbLine
 10
1628.942210724996
 20
2227.200855519981
 30
0.0
 11
1621.84624976759
 21
2266.566415824529
 31
0.0
  0
LINE
  5
46F
330
1F
100
AcDbEntity
  8
0
  6
DASHED
 62
     5
370
     0
100
AcDbLine
 10
2006.60218836668
 20
2544.94885518957
 30
0.0
 11
2004.996794087212
 21
2294.954009824293
 31
0.0
  0
LINE
  5
470
330
1F
100
AcDbEntity
  8
0
  6
DASHED
 62
     5
370
     0
100
AcDbLine
 10
2024.996381716436
 20
2294.825578281934
 30
0.0
 11
2026.601775995903
 21
2544.82042364721
 31
0.0
  0
ARC
  5
478
330
1F
100
AcDbEntity
  8
0
  6
DASHED
 62
     5
370
     0
100
AcDbCircle
 10
4640.803280544534
 20
2336.854356854279
 30
0.0
 40
10.19999999999654
100
AcDbArc
 50
88.13088509354273
 51
168.0248850939561
  0
LINE
  5
479
330
1F
100
AcDbEntity
  8
0
  6
DASHED
 62
     5
370
     0
100
AcDbLine
 10
4681.673179348183
 20
2345.725705801173
 30
0.0
 11
4641.135968063036
 21
2347.048929872062
 31
0.0
  0
ARC
  5
47A
330
1F
100
AcDbEntity
  8
0
  6
DASHED
 62
     5
370
     0
100
AcDbCircle
 10
4682.005949284396
 20
2355.920173624187
 30
0.0
 40
10.19989754971793
100
AcDbArc
 50
268.1304031019197
 51
348.0253670850184
  0
LINE
  5
47B
330
1F
100
AcDbEntity
  8
0
  6
DASHED
 62
     5
370
     0
100
AcDbLine
 10
4738.792922615286
 20
2574.494363054508
 30
0.0
 11
4691.983892529687
 21
2353.803913097005
 31
0.0
  0
ARC
  5
47C
330
1F
100
AcDbEntity
  8
0
  6
DASHED
 62
     5
370
     0
100
AcDbCircle
 10
4728.814896952312
 20
2576.610728776453
 30
0.0
 40
10.20000000000927
100
AcDbArc
 50
348.0248850941456
 51
67.91888509283238
  0
LINE
  5
47D
330
1F
100
AcDbEntity
  8
0
  6
DASHED
 62
     5
370
     0
100
AcDbLine
 10
4695.065222186832
 20
2601.309087296473
 30
0.0
 11
4732.649269246069
 21
2586.06258516095
 31
0.0
  0
ARC
  5
47E
330
1F
100
AcDbEntity
  8
0
  6
DASHED
 62
     5
370
     0
100
AcDbCircle
 10
4698.899594480589
 20
2610.760943680964
 30
0.0
 40
10.20000000000307
100
AcDbArc
 50
171.7457903309116
 51
247.9188850928324
  0
ARC
  5
47F
330
1F
100
AcDbEntity
  8
0
  6
DASHED
 62
     5
370
     0
100
AcDbCircle
 10
4798.288555986257
 20
2589.68028119561
 30
0.0
 40
10.20000000000334
100
AcDbArc
 50
268.1308850935427
 51
344.0368760019835
  0
LINE
  5
480
330
1F
100
AcDbEntity
  8
0
  6
DASHED
 62
     5
370
     0
100
AcDbLine
 10
4757.418657182578
 20
2580.808932248706
 30
0.0
 11
4797.955868467755
 21
2579.485708177812
 31
0.0
  0
ARC
  5
481
330
1F
100
AcDbEntity
  8
0
  6
DASHED
 62
     5
370
     0
100
AcDbCircle
 10
4757.085887246367
 20
2570.614464425695
 30
0.0
 40
10.19989754971793
100
AcDbArc
 50
88.13040310191977
 51
168.0253670850186
  0
LINE
  5
482
330
1F
100
AcDbEntity
  8
0
  6
DASHED
 62
     5
370
     0
100
AcDbLine
 10
4700.298913915476
 20
2352.040274995374
 30
0.0
 11
4747.107944001102
 21
2572.730724952873
 31
0.0
  0
ARC
  5
483
330
1F
100
AcDbEntity
  8
0
  6
DASHED
 62
     5
370
     0
100
AcDbCircle
 10
4710.27693957848
 20
2349.92390927343
 30
0.0
 40
10.20000000001706
100
AcDbArc
 50
168.0248850940963
 51
247.9188850928324
  0
LINE
  5
484
330
1F
100
AcDbEntity
  8
0
  6
DASHED
 62
     5
370
     0
100
AcDbLine
 10
4744.02661434396
 20
2325.225550753401
 30
0.0
 11
4706.442567284723
 21
2340.472052888928
 31
0.0
  0
ARC
  5
485
330
1F
100
AcDbEntity
  8
0
  6
DASHED
 62
     5
370
     0
100
AcDbCircle
 10
4740.192242050203
 20
2315.77369436891
 30
0.0
 40
10.20000000001617
100
AcDbArc
 50
348.0248850939561
 51
67.91888509283238
  0
LINE
  5
486
330
1F
100
AcDbEntity
  8
0
  6
DASHED
 62
     5
370
     0
100
AcDbLine
 10
4630.82525488156
 20
2338.970722576238
 30
0.0
 11
4750.170267713178
 21
2313.657328646959
 31
0.0
  0
LINE
  5
487
330
1F
100
AcDbEntity
  8
0
  6
DASHED
 62
     5
370
     0
100
AcDbLine
 10
4742.969592296208
 20
2284.51721759996
 30
0.0
 11
4625.580961158886
 21
2309.41519502194
 31
0.0
  0
LINE
  5
488
330
1F
100
AcDbEntity
  8
0
  6
DASHED
 62
     5
370
     0
100
AcDbLine
 10
4749.194086651704
 20
2313.86437538429
 30
0.0
 11
4742.969592296208
 21
2284.517217599963
 31
0.0
  0
LINE
  5
489
330
1F
100
AcDbEntity
  8
0
  6
DASHED
 62
     5
370
     0
100
AcDbLine
 10
4631.805455514355
 20
2338.76235280627
 30
0.0
 11
4749.194086651704
 21
2313.86437538429
 31
0.0
  0
LINE
  5
48A
330
1F
100
AcDbEntity
  8
0
  6
DASHED
 62
     5
370
     0
100
AcDbLine
 10
4625.580961158886
 20
2309.41519502194
 30
0.0
 11
4631.805455514355
 21
2338.76235280627
 31
0.0
  0
LINE
  5
48B
330
1F
100
AcDbEntity
  8
0
  6
DASHED
 62
     5
370
     0
100
AcDbLine
 10
2559.425094173418
 20
1691.219215152809
 30
0.0
 11
2603.774855953944
 21
1937.253966011323
 31
0.0
  0
LINE
  5
48C
330
1F
100
AcDbEntity
  8
0
  6
DASHED
 62
     5
370
     0
100
AcDbLine
 10
2584.092075885255
 20
1940.801946953767
 30
0.0
 11
2539.74231410473
 21
1694.767196095252
 31
0.0
  0
LINE
  5
48D
330
1F
100
AcDbEntity
  8
0
  6
DASHED
 62
     5
370
     0
100
AcDbLine
 10
4412.355866800885
 20
2339.368996826541
 30
0.0
 11
4292.65212069476
 21
2347.795927949997
 31
0.0
  0
LINE
  5
48E
330
1F
100
AcDbEntity
  8
0
  6
DASHED
 62
     5
370
     0
100
AcDbLine
 10
4414.462599581757
 20
2369.294933353073
 30
0.0
 11
4412.355866800885
 21
2339.368996826541
 31
0.0
  0
LINE
  5
48F
330
1F
100
AcDbEntity
  8
0
  6
DASHED
 62
     5
370
     0
100
AcDbLine
 10
4294.75885347563
 20
2377.721864476529
 30
0.0
 11
4414.462599581757
 21
2369.294933353073
 31
0.0
  0
LINE
  5
490
330
1F
100
AcDbEntity
  8
0
  6
DASHED
 62
     5
370
     0
100
AcDbLine
 10
4292.65212069476
 20
2347.795927949997
 30
0.0
 11
4294.75885347563
 21
2377.721864476529
 31
0.0
  0
LINE
  5
491
330
1F
100
AcDbEntity
  8
0
  6
Continuous
 62
     3
370
     0
100
AcDbLine
 10
2822.760939111363
 20
1585.644532329124
 30
0.0
 11
2913.749607911228
 21
1861.063523201332
 31
0.0
  0
LINE
  5
492
330
1F
100
AcDbEntity
  8
0
  6
Continuous
 62
     3
370
     0
100
AcDbLine
 10
1193.583952938537
 20
1821.214811296102
 30
0.0
 11
1403.604147676273
 21
1585.644565765155
 31
0.0
  0
LINE
  5
493
330
1F
100
AcDbEntity
  8
0
  6
DASHED
 62
     5
370
     0
100
AcDbLine
 10
2559.425094173418
 20
1691.219215152809
 30
0.0
 11
2603.774855953944
 21
1937.253966011323
 31
0.0
  0
LINE
  5
494
330
1F
100
AcDbEntity
  8
0
  6
DASHED
 62
     5
370
     0
100
AcDbLine
 10
2584.092075885255
 20
1940.801946953767
 30
0.0
 11
2539.74231410473
 21
1694.767196095252
 31
0.0
  0
LINE
  5
495
330
1F
100
AcDbEntity
  8
0
  6
DASHED
 62
     5
370
     0
100
AcDbLine
 10
2601.536082460236
 20
1642.983702659343
 30
0.0
 11
2608.632044345123
 21
1682.349262796704
 31
0.0
  0
LINE
  5
496
330
1F
100
AcDbEntity
  8
0
  6
DASHED
 62
     5
370
     0
100
AcDbLine
 10
2608.632044345123
 20
1682.349262796704
 30
0.0
 11
2490.535363933024
 21
1703.63714845136
 31
0.0
  0
LINE
  5
497
330
1F
100
AcDbEntity
  8
0
  6
DASHED
 62
     5
370
     0
100
AcDbLine
 10
2490.535363933024
 20
1703.63714845136
 30
0.0
 11
2483.439402048138
 21
1664.271588313995
 31
0.0
  0
ARC
  5
498
330
1F
100
AcDbEntity
  8
0
  6
DASHED
 62
     5
370
     0
100
AcDbCircle
 10
3630.351240695814
 20
2315.77369436891
 30
0.0
 40
10.20000000001242
100
AcDbArc
 50
112.0811149071676
 51
191.9751149060438
  0
LINE
  5
499
330
1F
100
AcDbEntity
  8
0
  6
DASHED
 62
     5
370
     0
100
AcDbLine
 10
3664.100915461296
 20
2340.472052888928
 30
0.0
 11
3626.516868402057
 21
2325.225550753401
 31
0.0
  0
ARC
  5
49A
330
1F
100
AcDbEntity
  8
0
  6
DASHED
 62
     5
370
     0
100
AcDbCircle
 10
3660.266543167538
 20
2349.92390927343
 30
0.0
 40
10.20000000001429
100
AcDbArc
 50
292.0811149071676
 51
11.97511490585432
  0
LINE
  5
49B
330
1F
100
AcDbEntity
  8
0
  6
DASHED
 62
     5
370
     0
100
AcDbLine
 10
3623.435538744914
 20
2572.730724952873
 30
0.0
 11
3670.244568830514
 21
2352.040274995374
 31
0.0
  0
ARC
  5
49C
330
1F
100
AcDbEntity
  8
0
  6
DASHED
 62
     5
370
     0
100
AcDbCircle
 10
3613.457595499621
 20
2570.614464425695
 30
0.0
 40
10.19989754972442
100
AcDbArc
 50
11.97463291498142
 51
91.86959689808023
  0
LINE
  5
49D
330
1F
100
AcDbEntity
  8
0
  6
DASHED
 62
     5
370
     0
100
AcDbLine
 10
3572.587614278262
 20
2579.485708177812
 30
0.0
 11
3613.124825563409
 21
2580.808932248706
 31
0.0
  0
ARC
  5
49E
330
1F
100
AcDbEntity
  8
0
  6
DASHED
 62
     5
370
     0
100
AcDbCircle
 10
3572.254926759761
 20
2589.68028119561
 30
0.0
 40
10.20000000000496
100
AcDbArc
 50
195.9644753033481
 51
271.8691149064572
  0
ARC
  5
49F
330
1F
100
AcDbEntity
  8
0
  6
DASHED
 62
     5
370
     0
100
AcDbCircle
 10
3671.64388826543
 20
2610.760943680964
 30
0.0
 40
10.20000000000253
100
AcDbArc
 50
292.0811149071676
 51
8.253117370718925
  0
LINE
  5
4A0
330
1F
100
AcDbEntity
  8
0
  6
DASHED
 62
     5
370
     0
100
AcDbLine
 10
3637.894213499949
 20
2586.06258516095
 30
0.0
 11
3675.478260559187
 21
2601.309087296473
 31
0.0
  0
ARC
  5
4A1
330
1F
100
AcDbEntity
  8
0
  6
DASHED
 62
     5
370
     0
100
AcDbCircle
 10
3641.728585793706
 20
2576.610728776453
 30
0.0
 40
10.20000000000717
100
AcDbArc
 50
112.0811149071676
 51
191.9751149058543
  0
LINE
  5
4A2
330
1F
100
AcDbEntity
  8
0
  6
DASHED
 62
     5
370
     0
100
AcDbLine
 10
3678.559590216329
 20
2353.803913097005
 30
0.0
 11
3631.750560130702
 21
2574.494363054508
 31
0.0
  0
ARC
  5
4A3
330
1F
100
AcDbEntity
  8
0
  6
DASHED
 62
     5
370
     0
100
AcDbCircle
 10
3688.537533461593
 20
2355.920173624187
 30
0.0
 40
10.19989754972442
100
AcDbArc
 50
191.9746329149814
 51
271.8695968980802
  0
LINE
  5
4A4
330
1F
100
AcDbEntity
  8
0
  6
DASHED
 62
     5
370
     0
100
AcDbLine
 10
3729.407514682951
 20
2347.048929872062
 30
0.0
 11
3688.870303397806
 21
2345.725705801173
 31
0.0
  0
ARC
  5
4A5
330
1F
100
AcDbEntity
  8
0
  6
DASHED
 62
     5
370
     0
100
AcDbCircle
 10
3729.740202201482
 20
2336.854356854279
 30
0.0
 40
10.19999999999633
100
AcDbArc
 50
11.97511490604389
 51
91.86911490645726
  0
LINE
  5
4A6
330
1F
100
AcDbEntity
  8
0
  6
DASHED
 62
     5
370
     0
100
AcDbLine
 10
3620.37321503284
 20
2313.657328646955
 30
0.0
 11
3739.718227864456
 21
2338.970722576242
 31
0.0
  0
LINE
  5
4A9
330
1F
100
AcDbEntity
  8
0
  6
DASHED
 62
     5
370
     0
100
AcDbLine
 10
3738.7399892716
 20
2338.763239431066
 30
0.0
 11
3621.351358134282
 21
2313.865262009085
 31
0.0
  0
LINE
  5
4AA
330
1F
100
AcDbEntity
  8
0
  6
DASHED
 62
     5
370
     0
100
AcDbLine
 10
3621.351358134282
 20
2313.865262009085
 30
0.0
 11
3627.57585248978
 21
2284.518104224755
 31
0.0
  0
LINE
  5
4AB
330
1F
100
AcDbEntity
  8
0
  6
DASHED
 62
     5
370
     0
100
AcDbLine
 10
3627.57585248978
 20
2284.518104224755
 30
0.0
 11
3744.964483627099
 21
2309.416081646736
 31
0.0
  0
LINE
  5
4AC
330
1F
100
AcDbEntity
  8
0
  6
DASHED
 62
     5
370
     0
100
AcDbLine
 10
3744.964483627099
 20
2309.416081646736
 30
0.0
 11
3738.7399892716
 21
2338.763239431066
 31
0.0
  0
LINE
  5
4AD
330
1F
100
AcDbEntity
  8
0
  6
DASHED
 62
     5
370
     0
100
AcDbLine
 10
2107.384820282237
 20
1732.024751478338
 30
0.0
 11
2105.779431892774
 21
1982.019596881435
 31
0.0
  0
LINE
  5
4AE
330
1F
100
AcDbEntity
  8
0
  6
DASHED
 62
     5
370
     0
100
AcDbLine
 10
2085.779844260524
 20
1981.891165810279
 30
0.0
 11
2087.385232649987
 21
1731.896320407182
 31
0.0
  0
LINE
  5
4AF
330
1F
100
AcDbEntity
  8
0
  6
DASHED
 62
     5
370
     0
100
AcDbLine
 10
2157.64065150519
 20
1692.34665389174
 30
0.0
 11
2157.383789362862
 21
1732.345829156233
 31
0.0
  0
LINE
  5
4B0
330
1F
100
AcDbEntity
  8
0
  6
DASHED
 62
     5
370
     0
100
AcDbLine
 10
2157.383789362862
 20
1732.345829156233
 30
0.0
 11
2037.386263569391
 21
1731.575242729281
 31
0.0
  0
LINE
  5
4B1
330
1F
100
AcDbEntity
  8
0
  6
DASHED
 62
     5
370
     0
100
AcDbLine
 10
2037.386263569391
 20
1731.575242729284
 30
0.0
 11
2037.643125711689
 21
1691.576067464788
 31
0.0
  0
LINE
  5
4B2
330
1F
100
AcDbEntity
  8
0
  6
DASHED
 62
     5
370
     0
100
AcDbLine
 10
4075.788289205587
 20
2377.722055053184
 30
0.0
 11
3956.084543099461
 21
2369.295123929727
 31
0.0
  0
LINE
  5
4B3
330
1F
100
AcDbEntity
  8
0
  6
DASHED
 62
     5
370
     0
100
AcDbLine
 10
3956.084543099461
 20
2369.295123929727
 30
0.0
 11
3958.191275880303
 21
2339.369187403196
 31
0.0
  0
LINE
  5
4B4
330
1F
100
AcDbEntity
  8
0
  6
DASHED
 62
     5
370
     0
100
AcDbLine
 10
3958.191275880332
 20
2339.369187403196
 30
0.0
 11
4077.895021986458
 21
2347.796118526652
 31
0.0
  0
LINE
  5
4B5
330
1F
100
AcDbEntity
  8
0
  6
DASHED
 62
     5
370
     0
100
AcDbLine
 10
4077.895021986458
 20
2347.796118526652
 30
0.0
 11
4075.788289205587
 21
2377.722055053184
 31
0.0
  0
LINE
  5
4B8
330
1F
100
AcDbEntity
  8
0
  6
DASHED
 62
     5
370
     0
100
AcDbLine
 10
1712.231808311521
 20
1659.319135334934
 30
0.0
 11
1704.630865968396
 21
1698.590316568721
 31
0.0
  0
LINE
  5
4B9
330
1F
100
AcDbEntity
  8
0
  6
DASHED
 62
     5
370
     0
100
AcDbLine
 10
1704.630865968396
 20
1698.590316568721
 30
0.0
 11
1586.817322267056
 21
1675.787489539407
 31
0.0
  0
LINE
  5
4BA
330
1F
100
AcDbEntity
  8
0
  6
DASHED
 62
     5
370
     0
100
AcDbLine
 10
1586.817322267056
 20
1675.787489539407
 30
0.0
 11
1594.41826461015
 21
1636.516308305619
 31
0.0
  0
ARC
  5
4BB
330
1F
100
AcDbEntity
  8
0
  6
DASHED
 62
     5
370
     0
100
AcDbCircle
 10
4303.936105519047
 20
2377.075300323921
 30
0.0
 40
10.2000000000067
100
AcDbArc
 50
96.07937898169673
 51
175.9733789810768
  0
LINE
  5
4BC
330
1F
100
AcDbEntity
  8
0
  6
DASHED
 62
     5
370
     0
100
AcDbLine
 10
4343.186602803597
 20
2391.513026019986
 30
0.0
 11
4302.855862303646
 21
2387.217936795556
 31
0.0
  0
ARC
  5
4BD
330
1F
100
AcDbEntity
  8
0
  6
DASHED
 62
     5
370
     0
100
AcDbCircle
 10
4342.106359588195
 20
2401.655662491621
 30
0.0
 40
10.20000000001173
100
AcDbArc
 50
276.0793789816967
 51
355.9733789810768
  0
LINE
  5
4BE
330
1F
100
AcDbEntity
  8
0
  6
DASHED
 62
     5
370
     0
100
AcDbLine
 10
4368.122803926273
 20
2625.982532536206
 30
0.0
 11
4352.281181214851
 21
2400.939418911576
 31
0.0
  0
ARC
  5
4BF
330
1F
100
AcDbEntity
  8
0
  6
DASHED
 62
     5
370
     0
100
AcDbCircle
 10
4357.948090522588
 20
2626.698854515273
 30
0.0
 40
10.19989754973749
100
AcDbArc
 50
355.9728969900135
 51
75.86786097133674
  0
LINE
  5
4C0
330
1F
100
AcDbEntity
  8
0
  6
DASHED
 62
     5
370
     0
100
AcDbLine
 10
4321.10718892536
 20
2646.49285108613
 30
0.0
 11
4360.438487364947
 21
2636.590054320792
 31
0.0
  0
ARC
  5
4C1
330
1F
100
AcDbEntity
  8
0
  6
DASHED
 62
     5
370
     0
100
AcDbCircle
 10
4323.597693990692
 20
2656.384129290682
 30
0.0
 40
10.20000000001771
100
AcDbArc
 50
179.9934628131746
 51
255.8673789807815
  0
ARC
  5
4C2
330
1F
100
AcDbEntity
  8
0
  6
DASHED
 62
     5
370
     0
100
AcDbCircle
 10
4424.946897644326
 20
2649.249781473818
 30
0.0
 40
10.1999999999925
100
AcDbArc
 50
276.0793789816967
 51
352.2820482548691
  0
LINE
  5
4C3
330
1F
100
AcDbEntity
  8
0
  6
DASHED
 62
     5
370
     0
100
AcDbLine
 10
4385.696400359747
 20
2634.812055777768
 30
0.0
 11
4426.027140859698
 21
2639.107145002194
 31
0.0
  0
ARC
  5
4C4
330
1F
100
AcDbEntity
  8
0
  6
DASHED
 62
     5
370
     0
100
AcDbCircle
 10
4386.776643575148
 20
2624.669419306136
 30
0.0
 40
10.20000000000421
100
AcDbArc
 50
96.07937898169673
 51
175.9733789810768
  0
LINE
  5
4C5
330
1F
100
AcDbEntity
  8
0
  6
DASHED
 62
     5
370
     0
100
AcDbLine
 10
4360.760199237071
 20
2400.342549261548
 30
0.0
 11
4376.601821948492
 21
2625.385662886174
 31
0.0
  0
ARC
  5
4C6
330
1F
100
AcDbEntity
  8
0
  6
DASHED
 62
     5
370
     0
100
AcDbCircle
 10
4370.934912640755
 20
2399.626227282488
 30
0.0
 40
10.19989754974455
100
AcDbArc
 50
175.9728969900654
 51
255.8678609713366
  0
LINE
  5
4C7
330
1F
100
AcDbEntity
  8
0
  6
DASHED
 62
     5
370
     0
100
AcDbLine
 10
4407.775814237984
 20
2379.832230711623
 30
0.0
 11
4368.444515798397
 21
2389.735027476961
 31
0.0
  0
ARC
  5
4C8
330
1F
100
AcDbEntity
  8
0
  6
DASHED
 62
     5
370
     0
100
AcDbCircle
 10
4405.285309172681
 20
2369.940952507072
 30
0.0
 40
10.20000000001058
100
AcDbArc
 50
355.9733789810768
 51
75.86737898078148
  0
LINE
  5
4C9
330
1F
100
AcDbEntity
  8
0
  6
DASHED
 62
     5
370
     0
100
AcDbLine
 10
4293.76128389239
 20
2377.791543903966
 30
0.0
 11
4415.460130799337
 21
2369.224708927041
 31
0.0
  0
LINE
  5
4CA
330
1F
100
AcDbEntity
  8
0
  6
DASHED
 62
     5
370
     0
100
AcDbLine
 10
2157.64065150519
 20
1692.34665389174
 30
0.0
 11
2157.383789362862
 21
1732.345829156233
 31
0.0
  0
LINE
  5
4CB
330
1F
100
AcDbEntity
  8
0
  6
DASHED
 62
     5
370
     0
100
AcDbLine
 10
2157.383789362862
 20
1732.345829156233
 30
0.0
 11
2037.386263569391
 21
1731.575242729281
 31
0.0
  0
LINE
  5
4CC
330
1F
100
AcDbEntity
  8
0
  6
DASHED
 62
     5
370
     0
100
AcDbLine
 10
2037.386263569391
 20
1731.575242729284
 30
0.0
 11
2037.643125711689
 21
1691.576067464788
 31
0.0
  0
LINE
  5
4CD
330
1F
100
AcDbEntity
  8
0
  6
DASHED
 62
     5
370
     0
100
AcDbLine
 10
1655.541889426164
 20
1689.089138639838
 30
0.0
 11
1608.035999781783
 21
1934.534021350997
 31
0.0
  0
LINE
  5
4CE
330
1F
100
AcDbEntity
  8
0
  6
DASHED
 62
     5
370
     0
100
AcDbLine
 10
1588.400409164878
 20
1930.733550179446
 30
0.0
 11
1635.906298809288
 21
1685.288667468286
 31
0.0
  0
LINE
  5
4CF
330
1F
100
AcDbEntity
  8
0
  6
DASHED
 62
     5
370
     0
100
AcDbLine
 10
2601.536082460236
 20
1642.983702659343
 30
0.0
 11
2608.632044345123
 21
1682.349262796704
 31
0.0
  0
LINE
  5
4D0
330
1F
100
AcDbEntity
  8
0
  6
DASHED
 62
     5
370
     0
100
AcDbLine
 10
2608.632044345123
 20
1682.349262796704
 30
0.0
 11
2490.535363933024
 21
1703.63714845136
 31
0.0
  0
LINE
  5
4D1
330
1F
100
AcDbEntity
  8
0
  6
DASHED
 62
     5
370
     0
100
AcDbLine
 10
2490.535363933024
 20
1703.63714845136
 30
0.0
 11
2483.439402048138
 21
1664.271588313995
 31
0.0
  0
ARC
  5
4D2
330
1F
100
AcDbEntity
  8
0
  6
DASHED
 62
     5
370
     0
100
AcDbCircle
 10
3965.261866872005
 20
2369.940669178157
 30
0.0
 40
10.19999999999246
100
AcDbArc
 50
104.1331444835409
 51
184.0271444840368
  0
LINE
  5
4D3
330
1F
100
AcDbEntity
  8
0
  6
DASHED
 62
     5
370
     0
100
AcDbLine
 10
4002.102479402362
 20
2389.735080731634
 30
0.0
 11
3962.77127143826
 21
2379.831924628559
 31
0.0
  0
ARC
  5
4D4
330
1F
100
AcDbEntity
  8
0
  6
DASHED
 62
     5
370
     0
100
AcDbCircle
 10
3999.61188396859
 20
2399.626336182036
 30
0.0
 40
10.19999999998736
100
AcDbArc
 50
284.1331444835409
 51
4.02714448403685
  0
LINE
  5
4D5
330
1F
100
AcDbEntity
  8
0
  6
DASHED
 62
     5
370
     0
100
AcDbLine
 10
3993.943020304034
 20
2625.385641604329
 30
0.0
 11
4009.786699051074
 21
2400.342672721139
 31
0.0
  0
ARC
  5
4D6
330
1F
100
AcDbEntity
  8
0
  6
DASHED
 62
     5
370
     0
100
AcDbCircle
 10
3983.768301393235
 20
2624.669397853321
 30
0.0
 40
10.1998975497099
100
AcDbArc
 50
4.026662492834641
 51
83.92162647589499
  0
LINE
  5
4D7
330
1F
100
AcDbEntity
  8
0
  6
DASHED
 62
     5
370
     0
100
AcDbLine
 10
3944.517576032851
 20
2639.106672160751
 30
0.0
 11
3984.848355771866
 21
2634.811951405746
 31
0.0
  0
ARC
  5
4D8
330
1F
100
AcDbEntity
  8
0
  6
DASHED
 62
     5
370
     0
100
AcDbCircle
 10
3945.597726583171
 20
2649.249318501263
 30
0.0
 40
10.20000000000875
100
AcDbArc
 50
187.715310171221
 51
263.9211444837341
  0
ARC
  5
4D9
330
1F
100
AcDbEntity
  8
0
  6
DASHED
 62
     5
370
     0
100
AcDbCircle
 10
4046.946865051789
 20
2656.384592263234
 30
0.0
 40
10.20000000001368
100
AcDbArc
 50
284.1331444835409
 51
0.0039447374259887
  0
LINE
  5
4DA
330
1F
100
AcDbEntity
  8
0
  6
DASHED
 62
     5
370
     0
100
AcDbLine
 10
4010.106252521489
 20
2636.590180709746
 30
0.0
 11
4049.437460485592
 21
2646.493336812817
 31
0.0
  0
ARC
  5
4DB
330
1F
100
AcDbEntity
  8
0
  6
DASHED
 62
     5
370
     0
100
AcDbCircle
 10
4012.596847955263
 20
2626.698925259343
 30
0.0
 40
10.19999999998736
100
AcDbArc
 50
104.1331444835409
 51
184.0271444840368
  0
LINE
  5
4DC
330
1F
100
AcDbEntity
  8
0
  6
DASHED
 62
     5
370
     0
100
AcDbLine
 10
4018.265711619817
 20
2400.939619837051
 30
0.0
 11
4002.422032872777
 21
2625.982588720241
 31
0.0
  0
ARC
  5
4DD
330
1F
100
AcDbEntity
  8
0
  6
DASHED
 62
     5
370
     0
100
AcDbCircle
 10
4028.440430530618
 20
2401.65586358806
 30
0.0
 40
10.1998975497099
100
AcDbArc
 50
184.0266624927956
 51
263.921626475895
  0
LINE
  5
4DE
330
1F
100
AcDbEntity
  8
0
  6
DASHED
 62
     5
370
     0
100
AcDbLine
 10
4067.691155891001
 20
2387.218589280625
 30
0.0
 11
4027.360376151986
 21
2391.513310035634
 31
0.0
  0
ARC
  5
4DF
330
1F
100
AcDbEntity
  8
0
  6
DASHED
 62
     5
370
     0
100
AcDbCircle
 10
4066.611005340683
 20
2377.075942940106
 30
0.0
 40
10.20000000000913
100
AcDbArc
 50
4.02714448403685
 51
83.92114448373403
  0
LINE
  5
4E0
330
1F
100
AcDbEntity
  8
0
  6
DASHED
 62
     5
370
     0
100
AcDbLine
 10
3955.087051789547
 20
2369.224332639058
 30
0.0
 11
4076.785820423167
 21
2377.792279479212
 31
0.0
  0
LINE
  5
4E1
330
1F
100
AcDbEntity
  8
0
  6
DASHED
 62
     5
370
     0
100
AcDbLine
 10
2107.384820282237
 20
1732.024751478338
 30
0.0
 11
2105.779431892774
 21
1982.019596881435
 31
0.0
  0
LINE
  5
4E2
330
1F
100
AcDbEntity
  8
0
  6
DASHED
 62
     5
370
     0
100
AcDbLine
 10
2085.779844260524
 20
1981.891165810279
 30
0.0
 11
2087.385232649987
 21
1731.896320407182
 31
0.0
  0
LINE
  5
4E6
330
1F
100
AcDbEntity
  8
0
  6
DASHED
 62
     5
370
     0
100
AcDbLine
 10
1655.541889426164
 20
1689.089138639838
 30
0.0
 11
1608.035999781783
 21
1934.534021350997
 31
0.0
  0
LINE
  5
4E7
330
1F
100
AcDbEntity
  8
0
  6
DASHED
 62
     5
370
     0
100
AcDbLine
 10
1588.400409164878
 20
1930.733550179446
 30
0.0
 11
1635.906298809288
 21
1685.288667468286
 31
0.0
  0
CIRCLE
  5
4E8
330
1F
100
AcDbEntity
  8
0
  6
Continuous
 62
     3
370
     0
100
AcDbCircle
 10
1398.875045003875
 20
2282.390633865043
 30
0.0
 40
22.0
  0
CIRCLE
  5
4E9
330
1F
100
AcDbEntity
  8
0
  6
Continuous
 62
     3
370
     0
100
AcDbCircle
 10
1778.17627863849
 20
2345.229332215689
 30
0.0
 40
22.0
  0
CIRCLE
  5
4EA
330
1F
100
AcDbEntity
  8
0
  6
Continuous
 62
     3
370
     0
100
AcDbCircle
 10
2162.622254414815
 20
2349.6360949875
 30
0.0
 40
22.0
  0
CIRCLE
  5
4EB
330
1F
100
AcDbEntity
  8
0
  6
Continuous
 62
     3
370
     0
100
AcDbCircle
 10
2315.835917482658
 20
2334.968932500682
 30
0.0
 40
22.0
  0
CIRCLE
  5
4EC
330
1F
100
AcDbEntity
  8
0
  6
Continuous
 62
     3
370
     0
100
AcDbCircle
 10
2618.15255151402
 20
2277.745772663437
 30
0.0
 40
22.0
  0
CIRCLE
  5
4ED
330
1F
100
AcDbEntity
  8
0
  6
Continuous
 62
     3
370
     0
100
AcDbCircle
 10
2713.506569069588
 20
1719.461361238564
 30
0.0
 40
22.0
  0
CIRCLE
  5
4EE
330
1F
100
AcDbEntity
  8
0
  6
Continuous
 62
     3
370
     0
100
AcDbCircle
 10
2334.205336915486
 20
1782.300068525733
 30
0.0
 40
22.0
  0
CIRCLE
  5
4EF
330
1F
100
AcDbEntity
  8
0
  6
Continuous
 62
     3
370
     0
100
AcDbCircle
 10
1949.759361243003
 20
1786.706840355278
 30
0.0
 40
22.0
  0
CIRCLE
  5
4F0
330
1F
100
AcDbEntity
  8
0
  6
Continuous
 62
     3
370
     0
100
AcDbCircle
 10
1796.54569782958
 20
1772.039681478252
 30
0.0
 40
22.0
  0
CIRCLE
  5
4F1
330
1F
100
AcDbEntity
  8
0
  6
Continuous
 62
     3
370
     0
100
AcDbCircle
 10
1494.229062450013
 20
1714.816528763736
 30
0.0
 40
22.0
  0
CIRCLE
  5
4F2
330
1F
100
AcDbEntity
  8
0
  6
Continuous
 62
     3
370
     0
100
AcDbCircle
 10
3445.622985371662
 20
2358.423812839157
 30
0.0
 40
22.0
  0
CIRCLE
  5
4F3
330
1F
100
AcDbEntity
  8
0
  6
Continuous
 62
     3
370
     0
100
AcDbCircle
 10
3836.116850631641
 20
2445.110266188591
 30
0.0
 40
22.0
  0
CIRCLE
  5
4F4
330
1F
100
AcDbEntity
  8
0
  6
Continuous
 62
     3
370
     0
100
AcDbCircle
 10
4185.271887784395
 20
2469.415821744147
 30
0.0
 40
22.0
  0
CIRCLE
  5
4F5
330
1F
100
AcDbEntity
  8
0
  6
Continuous
 62
     3
370
     0
100
AcDbCircle
 10
4534.426924937152
 20
2445.110266188591
 30
0.0
 40
22.0
  0
CIRCLE
  5
4F6
330
1F
100
AcDbEntity
  8
0
  6
Continuous
 62
     3
370
     0
100
AcDbCircle
 10
4924.920790197163
 20
2358.423812839157
 30
0.0
 40
22.0
  0
ARC
  5
4FF
330
1F
100
AcDbEntity
  8
0
  6
Continuous
 62
     3
370
     0
100
AcDbCircle
 10
1999.199299707525
 20
-165.0595565547682
 30
0.0
 40
2710.000000000853
100
AcDbArc
 50
70.16362508845268
 51
107.1822618715813
  0
ARC
  5
500
330
1F
100
AcDbEntity
  8
0
  6
Continuous
 62
     3
370
     0
100
AcDbCircle
 10
1999.19904519325
 20
-165.0593994083501
 30
0.0
 40
2419.999999999995
100
AcDbArc
 50
72.9495153784831
 51
107.0504846215169
  0
ARC
  5
501
330
1F
100
AcDbEntity
  8
0
  6
Continuous
 62
     3
370
     0
100
AcDbCircle
 10
2113.182234369427
 20
-727.988789985944
 30
0.0
 40
2710.0
100
AcDbArc
 50
72.81773677833226
 51
109.8363735616291
  0
ARC
  5
502
330
1F
100
AcDbEntity
  8
0
  6
Continuous
 62
     3
370
     0
100
AcDbCircle
 10
2113.182488883485
 20
-727.9886328403681
 30
0.0
 40
2420.0
100
AcDbArc
 50
72.94951402848031
 51
107.0504832715146
  0
ARC
  5
505
330
1F
100
AcDbEntity
  8
0
  6
Continuous
 62
     3
370
     0
100
AcDbCircle
 10
4185.272231187972
 20
-50.58417342804933
 30
0.0
 40
2710.000000000127
100
AcDbArc
 50
70.44649211009531
 51
109.5534945806736
  0
ARC
  5
51C
330
1F
100
AcDbEntity
  8
0
  6
Continuous
 62
     3
370
     0
100
AcDbCircle
 10
11877.67059217307
 20
244.4494673360205
 30
0.0
 40
2710.000000003311
100
AcDbArc
 50
87.29011693096429
 51
90.0
  0
ARC
  5
51D
330
1F
100
AcDbEntity
  8
0
  6
Continuous
 62
     3
370
     0
100
AcDbCircle
 10
12015.99600632148
 20
2951.418244226236
 30
0.0
 40
10.20000000001907
100
AcDbArc
 50
179.9959336306783
 51
255.8671223954574
  0
LINE
  5
51E
330
1F
100
AcDbEntity
  8
0
  6
Continuous
 62
     3
370
     0
100
AcDbLine
 10
12052.83671105242
 20
2931.624004274011
 30
0.0
 11
12013.50545696051
 21
2941.526977174898
 31
0.0
  0
ARC
  5
51F
330
1F
100
AcDbEntity
  8
0
  6
Continuous
 62
     3
370
     0
100
AcDbCircle
 10
12050.34616169145
 20
2921.732737222673
 30
0.0
 40
10.20000000001393
100
AcDbArc
 50
355.9731223959781
 51
75.86712239545744
  0
LINE
  5
520
330
1F
100
AcDbEntity
  8
0
  6
Continuous
 62
     3
370
     0
100
AcDbLine
 10
12044.67834959838
 20
2695.973405397684
 30
0.0
 11
12060.52098011047
 21
2921.016448077194
 31
0.0
  0
ARC
  5
521
330
1F
100
AcDbEntity
  8
0
  6
Continuous
 62
     3
370
     0
100
AcDbCircle
 10
12034.50362735145
 20
2696.689601755553
 30
0.0
 40
10.19989754973525
100
AcDbArc
 50
276.0786404047753
 51
355.9736043869414
  0
LINE
  5
522
330
1F
100
AcDbEntity
  8
0
  6
Continuous
 62
     3
370
     0
100
AcDbLine
 10
11995.25296923935
 20
2682.252144621064
 30
0.0
 11
12035.5837289734
 21
2686.547053234031
 31
0.0
  0
ARC
  5
523
330
1F
100
AcDbEntity
  8
0
  6
Continuous
 62
     3
370
     0
100
AcDbCircle
 10
11996.33316703339
 20
2672.10950331191
 30
0.0
 40
10.200000000016
100
AcDbArc
 50
96.07912239549833
 51
176.3684727569247
  0
LINE
  5
524
330
1F
100
AcDbEntity
  8
0
  6
Continuous
 62
     3
370
     0
100
AcDbLine
 10
11915.17059217306
 20
2672.75556803151
 30
0.0
 11
11986.15364836215
 21
2672.75556803151
 31
0.0
  0
LINE
  5
525
330
1F
100
AcDbEntity
  8
0
  6
Continuous
 62
     3
370
     0
100
AcDbLine
 10
11915.17059217306
 20
2802.730880206903
 30
0.0
 11
11915.17059217306
 21
2672.75556803151
 31
0.0
  0
LINE
  5
526
330
1F
100
AcDbEntity
  8
0
  6
Continuous
 62
     3
370
     0
100
AcDbLine
 10
11840.17059217306
 20
2802.730880206903
 30
0.0
 11
11915.17059217306
 21
2802.730880206903
 31
0.0
  0
LINE
  5
527
330
1F
100
AcDbEntity
  8
0
  6
Continuous
 62
     3
370
     0
100
AcDbLine
 10
11840.17059217306
 20
2672.755568031394
 30
0.0
 11
11840.17059217306
 21
2802.730880206903
 31
0.0
  0
LINE
  5
528
330
1F
100
AcDbEntity
  8
0
  6
Continuous
 62
     3
370
     0
100
AcDbLine
 10
11769.18753598396
 20
2672.75556803151
 30
0.0
 11
11840.17059217306
 21
2672.755568031394
 31
0.0
  0
ARC
  5
529
330
1F
100
AcDbEntity
  8
0
  6
Continuous
 62
     3
370
     0
100
AcDbCircle
 10
11759.00801731271
 20
2672.10950331191
 30
0.0
 40
10.20000000002125
100
AcDbArc
 50
3.6315272430753
 51
83.92087760450168
  0
LINE
  5
52A
330
1F
100
AcDbEntity
  8
0
  6
Continuous
 62
     3
370
     0
100
AcDbLine
 10
11719.75745537271
 20
2686.547053234031
 30
0.0
 11
11760.08821510676
 21
2682.252144621064
 31
0.0
  0
ARC
  5
52B
330
1F
100
AcDbEntity
  8
0
  6
Continuous
 62
     3
370
     0
100
AcDbCircle
 10
11720.83755699466
 20
2696.689601755553
 30
0.0
 40
10.19989754973808
100
AcDbArc
 50
184.0263956130586
 51
263.9213595952246
  0
LINE
  5
52C
330
1F
100
AcDbEntity
  8
0
  6
Continuous
 62
     3
370
     0
100
AcDbLine
 10
11694.82020423562
 20
2921.016448077208
 30
0.0
 11
11710.66283474772
 21
2695.973405397684
 31
0.0
  0
ARC
  5
52D
330
1F
100
AcDbEntity
  8
0
  6
Continuous
 62
     3
370
     0
100
AcDbCircle
 10
11704.99502265466
 20
2921.73273722268
 30
0.0
 40
10.20000000001554
100
AcDbArc
 50
104.1328776045425
 51
184.0268776040218
  0
LINE
  5
52E
330
1F
100
AcDbEntity
  8
0
  6
Continuous
 62
     3
370
     0
100
AcDbLine
 10
11741.83572738562
 20
2941.526977174902
 30
0.0
 11
11702.50447329369
 21
2931.624004274015
 31
0.0
  0
ARC
  5
52F
330
1F
100
AcDbEntity
  8
0
  6
Continuous
 62
     3
370
     0
100
AcDbCircle
 10
11739.34517802468
 20
2951.418244226204
 30
0.0
 40
10.19999999997234
100
AcDbArc
 50
284.1328776045425
 51
0.0040663695300776
  0
ARC
  5
530
330
1F
100
AcDbEntity
  8
0
  6
Continuous
 62
     3
370
     0
100
AcDbCircle
 10
11877.67059217317
 20
244.4494673363224
 30
0.0
 40
2710.000000003012
100
AcDbArc
 50
90.0
 51
92.70988306903573
  0
ARC
  5
531
330
1F
100
AcDbEntity
  8
0
  6
Continuous
 62
     3
370
     0
100
AcDbCircle
 10
11879.81611701866
 20
249.4234193097764
 30
0.0
 40
2559.999999999921
100
AcDbArc
 50
94.14836513899357
 51
101.9737275672172
  0
LINE
  5
532
330
1F
100
AcDbEntity
  8
0
  6
Continuous
 62
     3
370
     0
100
AcDbLine
 10
11324.1487594366
 20
2869.528214082574
 30
0.0
 11
11348.71045627237
 21
2753.725073887922
 31
0.0
  0
ARC
  5
533
330
1F
100
AcDbEntity
  8
0
  6
Continuous
 62
     3
370
     0
100
AcDbCircle
 10
11334.12679308327
 20
2871.644542163446
 30
0.0
 40
10.19999999999714
100
AcDbArc
 50
112.0808987640276
 51
191.974898764002
  0
LINE
  5
534
330
1F
100
AcDbEntity
  8
0
  6
Continuous
 62
     3
370
     0
100
AcDbLine
 10
11367.87656102053
 20
2896.34277336612
 30
0.0
 11
11330.29245644571
 21
2881.09641301264
 31
0.0
  0
ARC
  5
535
330
1F
100
AcDbEntity
  8
0
  6
Continuous
 62
     3
370
     0
100
AcDbCircle
 10
11364.04222438297
 20
2905.79464421531
 30
0.0
 40
10.19999999999449
100
AcDbArc
 50
292.0808987640277
 51
8.252981068304883
  0
ARC
  5
536
330
1F
100
AcDbEntity
  8
0
  6
Continuous
 62
     3
370
     0
100
AcDbCircle
 10
11877.67059217319
 20
244.4494673384179
 30
0.0
 40
2710.000000000921
100
AcDbArc
 50
95.28848954524608
 51
100.7081219743702
  0
ARC
  5
537
330
1F
100
AcDbEntity
  8
0
  6
Continuous
 62
     3
370
     0
100
AcDbCircle
 10
11637.99600632147
 20
2944.283442541698
 30
0.0
 40
10.20000000000171
100
AcDbArc
 50
187.7178528308785
 51
263.9208776040825
  0
LINE
  5
538
330
1F
100
AcDbEntity
  8
0
  6
Continuous
 62
     3
370
     0
100
AcDbLine
 10
11677.24656826147
 20
2929.845892619594
 30
0.0
 11
11636.91580852743
 21
2934.140801232564
 31
0.0
  0
ARC
  5
539
330
1F
100
AcDbEntity
  8
0
  6
Continuous
 62
     3
370
     0
100
AcDbCircle
 10
11676.16646663954
 20
2919.703344098088
 30
0.0
 40
10.19989754972292
100
AcDbArc
 50
4.026395613058645
 51
83.9213595952247
  0
LINE
  5
53A
330
1F
100
AcDbEntity
  8
0
  6
Continuous
 62
     3
370
     0
100
AcDbLine
 10
11694.62728024307
 20
2802.716409691665
 30
0.0
 11
11686.34118888645
 21
2920.419540455951
 31
0.0
  0
LINE
  5
53B
330
1F
100
AcDbEntity
  8
0
  6
Continuous
 62
     3
370
     0
100
AcDbLine
 10
10333.76869639444
 20
2159.643413756247
 30
0.0
 11
10265.86978734104
 21
2246.550034395177
 31
0.0
  0
ARC
  5
53C
330
1F
100
AcDbEntity
  8
0
  6
Continuous
 62
     3
370
     0
100
AcDbCircle
 10
11877.67056054406
 20
244.4496809877164
 30
0.0
 40
2460.000000032627
100
AcDbArc
 50
128.8734514488264
 51
129.9527350562709
  0
LINE
  5
53D
330
1F
100
AcDbEntity
  8
0
  6
Continuous
 62
     3
370
     0
100
AcDbLine
 10
10297.48459707358
 20
2130.772216462703
 30
0.0
 11
10297.96813173359
 21
2130.222794745264
 31
0.0
  0
LINE
  5
53E
330
1F
100
AcDbEntity
  8
0
  6
Continuous
 62
     3
370
     0
100
AcDbLine
 10
10259.95039672473
 20
2097.739145092151
 30
0.0
 11
10297.48459707358
 21
2130.772216462703
 31
0.0
  0
LINE
  5
53F
330
1F
100
AcDbEntity
  8
0
  6
Continuous
 62
     3
370
     0
100
AcDbLine
 10
10094.79727833764
 20
2285.396240741615
 30
0.0
 11
10259.95039672473
 21
2097.739145092152
 31
0.0
  0
ARC
  5
540
330
1F
100
AcDbEntity
  8
0
  6
Continuous
 62
     3
370
     0
100
AcDbCircle
 10
11877.67056052333
 20
244.4496810129495
 30
0.0
 40
2709.999999999969
100
AcDbArc
 50
120.9755279060928
 51
131.1389081124997
  0
LINE
  5
541
330
1F
100
AcDbEntity
  8
0
  6
Continuous
 62
     3
370
     0
100
AcDbLine
 10
10610.77634554912
 20
2353.164831993561
 30
0.0
 11
10482.90966861342
 21
2567.969006174353
 31
0.0
  0
LINE
  5
542
330
1F
100
AcDbEntity
  8
0
  6
Continuous
 62
     3
370
     0
100
AcDbLine
 10
10567.81232105401
 20
2327.589597895229
 30
0.0
 11
10610.77634554912
 21
2353.164831993562
 31
0.0
  0
LINE
  5
543
330
1F
100
AcDbEntity
  8
0
  6
Continuous
 62
     3
370
     0
100
AcDbLine
 10
10568.18670259656
 20
2326.960671579159
 30
0.0
 11
10567.81232105401
 21
2327.589597895229
 31
0.0
  0
ARC
  5
544
330
1F
100
AcDbEntity
  8
0
  6
Continuous
 62
     3
370
     0
100
AcDbCircle
 10
11877.67056052241
 20
244.4496810142446
 30
0.0
 40
2459.999999998383
100
AcDbArc
 50
122.161700102404
 51
127.1265612422434
  0
LINE
  5
545
330
1F
100
AcDbEntity
  8
0
  6
Continuous
 62
     3
370
     0
100
AcDbLine
 10
10324.97058874773
 20
2292.724651589981
 30
0.0
 11
10392.86949780114
 21
2205.818030951052
 31
0.0
  0
LINE
  5
546
330
1F
100
AcDbEntity
  8
0
  6
Continuous
 62
     3
370
     0
100
AcDbLine
 10
10265.86978734104
 20
2246.550034395178
 30
0.0
 11
10324.97058874773
 21
2292.724651589981
 31
0.0
  0
ARC
  5
556
330
1F
100
AcDbEntity
  8
0
  6
Continuous
 62
     3
370
     0
100
AcDbCircle
 10
11877.67044308173
 20
244.4494673394875
 30
0.0
 40
2709.999999999839
100
AcDbArc
 50
103.2867289599847
 51
109.5535167220969
  0
ARC
  5
557
330
1F
100
AcDbEntity
  8
0
  6
Continuous
 62
     3
370
     0
100
AcDbCircle
 10
11264.65303426208
 20
2884.7143566647
 30
0.0
 40
10.19999999999495
100
AcDbArc
 50
195.9667629816679
 51
271.8688987640179
  0
LINE
  5
558
330
1F
100
AcDbEntity
  8
0
  6
Continuous
 62
     3
370
     0
100
AcDbLine
 10
11305.52289959922
 20
2875.842853540398
 30
0.0
 11
11264.98568332262
 21
2874.51978239196
 31
0.0
  0
ARC
  5
559
330
1F
100
AcDbEntity
  8
0
  6
Continuous
 62
     3
370
     0
100
AcDbCircle
 10
11305.85563107785
 20
2865.648384462117
 30
0.0
 40
10.1998975497244
100
AcDbArc
 50
11.97441677285077
 51
91.86938075516446
  0
LINE
  5
55A
330
1F
100
AcDbEntity
  8
0
  6
Continuous
 62
     3
370
     0
100
AcDbLine
 10
11340.39817096357
 20
2751.947832840704
 30
0.0
 11
11315.83358230643
 21
2867.764607348521
 31
0.0
  0
LINE
  5
55B
330
1F
100
AcDbEntity
  8
0
  6
Continuous
 62
     3
370
     0
100
AcDbLine
 10
11340.39817096357
 20
2751.947832840704
 30
0.0
 11
10970.6681820682
 21
2467.18352718226
 31
0.0
  0
LINE
  5
55C
330
1F
100
AcDbEntity
  8
0
  6
Continuous
 62
     3
370
     0
100
AcDbLine
 10
10970.6681820682
 20
2467.18352718226
 30
0.0
 11
10970.6681820682
 21
2798.161843178919
 31
0.0
  0
LINE
  5
55D
330
1F
100
AcDbEntity
  8
0
  6
Continuous
 62
     3
370
     0
100
AcDbLine
 10
9867.769560847918
 20
1805.642215874335
 30
0.0
 11
9737.859551021685
 21
1907.370863983733
 31
0.0
  0
ARC
  5
55E
330
1F
100
AcDbEntity
  8
0
  6
Continuous
 62
     3
370
     0
100
AcDbCircle
 10
11877.6708117516
 20
244.4494080973582
 30
0.0
 40
2709.999999998862
100
AcDbArc
 50
142.1479832821239
 51
147.8433975003621
  0
ARC
  5
55F
330
1F
100
AcDbEntity
  8
0
  6
Continuous
 62
     3
370
     0
100
AcDbCircle
 10
11877.67051720846
 20
244.4493560185838
 30
0.0
 40
2420.000000008605
100
AcDbArc
 50
146.4009902730105
 51
148.7687529478125
  0
LINE
  5
560
330
1F
100
AcDbEntity
  8
0
  6
Continuous
 62
     3
370
     0
100
AcDbLine
 10
9600.475325207177
 20
1619.233248949914
 30
0.0
 11
9808.372997475629
 21
1499.203425495621
 31
0.0
  0
LINE
  5
561
330
1F
100
AcDbEntity
  8
0
  6
Continuous
 62
     3
370
     0
100
AcDbLine
 10
9583.394189849284
 20
1686.806777886933
 30
0.0
 11
9600.475325207181
 21
1619.233248949915
 31
0.0
  0
ARC
  5
562
330
1F
100
AcDbEntity
  8
0
  6
Continuous
 62
     3
370
     0
100
AcDbCircle
 10
11877.67051719916
 20
244.4493560246774
 30
0.0
 40
2544.999999997486
100
AcDbArc
 50
142.1616852128614
 51
146.4009902730105
  0
LINE
  5
563
330
1F
100
AcDbEntity
  8
0
  6
Continuous
 62
     3
370
     0
100
AcDbLine
 10
9861.977968757571
 20
1583.622067120926
 30
0.0
 11
9757.861618114825
 21
1652.794211289197
 31
0.0
  0
ARC
  5
564
330
1F
100
AcDbEntity
  8
0
  6
Continuous
 62
     3
370
     0
100
AcDbCircle
 10
11877.67052302755
 20
244.4493608932444
 30
0.0
 40
2545.000000000061
100
AcDbArc
 50
131.5754574498168
 51
141.7114238850864
  0
LINE
  5
565
330
1F
100
AcDbEntity
  8
0
  6
Continuous
 62
     3
370
     0
100
AcDbLine
 10
9750.190188494492
 20
1923.117395702775
 30
0.0
 11
9880.1002031894
 21
1821.388743780866
 31
0.0
  0
ARC
  5
566
330
1F
100
AcDbEntity
  8
0
  6
Continuous
 62
     3
370
     0
100
AcDbCircle
 10
11877.67081652718
 20
244.4494186009742
 30
0.0
 40
2710.000000000261
100
AcDbArc
 50
131.5617562257677
 51
141.7251365980902
  0
LINE
  5
567
330
1F
100
AcDbEntity
  8
0
  6
Continuous
 62
     3
370
     0
100
AcDbLine
 10
10188.79367624289
 20
2148.3191033901
 30
0.0
 11
10079.78385062877
 21
2272.182748665366
 31
0.0
  0
LINE
  5
568
330
1F
100
AcDbEntity
  8
0
  6
Continuous
 62
     3
370
     0
100
AcDbLine
 10
10867.66833115971
 20
2669.676266697325
 30
0.0
 11
10799.53724061349
 21
2730.757896923209
 31
0.0
  0
ARC
  5
569
330
1F
100
AcDbEntity
  8
0
  6
Continuous
 62
     3
370
     0
100
AcDbCircle
 10
11877.67056052282
 20
244.4496810139699
 30
0.0
 40
2709.999999999041
100
AcDbArc
 50
113.4429142897881
 51
120.552679865207
  0
LINE
  5
56A
330
1F
100
AcDbEntity
  8
0
  6
Continuous
 62
     3
370
     0
100
AcDbLine
 10
10500.09527913223
 20
2578.199098602845
 30
0.0
 11
10627.96195534716
 21
2363.394925632893
 31
0.0
  0
LINE
  5
56B
330
1F
100
AcDbEntity
  8
0
  6
Continuous
 62
     3
370
     0
100
AcDbLine
 10
10627.96195534716
 20
2363.394925632893
 30
0.0
 11
10670.92597984226
 21
2388.970159731227
 31
0.0
  0
LINE
  5
56C
330
1F
100
AcDbEntity
  8
0
  6
Continuous
 62
     3
370
     0
100
AcDbLine
 10
10670.92597984226
 20
2388.970159731227
 30
0.0
 11
10691.76674258579
 21
2353.959608603248
 31
0.0
  0
ARC
  5
56D
330
1F
100
AcDbEntity
  8
0
  6
Continuous
 62
     3
370
     0
100
AcDbCircle
 10
11877.67056052366
 20
244.4496810122764
 30
0.0
 40
2420.00000000093
100
AcDbArc
 50
114.6677913789431
 51
119.343401304604
  0
LINE
  5
56E
330
1F
100
AcDbEntity
  8
0
  6
Continuous
 62
     3
370
     0
100
AcDbLine
 10
10867.66833115971
 20
2443.607587276476
 30
0.0
 11
10867.66833115971
 21
2669.676266697323
 31
0.0
  0
LINE
  5
595
330
1F
100
AcDbEntity
  8
0
  6
Continuous
 62
     3
370
     0
100
AcDbLine
 10
11794.99844735523
 20
2567.167437333929
 30
0.0
 11
11794.99844735523
 21
2367.167437333928
 31
0.0
  0
LINE
  5
596
330
1F
100
AcDbEntity
  8
0
  6
Continuous
 62
     3
370
     0
100
AcDbLine
 10
11794.99844735523
 20
2367.167437333928
 30
0.0
 11
12008.99844735523
 21
2367.167437333928
 31
0.0
  0
LINE
  5
597
330
1F
100
AcDbEntity
  8
0
  6
Continuous
 62
     3
370
     0
100
AcDbLine
 10
12008.99844735523
 20
2367.167437333928
 30
0.0
 11
12008.99844735523
 21
2567.167437333929
 31
0.0
  0
LINE
  5
598
330
1F
100
AcDbEntity
  8
0
  6
Continuous
 62
     3
370
     0
100
AcDbLine
 10
12008.99844735523
 20
2567.167437333929
 30
0.0
 11
11794.99844735523
 21
2567.167437333929
 31
0.0
  0
CIRCLE
  5
599
330
1F
100
AcDbEntity
  8
0
  6
Continuous
 62
     3
370
     0
100
AcDbCircle
 10
11901.99844735523
 20
2467.167437333928
 30
0.0
 40
37.5
  0
MTEXT
  5
59B
330
1F
100
AcDbEntity
  8
0
100
AcDbMText
 10
11702.93323035797
 20
2440.155344326748
 30
0.0
 40
15.0
 41
196.244660898762
 71
     1
 72
     5
  1
t=30
 73
     1
 44
1.0
1001
ACAD
1000
ACAD_MTEXT_COLUMN_INFO_BEGIN
1070
    75
1070
     2
1070
    79
1070
     0
1070
    76
1070
     1
1070
    78
1070
     0
1070
    48
1040
196.244660898762
1070
    49
1040
9.375
1070
    50
1070
     1
1040
0.0
1000
ACAD_MTEXT_COLUMN_INFO_END
  0
MTEXT
  5
59C
102
{ACAD_XDICTIONARY
360
59D
102
}
330
1F
100
AcDbEntity
  8
0
100
AcDbMText
 10
11701.6633986554
 20
2417.495679685212
 30
0.0
 40
15.0
 41
196.244660898762
 71
     1
 72
     5
  1
1\M+5BFE9
 73
     1
 44
1.0
1001
ACAD
1000
ACAD_MTEXT_COLUMN_INFO_BEGIN
1070
    75
1070
     2
1070
    79
1070
     0
1070
    76
1070
     1
1070
    78
1070
     0
1070
    48
1040
196.244660898762
1070
    49
1040
9.375
1070
    50
1070
     1
1040
0.0
1000
ACAD_MTEXT_COLUMN_INFO_END
  0
LINE
  5
59E
330
1F
100
AcDbEntity
  8
0
  6
Continuous
 62
     3
370
     0
100
AcDbLine
 10
11599.55471525997
 20
2139.455548549022
 30
0.0
 11
11599.55471525997
 21
2078.455548549022
 31
0.0
  0
LINE
  5
59F
330
1F
100
AcDbEntity
  8
0
  6
Continuous
 62
     3
370
     0
100
AcDbLine
 10
12494.55471525997
 20
2078.455548549022
 30
0.0
 11
12494.55471525997
 21
2139.455548549022
 31
0.0
  0
LINE
  5
5A0
330
1F
100
AcDbEntity
  8
0
  6
Continuous
 62
     3
370
     0
100
AcDbLine
 10
12494.55471525997
 20
2139.455548549022
 30
0.0
 11
11599.55471525997
 21
2139.455548549022
 31
0.0
  0
LINE
  5
5A1
330
1F
100
AcDbEntity
  8
0
  6
Continuous
 62
     3
370
     0
100
AcDbLine
 10
12494.55471525997
 20
2078.455548549022
 30
0.0
 11
11599.55471525997
 21
2078.455548549022
 31
0.0
  0
LINE
  5
5A6
330
1F
100
AcDbEntity
  8
0
  6
Continuous
 62
     3
370
     0
100
AcDbLine
 10
11620.52018074031
 20
1999.391353478351
 30
0.0
 11
11620.52018074031
 21
1989.391353478351
 31
0.0
  0
LINE
  5
5A7
330
1F
100
AcDbEntity
  8
0
  6
Continuous
 62
     3
370
     0
100
AcDbLine
 10
11620.52018074031
 20
1989.391353478351
 30
0.0
 11
11720.5201807403
 21
1989.39135347835
 31
0.0
  0
LINE
  5
5A8
330
1F
100
AcDbEntity
  8
0
  6
Continuous
 62
     3
370
     0
100
AcDbLine
 10
11720.5201807403
 20
1989.391353478351
 30
0.0
 11
11720.5201807403
 21
2029.391353478351
 31
0.0
  0
LINE
  5
5A9
330
1F
100
AcDbEntity
  8
0
  6
Continuous
 62
     3
370
     0
100
AcDbLine
 10
11720.5201807403
 20
2029.391353478351
 30
0.0
 11
11660.52018074031
 21
2029.391353478351
 31
0.0
  0
LINE
  5
5AA
330
1F
100
AcDbEntity
  8
0
  6
Continuous
 62
     3
370
     0
100
AcDbLine
 10
11620.52018074031
 20
1999.391353478351
 30
0.0
 11
11660.52018074031
 21
2029.391353478351
 31
0.0
  0
LINE
  5
5AF
330
1F
100
AcDbEntity
  8
0
  6
Continuous
 62
     3
370
     0
100
AcDbLine
 10
11599.55471525997
 20
2242.464527262551
 30
0.0
 11
11599.55471525997
 21
2178.464527262551
 31
0.0
  0
LINE
  5
5B0
330
1F
100
AcDbEntity
  8
0
  6
Continuous
 62
     3
370
     0
100
AcDbLine
 10
11599.55471525997
 20
2178.464527262551
 30
0.0
 11
12494.55471525997
 21
2178.464527262551
 31
0.0
  0
LINE
  5
5B1
330
1F
100
AcDbEntity
  8
0
  6
Continuous
 62
     3
370
     0
100
AcDbLine
 10
12494.55471525997
 20
2178.464527262551
 30
0.0
 11
12494.55471525997
 21
2242.464527262551
 31
0.0
  0
LINE
  5
5B2
330
1F
100
AcDbEntity
  8
0
  6
Continuous
 62
     3
370
     0
100
AcDbLine
 10
12494.55471525997
 20
2242.464527262551
 30
0.0
 11
11599.55471525997
 21
2242.464527262551
 31
0.0
  0
LINE
  5
5B7
330
1F
100
AcDbEntity
  8
0
  6
Continuous
 62
     3
370
     0
100
AcDbLine
 10
11792.13847579541
 20
1999.391353478351
 30
0.0
 11
11792.13847579541
 21
1989.391353478351
 31
0.0
  0
LINE
  5
5B8
330
1F
100
AcDbEntity
  8
0
  6
Continuous
 62
     3
370
     0
100
AcDbLine
 10
11792.13847579541
 20
1989.391353478351
 30
0.0
 11
11892.13847579541
 21
1989.391353478351
 31
0.0
  0
LINE
  5
5B9
330
1F
100
AcDbEntity
  8
0
  6
Continuous
 62
     3
370
     0
100
AcDbLine
 10
11892.13847579541
 20
1989.391353478351
 30
0.0
 11
11892.13847579541
 21
2019.391353478352
 31
0.0
  0
LINE
  5
5BA
330
1F
100
AcDbEntity
  8
0
  6
Continuous
 62
     3
370
     0
100
AcDbLine
 10
11892.13847579541
 20
2019.391353478352
 30
0.0
 11
11822.13847579541
 21
2019.391353478352
 31
0.0
  0
LINE
  5
5BB
330
1F
100
AcDbEntity
  8
0
  6
Continuous
 62
     3
370
     0
100
AcDbLine
 10
11792.13847579541
 20
1999.391353478351
 30
0.0
 11
11822.1384757954
 21
2019.391353478352
 31
0.0
  0
LINE
  5
5C3
330
1F
100
AcDbEntity
  8
0
  6
Continuous
 62
     3
370
     0
100
AcDbLine
 10
11564.4683476073
 20
1527.213783497619
 30
0.0
 11
11894.4683476073
 21
1527.213783497619
 31
0.0
  0
LINE
  5
5C4
330
1F
100
AcDbEntity
  8
0
  6
Continuous
 62
     3
370
     0
100
AcDbLine
 10
11894.4683476073
 20
1727.213783497619
 30
0.0
 11
11564.4683476073
 21
1727.213783497619
 31
0.0
  0
CIRCLE
  5
5C9
330
1F
100
AcDbEntity
  8
0
  6
Continuous
 62
     3
370
     0
100
AcDbCircle
 10
11646.4683476073
 20
1627.21378349762
 30
0.0
 40
37.5
  0
LINE
  5
5CA
330
1F
100
AcDbEntity
  8
0
  6
Continuous
 62
     3
370
     0
100
AcDbLine
 10
11564.4683476073
 20
1527.213783497619
 30
0.0
 11
11564.4683476073
 21
1727.213783497619
 31
0.0
  0
LINE
  5
5CB
330
1F
100
AcDbEntity
  8
0
  6
Continuous
 62
     3
370
     0
100
AcDbLine
 10
11894.4683476073
 20
1527.213783497619
 30
0.0
 11
11894.4683476073
 21
1727.213783497619
 31
0.0
  0
LINE
  5
5DA
330
1F
100
AcDbEntity
  8
本体
  6
Continuous
 62
     3
370
     0
100
AcDbLine
 10
7380.618534245657
 20
2221.328839621334
 30
0.0
 11
7380.618534245657
 21
2101.328839621334
 31
0.0
  0
LINE
  5
5DB
330
1F
100
AcDbEntity
  8
本体
  6
Continuous
 62
     3
370
     0
100
AcDbLine
 10
7380.618534245657
 20
2101.328839621334
 30
0.0
 11
8275.618534245657
 21
2101.328839621334
 31
0.0
  0
LINE
  5
5DC
330
1F
100
AcDbEntity
  8
本体
  6
Continuous
 62
     3
370
     0
100
AcDbLine
 10
8275.618534245657
 20
2101.328839621334
 30
0.0
 11
8275.618534245657
 21
2221.328839621334
 31
0.0
  0
LINE
  5
5DD
330
1F
100
AcDbEntity
  8
本体
  6
Continuous
 62
     3
370
     0
100
AcDbLine
 10
8275.618534245657
 20
2221.328839621334
 30
0.0
 11
7380.61853424566
 21
2221.328839621334
 31
0.0
  0
LINE
  5
5E3
330
1F
100
AcDbEntity
  8
本体
  6
Continuous
 62
     3
370
     0
100
AcDbLine
 10
7380.618534245657
 20
2045.499169682147
 30
0.0
 11
7380.618534245657
 21
1925.499169682147
 31
0.0
  0
LINE
  5
5E4
102
{ACAD_REACTORS
330
600
102
}
330
1F
100
AcDbEntity
  8
本体
  6
Continuous
 62
     3
370
     0
100
AcDbLine
 10
7380.618534245657
 20
1925.499169682147
 30
0.0
 11
8275.618534245657
 21
1925.499169682147
 31
0.0
  0
LINE
  5
5E5
330
1F
100
AcDbEntity
  8
本体
  6
Continuous
 62
     3
370
     0
100
AcDbLine
 10
8275.618534245657
 20
1925.499169682147
 30
0.0
 11
8275.618534245657
 21
2045.499169682147
 31
0.0
  0
LINE
  5
5E6
102
{ACAD_REACTORS
330
600
102
}
330
1F
100
AcDbEntity
  8
本体
  6
Continuous
 62
     3
370
     0
100
AcDbLine
 10
8275.618534245657
 20
2045.499169682147
 30
0.0
 11
7380.61853424566
 21
2045.499169682147
 31
0.0
  0
LINE
  5
5EC
330
1F
100
AcDbEntity
  8
本体
100
AcDbLine
 10
7386.933878155016
 20
1871.15311023102
 30
0.0
 11
7386.933878155016
 21
1621.153110231019
 31
0.0
  0
LINE
  5
5ED
330
1F
100
AcDbEntity
  8
本体
100
AcDbLine
 10
7386.933878155016
 20
1621.153110231019
 30
0.0
 11
8281.933878155014
 21
1621.153110231019
 31
0.0
  0
LINE
  5
5EE
330
1F
100
AcDbEntity
  8
本体
100
AcDbLine
 10
8281.933878155014
 20
1621.153110231019
 30
0.0
 11
8281.933878155014
 21
1871.15311023102
 31
0.0
  0
LINE
  5
5EF
330
1F
100
AcDbEntity
  8
本体
100
AcDbLine
 10
8281.933878155014
 20
1871.15311023102
 30
0.0
 11
7386.933878155016
 21
1871.15311023102
 31
0.0
  0
LINE
  5
5F5
330
1F
100
AcDbEntity
  8
本体
100
AcDbLine
 10
7408.306397284626
 20
1495.573025423344
 30
0.0
 11
7408.306397284626
 21
1455.573025423344
 31
0.0
  0
LINE
  5
5F6
330
1F
100
AcDbEntity
  8
本体
100
AcDbLine
 10
7408.306397284626
 20
1455.573025423344
 30
0.0
 11
8068.306397284628
 21
1455.573025423344
 31
0.0
  0
LINE
  5
5F7
330
1F
100
AcDbEntity
  8
本体
100
AcDbLine
 10
8068.306397284628
 20
1455.573025423344
 30
0.0
 11
8068.306397284628
 21
1495.573025423344
 31
0.0
  0
LINE
  5
5F8
330
1F
100
AcDbEntity
  8
本体
100
AcDbLine
 10
8068.306397284628
 20
1495.573025423344
 30
0.0
 11
7408.306397284626
 21
1495.573025423344
 31
0.0
  0
DIMENSION
  5
5FE
102
{ACAD_XDICTIONARY
360
5FF
102
}
102
{ACAD_REACTORS
330
600
102
}
330
1F
100
AcDbEntity
  8
本体
100
AcDbDimension
  2
*D3
 10
7329.156827543849
 20
1925.499169682148
 30
0.0
 11
7327.255395074542
 21
1985.499169682145
 31
0.0
 70
    32
 71
     5
 42
120.0
  3
ISO-25
100
AcDbAlignedDimension
 13
7380.61853424566
 23
2045.499169682147
 33
0.0
 14
7380.618534245657
 24
1925.499169682147
 34
0.0
 50
90.0
100
AcDbRotatedDimension
1001
ACAD
1000
DSTYLE
1002
{
1070
   271
1070
     0
1002
}
  0
POLYLINE
  5
B2D
330
1F
100
AcDbEntity
  8
0
 62
     5
370
     0
100
AcDb2dPolyline
 66
     1
 10
0.0
 20
0.0
 30
0.0
  0
VERTEX
  5
B2E
330
B2D
100
AcDbEntity
  8
0
 62
     5
370
     0
100
AcDbVertex
100
AcDb2dVertex
 10
1658.642686093633
 20
2458.416711396019
 30
0.0
  0
VERTEX
  5
B2F
330
B2D
100
AcDbEntity
  8
0
 62
     5
370
     0
100
AcDbVertex
100
AcDb2dVertex
 10
1662.671601700451
 20
2460.248036671845
 30
0.0
  0
VERTEX
  5
B30
330
B2D
100
AcDbEntity
  8
0
 62
     5
370
     0
100
AcDbVertex
100
AcDb2dVertex
 10
1668.165577527929
 20
2465.742012499323
 30
0.0
  0
VERTEX
  5
B31
330
B2D
100
AcDbEntity
  8
0
 62
     5
370
     0
100
AcDbVertex
100
AcDb2dVertex
 10
1668.165577527929
 20
2425.819121486318
 30
0.0
  0
SEQEND
  5
B32
330
B2D
100
AcDbEntity
  8
0
 62
     5
370
     0
  0
POLYLINE
  5
B33
330
1F
100
AcDbEntity
  8
0
 62
     5
370
     0
100
AcDb2dPolyline
 66
     1
 10
0.0
 20
0.0
 30
0.0
  0
VERTEX
  5
B34
330
B33
100
AcDbEntity
  8
0
 62
     5
370
     0
100
AcDbVertex
100
AcDb2dVertex
 10
1689.408950727509
 20
2465.742012499323
 30
0.0
  0
VERTEX
  5
B35
330
B33
100
AcDbEntity
  8
0
 62
     5
370
     0
100
AcDbVertex
100
AcDb2dVertex
 10
1715.780034699404
 20
2465.742012499323
 30
0.0
  0
VERTEX
  5
B36
330
B33
100
AcDbEntity
  8
0
 62
     5
370
     0
100
AcDbVertex
100
AcDb2dVertex
 10
1696.734251830814
 20
2425.819121486318
 30
0.0
  0
SEQEND
  5
B37
330
B33
100
AcDbEntity
  8
0
 62
     5
370
     0
  0
POLYLINE
  5
B38
330
1F
100
AcDbEntity
  8
0
 62
     5
370
     0
100
AcDb2dPolyline
 66
     1
 10
0.0
 20
0.0
 30
0.0
  0
VERTEX
  5
B39
330
B38
100
AcDbEntity
  8
0
 62
     5
370
     0
100
AcDbVertex
100
AcDb2dVertex
 10
1727.134251409525
 20
2443.033579079081
 30
0.0
  0
VERTEX
  5
B3A
330
B38
100
AcDbEntity
  8
0
 62
     5
370
     0
100
AcDbVertex
100
AcDb2dVertex
 10
1746.180034278113
 20
2443.033579079081
 30
0.0
  0
SEQEND
  5
B3B
330
B38
100
AcDbEntity
  8
0
 62
     5
370
     0
  0
POLYLINE
  5
B3C
330
1F
100
AcDbEntity
  8
0
 62
     5
370
     0
100
AcDb2dPolyline
 66
     1
 10
0.0
 20
0.0
 30
0.0
  0
VERTEX
  5
B3D
330
B3C
100
AcDbEntity
  8
0
 62
     5
370
     0
100
AcDbVertex
100
AcDb2dVertex
 10
1761.563166595051
 20
2458.416711396019
 30
0.0
  0
VERTEX
  5
B3E
330
B3C
100
AcDbEntity
  8
0
 62
     5
370
     0
100
AcDbVertex
100
AcDb2dVertex
 10
1765.225817146704
 20
2460.248036671845
 30
0.0
  0
VERTEX
  5
B3F
330
B3C
100
AcDbEntity
  8
0
 62
     5
370
     0
100
AcDbVertex
100
AcDb2dVertex
 10
1771.086058029347
 20
2465.742012499323
 30
0.0
  0
VERTEX
  5
B40
330
B3C
100
AcDbEntity
  8
0
 62
     5
370
     0
100
AcDbVertex
100
AcDb2dVertex
 10
1771.086058029347
 20
2425.819121486318
 30
0.0
  0
SEQEND
  5
B41
330
B3C
100
AcDbEntity
  8
0
 62
     5
370
     0
  0
POLYLINE
  5
B42
330
1F
100
AcDbEntity
  8
0
 62
     5
370
     0
100
AcDb2dPolyline
 66
     1
 10
0.0
 20
0.0
 30
0.0
  0
VERTEX
  5
B43
330
B42
100
AcDbEntity
  8
0
 62
     5
370
     0
100
AcDbVertex
100
AcDb2dVertex
 10
1815.03786464917
 20
2465.742012499323
 30
0.0
  0
VERTEX
  5
B44
330
B42
100
AcDbEntity
  8
0
 62
     5
370
     0
100
AcDbVertex
100
AcDb2dVertex
 10
1795.992081780579
 20
2465.742012499323
 30
0.0
  0
VERTEX
  5
B45
330
B42
100
AcDbEntity
  8
0
 62
     5
370
     0
100
AcDbVertex
100
AcDb2dVertex
 10
1793.794491449589
 20
2448.893819961724
 30
0.0
  0
VERTEX
  5
B46
330
B42
100
AcDbEntity
  8
0
 62
     5
370
     0
100
AcDbVertex
100
AcDb2dVertex
 10
1795.992081780579
 20
2450.72514523755
 30
0.0
  0
VERTEX
  5
B47
330
B42
100
AcDbEntity
  8
0
 62
     5
370
     0
100
AcDbVertex
100
AcDb2dVertex
 10
1801.486057608057
 20
2452.556470513376
 30
0.0
  0
VERTEX
  5
B48
330
B42
100
AcDbEntity
  8
0
 62
     5
370
     0
100
AcDbVertex
100
AcDb2dVertex
 10
1807.3462984907
 20
2452.556470513376
 30
0.0
  0
VERTEX
  5
B49
330
B42
100
AcDbEntity
  8
0
 62
     5
370
     0
100
AcDbVertex
100
AcDb2dVertex
 10
1812.840274318178
 20
2450.72514523755
 30
0.0
  0
VERTEX
  5
B4A
330
B42
100
AcDbEntity
  8
0
 62
     5
370
     0
100
AcDbVertex
100
AcDb2dVertex
 10
1816.869189924995
 20
2446.696229630733
 30
0.0
  0
VERTEX
  5
B4B
330
B42
100
AcDbEntity
  8
0
 62
     5
370
     0
100
AcDbVertex
100
AcDb2dVertex
 10
1818.700515200822
 20
2441.202253803255
 30
0.0
  0
VERTEX
  5
B4C
330
B42
100
AcDbEntity
  8
0
 62
     5
370
     0
100
AcDbVertex
100
AcDb2dVertex
 10
1818.700515200822
 20
2437.173338196438
 30
0.0
  0
VERTEX
  5
B4D
330
B42
100
AcDbEntity
  8
0
 62
     5
370
     0
100
AcDbVertex
100
AcDb2dVertex
 10
1816.869189924995
 20
2431.67936236896
 30
0.0
  0
VERTEX
  5
B4E
330
B42
100
AcDbEntity
  8
0
 62
     5
370
     0
100
AcDbVertex
100
AcDb2dVertex
 10
1812.840274318178
 20
2427.650446762144
 30
0.0
  0
VERTEX
  5
B4F
330
B42
100
AcDbEntity
  8
0
 62
     5
370
     0
100
AcDbVertex
100
AcDb2dVertex
 10
1807.3462984907
 20
2425.819121486318
 30
0.0
  0
VERTEX
  5
B50
330
B42
100
AcDbEntity
  8
0
 62
     5
370
     0
100
AcDbVertex
100
AcDb2dVertex
 10
1801.486057608057
 20
2425.819121486318
 30
0.0
  0
VERTEX
  5
B51
330
B42
100
AcDbEntity
  8
0
 62
     5
370
     0
100
AcDbVertex
100
AcDb2dVertex
 10
1795.992081780579
 20
2427.650446762144
 30
0.0
  0
VERTEX
  5
B52
330
B42
100
AcDbEntity
  8
0
 62
     5
370
     0
100
AcDbVertex
100
AcDb2dVertex
 10
1793.794491449589
 20
2429.848037093134
 30
0.0
  0
VERTEX
  5
B53
330
B42
100
AcDbEntity
  8
0
 62
     5
370
     0
100
AcDbVertex
100
AcDb2dVertex
 10
1791.963166173762
 20
2433.510687644786
 30
0.0
  0
SEQEND
  5
B54
330
B42
100
AcDbEntity
  8
0
 62
     5
370
     0
  0
POLYLINE
  5
B55
330
1F
100
AcDbEntity
  8
0
 62
     5
370
     0
100
AcDb2dPolyline
 66
     1
 10
0.0
 20
0.0
 30
0.0
  0
VERTEX
  5
B56
330
B55
100
AcDbEntity
  8
0
 62
     5
370
     0
100
AcDbVertex
100
AcDb2dVertex
 10
1830.054731910943
 20
2443.033579079081
 30
0.0
  0
VERTEX
  5
B57
330
B55
100
AcDbEntity
  8
0
 62
     5
370
     0
100
AcDbVertex
100
AcDb2dVertex
 10
1849.100514779533
 20
2443.033579079081
 30
0.0
  0
SEQEND
  5
B58
330
B55
100
AcDbEntity
  8
0
 62
     5
370
     0
  0
POLYLINE
  5
B59
330
1F
100
AcDbEntity
  8
0
 62
     5
370
     0
100
AcDb2dPolyline
 66
     1
 10
0.0
 20
0.0
 30
0.0
  0
VERTEX
  5
B5A
330
B59
100
AcDbEntity
  8
0
 62
     5
370
     0
100
AcDbVertex
100
AcDb2dVertex
 10
1864.483647096471
 20
2458.416711396019
 30
0.0
  0
VERTEX
  5
B5B
330
B59
100
AcDbEntity
  8
0
 62
     5
370
     0
100
AcDbVertex
100
AcDb2dVertex
 10
1868.146297648122
 20
2460.248036671845
 30
0.0
  0
VERTEX
  5
B5C
330
B59
100
AcDbEntity
  8
0
 62
     5
370
     0
100
AcDbVertex
100
AcDb2dVertex
 10
1874.006538530764
 20
2465.742012499323
 30
0.0
  0
VERTEX
  5
B5D
330
B59
100
AcDbEntity
  8
0
 62
     5
370
     0
100
AcDbVertex
100
AcDb2dVertex
 10
1874.006538530764
 20
2425.819121486318
 30
0.0
  0
SEQEND
  5
B5E
330
B59
100
AcDbEntity
  8
0
 62
     5
370
     0
  0
POLYLINE
  5
B5F
330
1F
100
AcDbEntity
  8
0
 62
     5
370
     0
100
AcDb2dPolyline
 66
     1
 10
0.0
 20
0.0
 30
0.0
  0
VERTEX
  5
B60
330
B5F
100
AcDbEntity
  8
0
 62
     5
370
     0
100
AcDbVertex
100
AcDb2dVertex
 10
1812.840274318178
 20
1907.92033348274
 30
0.0
  0
VERTEX
  5
B61
330
B5F
100
AcDbEntity
  8
0
 62
     5
370
     0
100
AcDbVertex
100
AcDb2dVertex
 10
1816.50292486983
 20
1909.751658758566
 30
0.0
  0
VERTEX
  5
B62
330
B5F
100
AcDbEntity
  8
0
 62
     5
370
     0
100
AcDbVertex
100
AcDb2dVertex
 10
1822.363165752473
 20
1915.611899641209
 30
0.0
  0
VERTEX
  5
B63
330
B5F
100
AcDbEntity
  8
0
 62
     5
370
     0
100
AcDbVertex
100
AcDb2dVertex
 10
1822.363165752473
 20
1875.689008628204
 30
0.0
  0
SEQEND
  5
B64
330
B5F
100
AcDbEntity
  8
0
 62
     5
370
     0
  0
POLYLINE
  5
B65
330
1F
100
AcDbEntity
  8
0
 62
     5
370
     0
100
AcDb2dPolyline
 66
     1
 10
0.0
 20
0.0
 30
0.0
  0
VERTEX
  5
B66
330
B65
100
AcDbEntity
  8
0
 62
     5
370
     0
100
AcDbVertex
100
AcDb2dVertex
 10
1843.240273896888
 20
1915.611899641209
 30
0.0
  0
VERTEX
  5
B67
330
B65
100
AcDbEntity
  8
0
 62
     5
370
     0
100
AcDbVertex
100
AcDb2dVertex
 10
1869.977622923948
 20
1915.611899641209
 30
0.0
  0
VERTEX
  5
B68
330
B65
100
AcDbEntity
  8
0
 62
     5
370
     0
100
AcDbVertex
100
AcDb2dVertex
 10
1850.931840055358
 20
1875.689008628204
 30
0.0
  0
SEQEND
  5
B69
330
B65
100
AcDbEntity
  8
0
 62
     5
370
     0
  0
POLYLINE
  5
B6A
330
1F
100
AcDbEntity
  8
0
 62
     5
370
     0
100
AcDb2dPolyline
 66
     1
 10
0.0
 20
0.0
 30
0.0
  0
VERTEX
  5
B6B
330
B6A
100
AcDbEntity
  8
0
 62
     5
370
     0
100
AcDbVertex
100
AcDb2dVertex
 10
1881.331839634069
 20
1892.903466220967
 30
0.0
  0
VERTEX
  5
B6C
330
B6A
100
AcDbEntity
  8
0
 62
     5
370
     0
100
AcDbVertex
100
AcDb2dVertex
 10
1900.377622502659
 20
1892.903466220967
 30
0.0
  0
SEQEND
  5
B6D
330
B6A
100
AcDbEntity
  8
0
 62
     5
370
     0
  0
POLYLINE
  5
B6E
330
1F
100
AcDbEntity
  8
0
 62
     5
370
     0
100
AcDb2dPolyline
 66
     1
 10
0.0
 20
0.0
 30
0.0
  0
VERTEX
  5
B6F
330
B6E
100
AcDbEntity
  8
0
 62
     5
370
     0
100
AcDbVertex
100
AcDb2dVertex
 10
1915.760754819597
 20
1907.92033348274
 30
0.0
  0
VERTEX
  5
B70
330
B6E
100
AcDbEntity
  8
0
 62
     5
370
     0
100
AcDbVertex
100
AcDb2dVertex
 10
1919.423405371247
 20
1909.751658758566
 30
0.0
  0
VERTEX
  5
B71
330
B6E
100
AcDbEntity
  8
0
 62
     5
370
     0
100
AcDbVertex
100
AcDb2dVertex
 10
1925.283646253891
 20
1915.611899641209
 30
0.0
  0
VERTEX
  5
B72
330
B6E
100
AcDbEntity
  8
0
 62
     5
370
     0
100
AcDbVertex
100
AcDb2dVertex
 10
1925.283646253891
 20
1875.689008628204
 30
0.0
  0
SEQEND
  5
B73
330
B6E
100
AcDbEntity
  8
0
 62
     5
370
     0
  0
POLYLINE
  5
B74
330
1F
100
AcDbEntity
  8
0
 62
     5
370
     0
100
AcDb2dPolyline
 66
     1
 10
0.0
 20
0.0
 30
0.0
  0
VERTEX
  5
B75
330
B74
100
AcDbEntity
  8
0
 62
     5
370
     0
100
AcDbVertex
100
AcDb2dVertex
 10
1968.869187818549
 20
1915.611899641209
 30
0.0
  0
VERTEX
  5
B76
330
B74
100
AcDbEntity
  8
0
 62
     5
370
     0
100
AcDbVertex
100
AcDb2dVertex
 10
1949.823404949959
 20
1915.611899641209
 30
0.0
  0
VERTEX
  5
B77
330
B74
100
AcDbEntity
  8
0
 62
     5
370
     0
100
AcDbVertex
100
AcDb2dVertex
 10
1947.992079674133
 20
1898.397442048445
 30
0.0
  0
VERTEX
  5
B78
330
B74
100
AcDbEntity
  8
0
 62
     5
370
     0
100
AcDbVertex
100
AcDb2dVertex
 10
1949.823404949959
 20
1900.228767324271
 30
0.0
  0
VERTEX
  5
B79
330
B74
100
AcDbEntity
  8
0
 62
     5
370
     0
100
AcDbVertex
100
AcDb2dVertex
 10
1955.683645832601
 20
1902.426357655263
 30
0.0
  0
VERTEX
  5
B7A
330
B74
100
AcDbEntity
  8
0
 62
     5
370
     0
100
AcDbVertex
100
AcDb2dVertex
 10
1961.177621660079
 20
1902.426357655263
 30
0.0
  0
VERTEX
  5
B7B
330
B74
100
AcDbEntity
  8
0
 62
     5
370
     0
100
AcDbVertex
100
AcDb2dVertex
 10
1967.037862542724
 20
1900.228767324271
 30
0.0
  0
VERTEX
  5
B7C
330
B74
100
AcDbEntity
  8
0
 62
     5
370
     0
100
AcDbVertex
100
AcDb2dVertex
 10
1970.700513094374
 20
1896.566116772619
 30
0.0
  0
VERTEX
  5
B7D
330
B74
100
AcDbEntity
  8
0
 62
     5
370
     0
100
AcDbVertex
100
AcDb2dVertex
 10
1972.898103425366
 20
1890.705875889976
 30
0.0
  0
VERTEX
  5
B7E
330
B74
100
AcDbEntity
  8
0
 62
     5
370
     0
100
AcDbVertex
100
AcDb2dVertex
 10
1972.898103425366
 20
1887.043225338324
 30
0.0
  0
VERTEX
  5
B7F
330
B74
100
AcDbEntity
  8
0
 62
     5
370
     0
100
AcDbVertex
100
AcDb2dVertex
 10
1970.700513094374
 20
1881.182984455681
 30
0.0
  0
VERTEX
  5
B80
330
B74
100
AcDbEntity
  8
0
 62
     5
370
     0
100
AcDbVertex
100
AcDb2dVertex
 10
1967.037862542724
 20
1877.520333904029
 30
0.0
  0
VERTEX
  5
B81
330
B74
100
AcDbEntity
  8
0
 62
     5
370
     0
100
AcDbVertex
100
AcDb2dVertex
 10
1961.177621660079
 20
1875.689008628204
 30
0.0
  0
VERTEX
  5
B82
330
B74
100
AcDbEntity
  8
0
 62
     5
370
     0
100
AcDbVertex
100
AcDb2dVertex
 10
1955.683645832601
 20
1875.689008628204
 30
0.0
  0
VERTEX
  5
B83
330
B74
100
AcDbEntity
  8
0
 62
     5
370
     0
100
AcDbVertex
100
AcDb2dVertex
 10
1949.823404949959
 20
1877.520333904029
 30
0.0
  0
VERTEX
  5
B84
330
B74
100
AcDbEntity
  8
0
 62
     5
370
     0
100
AcDbVertex
100
AcDb2dVertex
 10
1947.992079674133
 20
1879.351659179856
 30
0.0
  0
VERTEX
  5
B85
330
B74
100
AcDbEntity
  8
0
 62
     5
370
     0
100
AcDbVertex
100
AcDb2dVertex
 10
1946.160754398306
 20
1883.380574786673
 30
0.0
  0
SEQEND
  5
B86
330
B74
100
AcDbEntity
  8
0
 62
     5
370
     0
  0
POLYLINE
  5
B87
330
1F
100
AcDbEntity
  8
0
 62
     5
370
     0
100
AcDb2dPolyline
 66
     1
 10
0.0
 20
0.0
 30
0.0
  0
VERTEX
  5
B88
330
B87
100
AcDbEntity
  8
0
 62
     5
370
     0
100
AcDbVertex
100
AcDb2dVertex
 10
1984.252320135487
 20
1892.903466220967
 30
0.0
  0
VERTEX
  5
B89
330
B87
100
AcDbEntity
  8
0
 62
     5
370
     0
100
AcDbVertex
100
AcDb2dVertex
 10
2003.298103004077
 20
1892.903466220967
 30
0.0
  0
SEQEND
  5
B8A
330
B87
100
AcDbEntity
  8
0
 62
     5
370
     0
  0
POLYLINE
  5
B8B
330
1F
100
AcDbEntity
  8
0
 62
     5
370
     0
100
AcDb2dPolyline
 66
     1
 10
0.0
 20
0.0
 30
0.0
  0
VERTEX
  5
B8C
330
B8B
100
AcDbEntity
  8
0
 62
     5
370
     0
100
AcDbVertex
100
AcDb2dVertex
 10
2020.512560596841
 20
1906.089008206915
 30
0.0
  0
VERTEX
  5
B8D
330
B8B
100
AcDbEntity
  8
0
 62
     5
370
     0
100
AcDbVertex
100
AcDb2dVertex
 10
2020.512560596841
 20
1907.92033348274
 30
0.0
  0
VERTEX
  5
B8E
330
B8B
100
AcDbEntity
  8
0
 62
     5
370
     0
100
AcDbVertex
100
AcDb2dVertex
 10
2022.343885872667
 20
1911.949249089557
 30
0.0
  0
VERTEX
  5
B8F
330
B8B
100
AcDbEntity
  8
0
 62
     5
370
     0
100
AcDbVertex
100
AcDb2dVertex
 10
2024.175211148493
 20
1913.780574365383
 30
0.0
  0
VERTEX
  5
B90
330
B8B
100
AcDbEntity
  8
0
 62
     5
370
     0
100
AcDbVertex
100
AcDb2dVertex
 10
2027.837861700144
 20
1915.611899641209
 30
0.0
  0
VERTEX
  5
B91
330
B8B
100
AcDbEntity
  8
0
 62
     5
370
     0
100
AcDbVertex
100
AcDb2dVertex
 10
2035.529427858614
 20
1915.611899641209
 30
0.0
  0
VERTEX
  5
B92
330
B8B
100
AcDbEntity
  8
0
 62
     5
370
     0
100
AcDbVertex
100
AcDb2dVertex
 10
2039.192078410266
 20
1913.780574365383
 30
0.0
  0
VERTEX
  5
B93
330
B8B
100
AcDbEntity
  8
0
 62
     5
370
     0
100
AcDbVertex
100
AcDb2dVertex
 10
2041.389668741256
 20
1911.949249089557
 30
0.0
  0
VERTEX
  5
B94
330
B8B
100
AcDbEntity
  8
0
 62
     5
370
     0
100
AcDbVertex
100
AcDb2dVertex
 10
2043.220994017081
 20
1907.92033348274
 30
0.0
  0
VERTEX
  5
B95
330
B8B
100
AcDbEntity
  8
0
 62
     5
370
     0
100
AcDbVertex
100
AcDb2dVertex
 10
2043.220994017081
 20
1904.257682931088
 30
0.0
  0
VERTEX
  5
B96
330
B8B
100
AcDbEntity
  8
0
 62
     5
370
     0
100
AcDbVertex
100
AcDb2dVertex
 10
2041.389668741256
 20
1900.228767324271
 30
0.0
  0
VERTEX
  5
B97
330
B8B
100
AcDbEntity
  8
0
 62
     5
370
     0
100
AcDbVertex
100
AcDb2dVertex
 10
2037.360753134439
 20
1894.734791496793
 30
0.0
  0
VERTEX
  5
B98
330
B8B
100
AcDbEntity
  8
0
 62
     5
370
     0
100
AcDbVertex
100
AcDb2dVertex
 10
2018.31497026585
 20
1875.689008628204
 30
0.0
  0
VERTEX
  5
B99
330
B8B
100
AcDbEntity
  8
0
 62
     5
370
     0
100
AcDbVertex
100
AcDb2dVertex
 10
2045.052319292909
 20
1875.689008628204
 30
0.0
  0
SEQEND
  5
B9A
330
B8B
100
AcDbEntity
  8
0
 62
     5
370
     0
  0
POLYLINE
  5
B9B
330
1F
100
AcDbEntity
  8
0
 62
     5
370
     0
100
AcDb2dPolyline
 66
     1
 10
0.0
 20
0.0
 30
0.0
  0
VERTEX
  5
B9C
330
B9B
100
AcDbEntity
  8
0
 62
     5
370
     0
100
AcDbVertex
100
AcDb2dVertex
 10
4102.729399210937
 20
2269.423942930782
 30
0.0
  0
VERTEX
  5
B9D
330
B9B
100
AcDbEntity
  8
0
 62
     5
370
     0
100
AcDbVertex
100
AcDb2dVertex
 10
4106.392049762589
 20
2271.255268206608
 30
0.0
  0
VERTEX
  5
B9E
330
B9B
100
AcDbEntity
  8
0
 62
     5
370
     0
100
AcDbVertex
100
AcDb2dVertex
 10
4112.252290645233
 20
2276.749244034085
 30
0.0
  0
VERTEX
  5
B9F
330
B9B
100
AcDbEntity
  8
0
 62
     5
370
     0
100
AcDbVertex
100
AcDb2dVertex
 10
4112.252290645233
 20
2236.826353021081
 30
0.0
  0
SEQEND
  5
BA0
330
B9B
100
AcDbEntity
  8
0
 62
     5
370
     0
  0
POLYLINE
  5
BA1
330
1F
100
AcDbEntity
  8
0
 62
     5
370
     0
100
AcDb2dPolyline
 66
     1
 10
0.0
 20
0.0
 30
0.0
  0
VERTEX
  5
BA2
330
BA1
100
AcDbEntity
  8
0
 62
     5
370
     0
100
AcDbVertex
100
AcDb2dVertex
 10
4156.204097265054
 20
2276.749244034085
 30
0.0
  0
VERTEX
  5
BA3
330
BA1
100
AcDbEntity
  8
0
 62
     5
370
     0
100
AcDbVertex
100
AcDb2dVertex
 10
4137.158314396464
 20
2276.749244034085
 30
0.0
  0
VERTEX
  5
BA4
330
BA1
100
AcDbEntity
  8
0
 62
     5
370
     0
100
AcDbVertex
100
AcDb2dVertex
 10
4134.960724065473
 20
2259.901051496487
 30
0.0
  0
VERTEX
  5
BA5
330
BA1
100
AcDbEntity
  8
0
 62
     5
370
     0
100
AcDbVertex
100
AcDb2dVertex
 10
4137.158314396464
 20
2261.732376772313
 30
0.0
  0
VERTEX
  5
BA6
330
BA1
100
AcDbEntity
  8
0
 62
     5
370
     0
100
AcDbVertex
100
AcDb2dVertex
 10
4142.652290223943
 20
2263.563702048139
 30
0.0
  0
VERTEX
  5
BA7
330
BA1
100
AcDbEntity
  8
0
 62
     5
370
     0
100
AcDbVertex
100
AcDb2dVertex
 10
4148.512531106585
 20
2263.563702048139
 30
0.0
  0
VERTEX
  5
BA8
330
BA1
100
AcDbEntity
  8
0
 62
     5
370
     0
100
AcDbVertex
100
AcDb2dVertex
 10
4154.006506934063
 20
2261.732376772313
 30
0.0
  0
VERTEX
  5
BA9
330
BA1
100
AcDbEntity
  8
0
 62
     5
370
     0
100
AcDbVertex
100
AcDb2dVertex
 10
4158.035422540881
 20
2257.703461165496
 30
0.0
  0
VERTEX
  5
BAA
330
BA1
100
AcDbEntity
  8
0
 62
     5
370
     0
100
AcDbVertex
100
AcDb2dVertex
 10
4159.866747816706
 20
2252.209485338018
 30
0.0
  0
VERTEX
  5
BAB
330
BA1
100
AcDbEntity
  8
0
 62
     5
370
     0
100
AcDbVertex
100
AcDb2dVertex
 10
4159.866747816706
 20
2248.180569731201
 30
0.0
  0
VERTEX
  5
BAC
330
BA1
100
AcDbEntity
  8
0
 62
     5
370
     0
100
AcDbVertex
100
AcDb2dVertex
 10
4158.035422540881
 20
2242.686593903723
 30
0.0
  0
VERTEX
  5
BAD
330
BA1
100
AcDbEntity
  8
0
 62
     5
370
     0
100
AcDbVertex
100
AcDb2dVertex
 10
4154.006506934063
 20
2238.657678296906
 30
0.0
  0
VERTEX
  5
BAE
330
BA1
100
AcDbEntity
  8
0
 62
     5
370
     0
100
AcDbVertex
100
AcDb2dVertex
 10
4148.512531106585
 20
2236.826353021081
 30
0.0
  0
VERTEX
  5
BAF
330
BA1
100
AcDbEntity
  8
0
 62
     5
370
     0
100
AcDbVertex
100
AcDb2dVertex
 10
4142.652290223943
 20
2236.826353021081
 30
0.0
  0
VERTEX
  5
BB0
330
BA1
100
AcDbEntity
  8
0
 62
     5
370
     0
100
AcDbVertex
100
AcDb2dVertex
 10
4137.158314396464
 20
2238.657678296906
 30
0.0
  0
VERTEX
  5
BB1
330
BA1
100
AcDbEntity
  8
0
 62
     5
370
     0
100
AcDbVertex
100
AcDb2dVertex
 10
4134.960724065473
 20
2240.855268627897
 30
0.0
  0
VERTEX
  5
BB2
330
BA1
100
AcDbEntity
  8
0
 62
     5
370
     0
100
AcDbVertex
100
AcDb2dVertex
 10
4133.129398789647
 20
2244.517919179549
 30
0.0
  0
SEQEND
  5
BB3
330
BA1
100
AcDbEntity
  8
0
 62
     5
370
     0
  0
POLYLINE
  5
BB4
330
1F
100
AcDbEntity
  8
0
 62
     5
370
     0
100
AcDb2dPolyline
 66
     1
 10
0.0
 20
0.0
 30
0.0
  0
VERTEX
  5
BB5
330
BB4
100
AcDbEntity
  8
0
 62
     5
370
     0
100
AcDbVertex
100
AcDb2dVertex
 10
4171.220964526827
 20
2254.040810613844
 30
0.0
  0
VERTEX
  5
BB6
330
BB4
100
AcDbEntity
  8
0
 62
     5
370
     0
100
AcDbVertex
100
AcDb2dVertex
 10
4190.266747395417
 20
2254.040810613844
 30
0.0
  0
SEQEND
  5
BB7
330
BB4
100
AcDbEntity
  8
0
 62
     5
370
     0
  0
POLYLINE
  5
BB8
330
1F
100
AcDbEntity
  8
0
 62
     5
370
     0
100
AcDb2dPolyline
 66
     1
 10
0.0
 20
0.0
 30
0.0
  0
VERTEX
  5
BB9
330
BB8
100
AcDbEntity
  8
0
 62
     5
370
     0
100
AcDbVertex
100
AcDb2dVertex
 10
4209.312530264007
 20
2276.749244034085
 30
0.0
  0
VERTEX
  5
BBA
330
BB8
100
AcDbEntity
  8
0
 62
     5
370
     0
100
AcDbVertex
100
AcDb2dVertex
 10
4230.189638408423
 20
2276.749244034085
 30
0.0
  0
VERTEX
  5
BBB
330
BB8
100
AcDbEntity
  8
0
 62
     5
370
     0
100
AcDbVertex
100
AcDb2dVertex
 10
4218.835421698304
 20
2261.732376772313
 30
0.0
  0
VERTEX
  5
BBC
330
BB8
100
AcDbEntity
  8
0
 62
     5
370
     0
100
AcDbVertex
100
AcDb2dVertex
 10
4224.695662580944
 20
2261.732376772313
 30
0.0
  0
VERTEX
  5
BBD
330
BB8
100
AcDbEntity
  8
0
 62
     5
370
     0
100
AcDbVertex
100
AcDb2dVertex
 10
4228.358313132599
 20
2259.901051496487
 30
0.0
  0
VERTEX
  5
BBE
330
BB8
100
AcDbEntity
  8
0
 62
     5
370
     0
100
AcDbVertex
100
AcDb2dVertex
 10
4230.189638408423
 20
2257.703461165496
 30
0.0
  0
VERTEX
  5
BBF
330
BB8
100
AcDbEntity
  8
0
 62
     5
370
     0
100
AcDbVertex
100
AcDb2dVertex
 10
4232.020963684248
 20
2252.209485338018
 30
0.0
  0
VERTEX
  5
BC0
330
BB8
100
AcDbEntity
  8
0
 62
     5
370
     0
100
AcDbVertex
100
AcDb2dVertex
 10
4232.020963684248
 20
2248.180569731201
 30
0.0
  0
VERTEX
  5
BC1
330
BB8
100
AcDbEntity
  8
0
 62
     5
370
     0
100
AcDbVertex
100
AcDb2dVertex
 10
4230.189638408423
 20
2242.686593903723
 30
0.0
  0
VERTEX
  5
BC2
330
BB8
100
AcDbEntity
  8
0
 62
     5
370
     0
100
AcDbVertex
100
AcDb2dVertex
 10
4226.526987856771
 20
2238.657678296906
 30
0.0
  0
VERTEX
  5
BC3
330
BB8
100
AcDbEntity
  8
0
 62
     5
370
     0
100
AcDbVertex
100
AcDb2dVertex
 10
4220.666746974127
 20
2236.826353021081
 30
0.0
  0
VERTEX
  5
BC4
330
BB8
100
AcDbEntity
  8
0
 62
     5
370
     0
100
AcDbVertex
100
AcDb2dVertex
 10
4215.17277114665
 20
2236.826353021081
 30
0.0
  0
VERTEX
  5
BC5
330
BB8
100
AcDbEntity
  8
0
 62
     5
370
     0
100
AcDbVertex
100
AcDb2dVertex
 10
4209.312530264007
 20
2238.657678296906
 30
0.0
  0
VERTEX
  5
BC6
330
BB8
100
AcDbEntity
  8
0
 62
     5
370
     0
100
AcDbVertex
100
AcDb2dVertex
 10
4207.48120498818
 20
2240.855268627897
 30
0.0
  0
VERTEX
  5
BC7
330
BB8
100
AcDbEntity
  8
0
 62
     5
370
     0
100
AcDbVertex
100
AcDb2dVertex
 10
4205.649879712355
 20
2244.517919179549
 30
0.0
  0
SEQEND
  5
BC8
330
BB8
100
AcDbEntity
  8
0
 62
     5
370
     0
  0
POLYLINE
  5
C41
330
1F
100
AcDbEntity
  8
0
 62
     5
370
     0
100
AcDb2dPolyline
 66
     1
 10
0.0
 20
0.0
 30
0.0
  0
VERTEX
  5
C42
330
C41
100
AcDbEntity
  8
0
 62
     5
370
     0
100
AcDbVertex
100
AcDb2dVertex
 10
11762.06423282536
 20
2902.329958256228
 30
0.0
  0
VERTEX
  5
C43
330
C41
100
AcDbEntity
  8
0
 62
     5
370
     0
100
AcDbVertex
100
AcDb2dVertex
 10
11764.26182315635
 20
2903.428753421723
 30
0.0
  0
VERTEX
  5
C44
330
C41
100
AcDbEntity
  8
0
 62
     5
370
     0
100
AcDbVertex
100
AcDb2dVertex
 10
11767.924473708
 20
2907.091403973375
 30
0.0
  0
VERTEX
  5
C45
330
C41
100
AcDbEntity
  8
0
 62
     5
370
     0
100
AcDbVertex
100
AcDb2dVertex
 10
11767.924473708
 20
2882.185380222142
 30
0.0
  0
SEQEND
  5
C46
330
C41
100
AcDbEntity
  8
0
 62
     5
370
     0
  0
POLYLINE
  5
C47
330
1F
100
AcDbEntity
  8
0
 62
     5
370
     0
100
AcDb2dPolyline
 66
     1
 10
0.0
 20
0.0
 30
0.0
  0
VERTEX
  5
C48
330
C47
100
AcDbEntity
  8
0
 62
     5
370
     0
100
AcDbVertex
100
AcDb2dVertex
 10
11795.02808779022
 20
2907.091403973375
 30
0.0
  0
VERTEX
  5
C49
330
C47
100
AcDbEntity
  8
0
 62
     5
370
     0
100
AcDbVertex
100
AcDb2dVertex
 10
11783.30760602494
 20
2907.091403973375
 30
0.0
  0
VERTEX
  5
C4A
330
C47
100
AcDbEntity
  8
0
 62
     5
370
     0
100
AcDbVertex
100
AcDb2dVertex
 10
11782.20881085944
 20
2896.469717373584
 30
0.0
  0
VERTEX
  5
C4B
330
C47
100
AcDbEntity
  8
0
 62
     5
370
     0
100
AcDbVertex
100
AcDb2dVertex
 10
11783.30760602494
 20
2897.56851253908
 30
0.0
  0
VERTEX
  5
C4C
330
C47
100
AcDbEntity
  8
0
 62
     5
370
     0
100
AcDbVertex
100
AcDb2dVertex
 10
11786.97025657659
 20
2898.667307704576
 30
0.0
  0
VERTEX
  5
C4D
330
C47
100
AcDbEntity
  8
0
 62
     5
370
     0
100
AcDbVertex
100
AcDb2dVertex
 10
11790.26664207308
 20
2898.667307704576
 30
0.0
  0
VERTEX
  5
C4E
330
C47
100
AcDbEntity
  8
0
 62
     5
370
     0
100
AcDbVertex
100
AcDb2dVertex
 10
11793.92929262473
 20
2897.56851253908
 30
0.0
  0
VERTEX
  5
C4F
330
C47
100
AcDbEntity
  8
0
 62
     5
370
     0
100
AcDbVertex
100
AcDb2dVertex
 10
11796.49314801088
 20
2895.004657152924
 30
0.0
  0
VERTEX
  5
C50
330
C47
100
AcDbEntity
  8
0
 62
     5
370
     0
100
AcDbVertex
100
AcDb2dVertex
 10
11797.59194317638
 20
2891.708271656437
 30
0.0
  0
VERTEX
  5
C51
330
C47
100
AcDbEntity
  8
0
 62
     5
370
     0
100
AcDbVertex
100
AcDb2dVertex
 10
11797.59194317638
 20
2889.14441627028
 30
0.0
  0
VERTEX
  5
C52
330
C47
100
AcDbEntity
  8
0
 62
     5
370
     0
100
AcDbVertex
100
AcDb2dVertex
 10
11796.49314801088
 20
2885.481765718629
 30
0.0
  0
VERTEX
  5
C53
330
C47
100
AcDbEntity
  8
0
 62
     5
370
     0
100
AcDbVertex
100
AcDb2dVertex
 10
11793.92929262473
 20
2883.284175387638
 30
0.0
  0
VERTEX
  5
C54
330
C47
100
AcDbEntity
  8
0
 62
     5
370
     0
100
AcDbVertex
100
AcDb2dVertex
 10
11790.26664207308
 20
2882.185380222142
 30
0.0
  0
VERTEX
  5
C55
330
C47
100
AcDbEntity
  8
0
 62
     5
370
     0
100
AcDbVertex
100
AcDb2dVertex
 10
11786.97025657659
 20
2882.185380222142
 30
0.0
  0
VERTEX
  5
C56
330
C47
100
AcDbEntity
  8
0
 62
     5
370
     0
100
AcDbVertex
100
AcDb2dVertex
 10
11783.30760602494
 20
2883.284175387638
 30
0.0
  0
VERTEX
  5
C57
330
C47
100
AcDbEntity
  8
0
 62
     5
370
     0
100
AcDbVertex
100
AcDb2dVertex
 10
11782.20881085944
 20
2884.382970553133
 30
0.0
  0
VERTEX
  5
C58
330
C47
100
AcDbEntity
  8
0
 62
     5
370
     0
100
AcDbVertex
100
AcDb2dVertex
 10
11781.11001569395
 20
2886.946825939289
 30
0.0
  0
SEQEND
  5
C59
330
C47
100
AcDbEntity
  8
0
 62
     5
370
     0
  0
POLYLINE
  5
C5A
330
1F
100
AcDbEntity
  8
0
 62
     5
370
     0
100
AcDb2dPolyline
 66
     1
 10
0.0
 20
0.0
 30
0.0
  0
VERTEX
  5
C5B
330
C5A
100
AcDbEntity
  8
0
 62
     5
370
     0
100
AcDbVertex
100
AcDb2dVertex
 10
11804.55097922452
 20
2892.807066821933
 30
0.0
  0
VERTEX
  5
C5C
330
C5A
100
AcDbEntity
  8
0
 62
     5
370
     0
100
AcDbVertex
100
AcDb2dVertex
 10
11816.63772604497
 20
2892.807066821933
 30
0.0
  0
SEQEND
  5
C5D
330
C5A
100
AcDbEntity
  8
0
 62
     5
370
     0
  0
POLYLINE
  5
C5E
330
1F
100
AcDbEntity
  8
0
 62
     5
370
     0
100
AcDb2dPolyline
 66
     1
 10
0.0
 20
0.0
 30
0.0
  0
VERTEX
  5
C5F
330
C5E
100
AcDbEntity
  8
0
 62
     5
370
     0
100
AcDbVertex
100
AcDb2dVertex
 10
11826.16061747926
 20
2907.091403973375
 30
0.0
  0
VERTEX
  5
C60
330
C5E
100
AcDbEntity
  8
0
 62
     5
370
     0
100
AcDbVertex
100
AcDb2dVertex
 10
11842.6425449617
 20
2907.091403973375
 30
0.0
  0
VERTEX
  5
C61
330
C5E
100
AcDbEntity
  8
0
 62
     5
370
     0
100
AcDbVertex
100
AcDb2dVertex
 10
11830.92206319641
 20
2882.185380222142
 30
0.0
  0
SEQEND
  5
C62
330
C5E
100
AcDbEntity
  8
0
 62
     5
370
     0
  0
POLYLINE
  5
C63
330
1F
100
AcDbEntity
  8
0
 62
     5
370
     0
100
AcDb2dPolyline
 66
     1
 10
0.0
 20
0.0
 30
0.0
  0
VERTEX
  5
C64
330
C63
100
AcDbEntity
  8
0
 62
     5
370
     0
100
AcDbVertex
100
AcDb2dVertex
 10
11404.9558040393
 20
2873.395018898177
 30
0.0
  0
VERTEX
  5
C65
330
C63
100
AcDbEntity
  8
0
 62
     5
370
     0
100
AcDbVertex
100
AcDb2dVertex
 10
11407.51965942546
 20
2874.493814063674
 30
0.0
  0
VERTEX
  5
C66
330
C63
100
AcDbEntity
  8
0
 62
     5
370
     0
100
AcDbVertex
100
AcDb2dVertex
 10
11411.18230997711
 20
2878.156464615324
 30
0.0
  0
VERTEX
  5
C67
330
C63
100
AcDbEntity
  8
0
 62
     5
370
     0
100
AcDbVertex
100
AcDb2dVertex
 10
11411.18230997711
 20
2853.250440864092
 30
0.0
  0
SEQEND
  5
C68
330
C63
100
AcDbEntity
  8
0
 62
     5
370
     0
  0
POLYLINE
  5
C69
330
1F
100
AcDbEntity
  8
0
 62
     5
370
     0
100
AcDb2dPolyline
 66
     1
 10
0.0
 20
0.0
 30
0.0
  0
VERTEX
  5
C6A
330
C69
100
AcDbEntity
  8
0
 62
     5
370
     0
100
AcDbVertex
100
AcDb2dVertex
 10
11438.28592405933
 20
2878.156464615324
 30
0.0
  0
VERTEX
  5
C6B
330
C69
100
AcDbEntity
  8
0
 62
     5
370
     0
100
AcDbVertex
100
AcDb2dVertex
 10
11426.56544229404
 20
2878.156464615324
 30
0.0
  0
VERTEX
  5
C6C
330
C69
100
AcDbEntity
  8
0
 62
     5
370
     0
100
AcDbVertex
100
AcDb2dVertex
 10
11425.46664712855
 20
2867.534778015535
 30
0.0
  0
VERTEX
  5
C6D
330
C69
100
AcDbEntity
  8
0
 62
     5
370
     0
100
AcDbVertex
100
AcDb2dVertex
 10
11426.56544229404
 20
2868.63357318103
 30
0.0
  0
VERTEX
  5
C6E
330
C69
100
AcDbEntity
  8
0
 62
     5
370
     0
100
AcDbVertex
100
AcDb2dVertex
 10
11430.2280928457
 20
2869.732368346526
 30
0.0
  0
VERTEX
  5
C6F
330
C69
100
AcDbEntity
  8
0
 62
     5
370
     0
100
AcDbVertex
100
AcDb2dVertex
 10
11433.52447834218
 20
2869.732368346526
 30
0.0
  0
VERTEX
  5
C70
330
C69
100
AcDbEntity
  8
0
 62
     5
370
     0
100
AcDbVertex
100
AcDb2dVertex
 10
11437.18712889384
 20
2868.63357318103
 30
0.0
  0
VERTEX
  5
C71
330
C69
100
AcDbEntity
  8
0
 62
     5
370
     0
100
AcDbVertex
100
AcDb2dVertex
 10
11439.75098427999
 20
2866.435982850039
 30
0.0
  0
VERTEX
  5
C72
330
C69
100
AcDbEntity
  8
0
 62
     5
370
     0
100
AcDbVertex
100
AcDb2dVertex
 10
11440.84977944549
 20
2862.773332298387
 30
0.0
  0
VERTEX
  5
C73
330
C69
100
AcDbEntity
  8
0
 62
     5
370
     0
100
AcDbVertex
100
AcDb2dVertex
 10
11440.84977944549
 20
2860.209476912231
 30
0.0
  0
VERTEX
  5
C74
330
C69
100
AcDbEntity
  8
0
 62
     5
370
     0
100
AcDbVertex
100
AcDb2dVertex
 10
11439.75098427999
 20
2856.913091415744
 30
0.0
  0
VERTEX
  5
C75
330
C69
100
AcDbEntity
  8
0
 62
     5
370
     0
100
AcDbVertex
100
AcDb2dVertex
 10
11437.18712889384
 20
2854.349236029588
 30
0.0
  0
VERTEX
  5
C76
330
C69
100
AcDbEntity
  8
0
 62
     5
370
     0
100
AcDbVertex
100
AcDb2dVertex
 10
11433.52447834218
 20
2853.250440864092
 30
0.0
  0
VERTEX
  5
C77
330
C69
100
AcDbEntity
  8
0
 62
     5
370
     0
100
AcDbVertex
100
AcDb2dVertex
 10
11430.2280928457
 20
2853.250440864092
 30
0.0
  0
VERTEX
  5
C78
330
C69
100
AcDbEntity
  8
0
 62
     5
370
     0
100
AcDbVertex
100
AcDb2dVertex
 10
11426.56544229404
 20
2854.349236029588
 30
0.0
  0
VERTEX
  5
C79
330
C69
100
AcDbEntity
  8
0
 62
     5
370
     0
100
AcDbVertex
100
AcDb2dVertex
 10
11425.46664712855
 20
2855.448031195083
 30
0.0
  0
VERTEX
  5
C7A
330
C69
100
AcDbEntity
  8
0
 62
     5
370
     0
100
AcDbVertex
100
AcDb2dVertex
 10
11424.00158690789
 20
2858.011886581239
 30
0.0
  0
SEQEND
  5
C7B
330
C69
100
AcDbEntity
  8
0
 62
     5
370
     0
  0
POLYLINE
  5
C7C
330
1F
100
AcDbEntity
  8
0
 62
     5
370
     0
100
AcDb2dPolyline
 66
     1
 10
0.0
 20
0.0
 30
0.0
  0
VERTEX
  5
C7D
330
C7C
100
AcDbEntity
  8
0
 62
     5
370
     0
100
AcDbVertex
100
AcDb2dVertex
 10
11447.80881549362
 20
2863.872127463883
 30
0.0
  0
VERTEX
  5
C7E
330
C7C
100
AcDbEntity
  8
0
 62
     5
370
     0
100
AcDbVertex
100
AcDb2dVertex
 10
11459.89556231408
 20
2863.872127463883
 30
0.0
  0
SEQEND
  5
C7F
330
C7C
100
AcDbEntity
  8
0
 62
     5
370
     0
  0
POLYLINE
  5
C80
330
1F
100
AcDbEntity
  8
0
 62
     5
370
     0
100
AcDb2dPolyline
 66
     1
 10
0.0
 20
0.0
 30
0.0
 70
     1
  0
VERTEX
  5
C81
330
C80
100
AcDbEntity
  8
0
 62
     5
370
     0
100
AcDbVertex
100
AcDb2dVertex
 10
11475.27869463101
 20
2878.156464615324
 30
0.0
  0
VERTEX
  5
C82
330
C80
100
AcDbEntity
  8
0
 62
     5
370
     0
100
AcDbVertex
100
AcDb2dVertex
 10
11471.61604407936
 20
2877.057669449829
 30
0.0
  0
VERTEX
  5
C83
330
C80
100
AcDbEntity
  8
0
 62
     5
370
     0
100
AcDbVertex
100
AcDb2dVertex
 10
11470.51724891387
 20
2874.493814063674
 30
0.0
  0
VERTEX
  5
C84
330
C80
100
AcDbEntity
  8
0
 62
     5
370
     0
100
AcDbVertex
100
AcDb2dVertex
 10
11470.51724891387
 20
2872.296223732682
 30
0.0
  0
VERTEX
  5
C85
330
C80
100
AcDbEntity
  8
0
 62
     5
370
     0
100
AcDbVertex
100
AcDb2dVertex
 10
11471.61604407936
 20
2869.732368346526
 30
0.0
  0
VERTEX
  5
C86
330
C80
100
AcDbEntity
  8
0
 62
     5
370
     0
100
AcDbVertex
100
AcDb2dVertex
 10
11474.17989946552
 20
2868.63357318103
 30
0.0
  0
VERTEX
  5
C87
330
C80
100
AcDbEntity
  8
0
 62
     5
370
     0
100
AcDbVertex
100
AcDb2dVertex
 10
11478.94134518267
 20
2867.534778015535
 30
0.0
  0
VERTEX
  5
C88
330
C80
100
AcDbEntity
  8
0
 62
     5
370
     0
100
AcDbVertex
100
AcDb2dVertex
 10
11482.60399573432
 20
2866.435982850039
 30
0.0
  0
VERTEX
  5
C89
330
C80
100
AcDbEntity
  8
0
 62
     5
370
     0
100
AcDbVertex
100
AcDb2dVertex
 10
11484.80158606531
 20
2863.872127463883
 30
0.0
  0
VERTEX
  5
C8A
330
C80
100
AcDbEntity
  8
0
 62
     5
370
     0
100
AcDbVertex
100
AcDb2dVertex
 10
11485.9003812308
 20
2861.674537132891
 30
0.0
  0
VERTEX
  5
C8B
330
C80
100
AcDbEntity
  8
0
 62
     5
370
     0
100
AcDbVertex
100
AcDb2dVertex
 10
11485.9003812308
 20
2858.011886581239
 30
0.0
  0
VERTEX
  5
C8C
330
C80
100
AcDbEntity
  8
0
 62
     5
370
     0
100
AcDbVertex
100
AcDb2dVertex
 10
11484.80158606531
 20
2855.448031195083
 30
0.0
  0
VERTEX
  5
C8D
330
C80
100
AcDbEntity
  8
0
 62
     5
370
     0
100
AcDbVertex
100
AcDb2dVertex
 10
11483.70279089981
 20
2854.349236029588
 30
0.0
  0
VERTEX
  5
C8E
330
C80
100
AcDbEntity
  8
0
 62
     5
370
     0
100
AcDbVertex
100
AcDb2dVertex
 10
11480.04014034816
 20
2853.250440864092
 30
0.0
  0
VERTEX
  5
C8F
330
C80
100
AcDbEntity
  8
0
 62
     5
370
     0
100
AcDbVertex
100
AcDb2dVertex
 10
11475.27869463101
 20
2853.250440864092
 30
0.0
  0
VERTEX
  5
C90
330
C80
100
AcDbEntity
  8
0
 62
     5
370
     0
100
AcDbVertex
100
AcDb2dVertex
 10
11471.61604407936
 20
2854.349236029588
 30
0.0
  0
VERTEX
  5
C91
330
C80
100
AcDbEntity
  8
0
 62
     5
370
     0
100
AcDbVertex
100
AcDb2dVertex
 10
11470.51724891387
 20
2855.448031195083
 30
0.0
  0
VERTEX
  5
C92
330
C80
100
AcDbEntity
  8
0
 62
     5
370
     0
100
AcDbVertex
100
AcDb2dVertex
 10
11469.41845374837
 20
2858.011886581239
 30
0.0
  0
VERTEX
  5
C93
330
C80
100
AcDbEntity
  8
0
 62
     5
370
     0
100
AcDbVertex
100
AcDb2dVertex
 10
11469.41845374837
 20
2861.674537132891
 30
0.0
  0
VERTEX
  5
C94
330
C80
100
AcDbEntity
  8
0
 62
     5
370
     0
100
AcDbVertex
100
AcDb2dVertex
 10
11470.51724891387
 20
2863.872127463883
 30
0.0
  0
VERTEX
  5
C95
330
C80
100
AcDbEntity
  8
0
 62
     5
370
     0
100
AcDbVertex
100
AcDb2dVertex
 10
11473.08110430002
 20
2866.435982850039
 30
0.0
  0
VERTEX
  5
C96
330
C80
100
AcDbEntity
  8
0
 62
     5
370
     0
100
AcDbVertex
100
AcDb2dVertex
 10
11476.37748979651
 20
2867.534778015535
 30
0.0
  0
VERTEX
  5
C97
330
C80
100
AcDbEntity
  8
0
 62
     5
370
     0
100
AcDbVertex
100
AcDb2dVertex
 10
11481.13893551366
 20
2868.63357318103
 30
0.0
  0
VERTEX
  5
C98
330
C80
100
AcDbEntity
  8
0
 62
     5
370
     0
100
AcDbVertex
100
AcDb2dVertex
 10
11483.70279089981
 20
2869.732368346526
 30
0.0
  0
VERTEX
  5
C99
330
C80
100
AcDbEntity
  8
0
 62
     5
370
     0
100
AcDbVertex
100
AcDb2dVertex
 10
11484.80158606531
 20
2872.296223732682
 30
0.0
  0
VERTEX
  5
C9A
330
C80
100
AcDbEntity
  8
0
 62
     5
370
     0
100
AcDbVertex
100
AcDb2dVertex
 10
11484.80158606531
 20
2874.493814063674
 30
0.0
  0
VERTEX
  5
C9B
330
C80
100
AcDbEntity
  8
0
 62
     5
370
     0
100
AcDbVertex
100
AcDb2dVertex
 10
11483.70279089981
 20
2877.057669449829
 30
0.0
  0
VERTEX
  5
C9C
330
C80
100
AcDbEntity
  8
0
 62
     5
370
     0
100
AcDbVertex
100
AcDb2dVertex
 10
11480.04014034816
 20
2878.156464615324
 30
0.0
  0
VERTEX
  5
C9D
330
C80
100
AcDbEntity
  8
0
 62
     5
370
     0
100
AcDbVertex
100
AcDb2dVertex
 10
11475.27869463101
 20
2878.156464615324
 30
0.0
  0
SEQEND
  5
C9E
330
C80
100
AcDbEntity
  8
0
 62
     5
370
     0
  0
POLYLINE
  5
C9F
330
1F
100
AcDbEntity
  8
0
 62
     5
370
     0
100
AcDb2dPolyline
 66
     1
 10
0.0
 20
0.0
 30
0.0
  0
VERTEX
  5
CA0
330
C9F
100
AcDbEntity
  8
0
 62
     5
370
     0
100
AcDbVertex
100
AcDb2dVertex
 10
11049.3124354739
 20
2769.009478176099
 30
0.0
  0
VERTEX
  5
CA1
330
C9F
100
AcDbEntity
  8
0
 62
     5
370
     0
100
AcDbVertex
100
AcDb2dVertex
 10
11051.51002580489
 20
2770.108273341595
 30
0.0
  0
VERTEX
  5
CA2
330
C9F
100
AcDbEntity
  8
0
 62
     5
370
     0
100
AcDbVertex
100
AcDb2dVertex
 10
11055.17267635654
 20
2773.770923893246
 30
0.0
  0
VERTEX
  5
CA3
330
C9F
100
AcDbEntity
  8
0
 62
     5
370
     0
100
AcDbVertex
100
AcDb2dVertex
 10
11055.17267635654
 20
2748.864900142014
 30
0.0
  0
SEQEND
  5
CA4
330
C9F
100
AcDbEntity
  8
0
 62
     5
370
     0
  0
POLYLINE
  5
CA5
330
1F
100
AcDbEntity
  8
0
 62
     5
370
     0
100
AcDb2dPolyline
 66
     1
 10
0.0
 20
0.0
 30
0.0
  0
VERTEX
  5
CA6
330
CA5
100
AcDbEntity
  8
0
 62
     5
370
     0
100
AcDbVertex
100
AcDb2dVertex
 10
11082.64255549393
 20
2773.770923893246
 30
0.0
  0
VERTEX
  5
CA7
330
CA5
100
AcDbEntity
  8
0
 62
     5
370
     0
100
AcDbVertex
100
AcDb2dVertex
 10
11070.55580867348
 20
2773.770923893246
 30
0.0
  0
VERTEX
  5
CA8
330
CA5
100
AcDbEntity
  8
0
 62
     5
370
     0
100
AcDbVertex
100
AcDb2dVertex
 10
11069.45701350799
 20
2763.149237293456
 30
0.0
  0
VERTEX
  5
CA9
330
CA5
100
AcDbEntity
  8
0
 62
     5
370
     0
100
AcDbVertex
100
AcDb2dVertex
 10
11070.55580867348
 20
2764.248032458951
 30
0.0
  0
VERTEX
  5
CAA
330
CA5
100
AcDbEntity
  8
0
 62
     5
370
     0
100
AcDbVertex
100
AcDb2dVertex
 10
11074.21845922513
 20
2765.346827624447
 30
0.0
  0
VERTEX
  5
CAB
330
CA5
100
AcDbEntity
  8
0
 62
     5
370
     0
100
AcDbVertex
100
AcDb2dVertex
 10
11077.88110977679
 20
2765.346827624447
 30
0.0
  0
VERTEX
  5
CAC
330
CA5
100
AcDbEntity
  8
0
 62
     5
370
     0
100
AcDbVertex
100
AcDb2dVertex
 10
11081.54376032844
 20
2764.248032458951
 30
0.0
  0
VERTEX
  5
CAD
330
CA5
100
AcDbEntity
  8
0
 62
     5
370
     0
100
AcDbVertex
100
AcDb2dVertex
 10
11083.74135065943
 20
2761.684177072795
 30
0.0
  0
VERTEX
  5
CAE
330
CA5
100
AcDbEntity
  8
0
 62
     5
370
     0
100
AcDbVertex
100
AcDb2dVertex
 10
11084.84014582493
 20
2758.387791576308
 30
0.0
  0
VERTEX
  5
CAF
330
CA5
100
AcDbEntity
  8
0
 62
     5
370
     0
100
AcDbVertex
100
AcDb2dVertex
 10
11084.84014582493
 20
2755.823936190151
 30
0.0
  0
VERTEX
  5
CB0
330
CA5
100
AcDbEntity
  8
0
 62
     5
370
     0
100
AcDbVertex
100
AcDb2dVertex
 10
11083.74135065943
 20
2752.1612856385
 30
0.0
  0
VERTEX
  5
CB1
330
CA5
100
AcDbEntity
  8
0
 62
     5
370
     0
100
AcDbVertex
100
AcDb2dVertex
 10
11081.54376032844
 20
2749.963695307509
 30
0.0
  0
VERTEX
  5
CB2
330
CA5
100
AcDbEntity
  8
0
 62
     5
370
     0
100
AcDbVertex
100
AcDb2dVertex
 10
11077.88110977679
 20
2748.864900142014
 30
0.0
  0
VERTEX
  5
CB3
330
CA5
100
AcDbEntity
  8
0
 62
     5
370
     0
100
AcDbVertex
100
AcDb2dVertex
 10
11074.21845922513
 20
2748.864900142014
 30
0.0
  0
VERTEX
  5
CB4
330
CA5
100
AcDbEntity
  8
0
 62
     5
370
     0
100
AcDbVertex
100
AcDb2dVertex
 10
11070.55580867348
 20
2749.963695307509
 30
0.0
  0
VERTEX
  5
CB5
330
CA5
100
AcDbEntity
  8
0
 62
     5
370
     0
100
AcDbVertex
100
AcDb2dVertex
 10
11069.45701350799
 20
2751.062490473004
 30
0.0
  0
VERTEX
  5
CB6
330
CA5
100
AcDbEntity
  8
0
 62
     5
370
     0
100
AcDbVertex
100
AcDb2dVertex
 10
11068.35821834249
 20
2753.62634585916
 30
0.0
  0
SEQEND
  5
CB7
330
CA5
100
AcDbEntity
  8
0
 62
     5
370
     0
  0
POLYLINE
  5
CB8
330
1F
100
AcDbEntity
  8
0
 62
     5
370
     0
100
AcDb2dPolyline
 66
     1
 10
0.0
 20
0.0
 30
0.0
  0
VERTEX
  5
CB9
330
CB8
100
AcDbEntity
  8
0
 62
     5
370
     0
100
AcDbVertex
100
AcDb2dVertex
 10
11092.16544692823
 20
2759.486586741804
 30
0.0
  0
VERTEX
  5
CBA
330
CB8
100
AcDbEntity
  8
0
 62
     5
370
     0
100
AcDbVertex
100
AcDb2dVertex
 10
11103.88592869351
 20
2759.486586741804
 30
0.0
  0
SEQEND
  5
CBB
330
CB8
100
AcDbEntity
  8
0
 62
     5
370
     0
  0
POLYLINE
  5
CBC
330
1F
100
AcDbEntity
  8
0
 62
     5
370
     0
100
AcDb2dPolyline
 66
     1
 10
0.0
 20
0.0
 30
0.0
  0
VERTEX
  5
CBD
330
CBC
100
AcDbEntity
  8
0
 62
     5
370
     0
100
AcDbVertex
100
AcDb2dVertex
 10
11113.40882012781
 20
2769.009478176099
 30
0.0
  0
VERTEX
  5
CBE
330
CBC
100
AcDbEntity
  8
0
 62
     5
370
     0
100
AcDbVertex
100
AcDb2dVertex
 10
11115.97267551396
 20
2770.108273341595
 30
0.0
  0
VERTEX
  5
CBF
330
CBC
100
AcDbEntity
  8
0
 62
     5
370
     0
100
AcDbVertex
100
AcDb2dVertex
 10
11119.26906101045
 20
2773.770923893246
 30
0.0
  0
VERTEX
  5
CC0
330
CBC
100
AcDbEntity
  8
0
 62
     5
370
     0
100
AcDbVertex
100
AcDb2dVertex
 10
11119.26906101045
 20
2748.864900142014
 30
0.0
  0
SEQEND
  5
CC1
330
CBC
100
AcDbEntity
  8
0
 62
     5
370
     0
  0
POLYLINE
  5
CC2
330
1F
100
AcDbEntity
  8
0
 62
     5
370
     0
100
AcDb2dPolyline
 66
     1
 10
0.0
 20
0.0
 30
0.0
 70
     1
  0
VERTEX
  5
CC3
330
CC2
100
AcDbEntity
  8
0
 62
     5
370
     0
100
AcDbVertex
100
AcDb2dVertex
 10
11139.7799040997
 20
2773.770923893246
 30
0.0
  0
VERTEX
  5
CC4
330
CC2
100
AcDbEntity
  8
0
 62
     5
370
     0
100
AcDbVertex
100
AcDb2dVertex
 10
11136.11725354805
 20
2772.672128727751
 30
0.0
  0
VERTEX
  5
CC5
330
CC2
100
AcDbEntity
  8
0
 62
     5
370
     0
100
AcDbVertex
100
AcDb2dVertex
 10
11133.55339816189
 20
2769.009478176099
 30
0.0
  0
VERTEX
  5
CC6
330
CC2
100
AcDbEntity
  8
0
 62
     5
370
     0
100
AcDbVertex
100
AcDb2dVertex
 10
11132.4546029964
 20
2763.149237293456
 30
0.0
  0
VERTEX
  5
CC7
330
CC2
100
AcDbEntity
  8
0
 62
     5
370
     0
100
AcDbVertex
100
AcDb2dVertex
 10
11132.4546029964
 20
2759.486586741804
 30
0.0
  0
VERTEX
  5
CC8
330
CC2
100
AcDbEntity
  8
0
 62
     5
370
     0
100
AcDbVertex
100
AcDb2dVertex
 10
11133.55339816189
 20
2753.62634585916
 30
0.0
  0
VERTEX
  5
CC9
330
CC2
100
AcDbEntity
  8
0
 62
     5
370
     0
100
AcDbVertex
100
AcDb2dVertex
 10
11136.11725354805
 20
2749.963695307509
 30
0.0
  0
VERTEX
  5
CCA
330
CC2
100
AcDbEntity
  8
0
 62
     5
370
     0
100
AcDbVertex
100
AcDb2dVertex
 10
11139.7799040997
 20
2748.864900142014
 30
0.0
  0
VERTEX
  5
CCB
330
CC2
100
AcDbEntity
  8
0
 62
     5
370
     0
100
AcDbVertex
100
AcDb2dVertex
 10
11141.97749443069
 20
2748.864900142014
 30
0.0
  0
VERTEX
  5
CCC
330
CC2
100
AcDbEntity
  8
0
 62
     5
370
     0
100
AcDbVertex
100
AcDb2dVertex
 10
11145.64014498234
 20
2749.963695307509
 30
0.0
  0
VERTEX
  5
CCD
330
CC2
100
AcDbEntity
  8
0
 62
     5
370
     0
100
AcDbVertex
100
AcDb2dVertex
 10
11147.83773531334
 20
2753.62634585916
 30
0.0
  0
VERTEX
  5
CCE
330
CC2
100
AcDbEntity
  8
0
 62
     5
370
     0
100
AcDbVertex
100
AcDb2dVertex
 10
11149.302795534
 20
2759.486586741804
 30
0.0
  0
VERTEX
  5
CCF
330
CC2
100
AcDbEntity
  8
0
 62
     5
370
     0
100
AcDbVertex
100
AcDb2dVertex
 10
11149.302795534
 20
2763.149237293456
 30
0.0
  0
VERTEX
  5
CD0
330
CC2
100
AcDbEntity
  8
0
 62
     5
370
     0
100
AcDbVertex
100
AcDb2dVertex
 10
11147.83773531334
 20
2769.009478176099
 30
0.0
  0
VERTEX
  5
CD1
330
CC2
100
AcDbEntity
  8
0
 62
     5
370
     0
100
AcDbVertex
100
AcDb2dVertex
 10
11145.64014498234
 20
2772.672128727751
 30
0.0
  0
VERTEX
  5
CD2
330
CC2
100
AcDbEntity
  8
0
 62
     5
370
     0
100
AcDbVertex
100
AcDb2dVertex
 10
11141.97749443069
 20
2773.770923893246
 30
0.0
  0
VERTEX
  5
CD3
330
CC2
100
AcDbEntity
  8
0
 62
     5
370
     0
100
AcDbVertex
100
AcDb2dVertex
 10
11139.7799040997
 20
2773.770923893246
 30
0.0
  0
SEQEND
  5
CD4
330
CC2
100
AcDbEntity
  8
0
 62
     5
370
     0
  0
POLYLINE
  5
CD5
330
1F
100
AcDbEntity
  8
0
 62
     5
370
     0
100
AcDb2dPolyline
 66
     1
 10
0.0
 20
0.0
 30
0.0
  0
VERTEX
  5
CD6
330
CD5
100
AcDbEntity
  8
0
 62
     5
370
     0
100
AcDbVertex
100
AcDb2dVertex
 10
9678.382333990601
 20
1735.043227444771
 30
0.0
  0
VERTEX
  5
CD7
330
CD5
100
AcDbEntity
  8
0
 62
     5
370
     0
100
AcDbVertex
100
AcDb2dVertex
 10
9680.94618937676
 20
1736.142022610267
 30
0.0
  0
VERTEX
  5
CD8
330
CD5
100
AcDbEntity
  8
0
 62
     5
370
     0
100
AcDbVertex
100
AcDb2dVertex
 10
9684.608839928413
 20
1739.804673161919
 30
0.0
  0
VERTEX
  5
CD9
330
CD5
100
AcDbEntity
  8
0
 62
     5
370
     0
100
AcDbVertex
100
AcDb2dVertex
 10
9684.608839928413
 20
1714.898649410686
 30
0.0
  0
SEQEND
  5
CDA
330
CD5
100
AcDbEntity
  8
0
 62
     5
370
     0
  0
POLYLINE
  5
CDB
330
1F
100
AcDbEntity
  8
0
 62
     5
370
     0
100
AcDb2dPolyline
 66
     1
 10
0.0
 20
0.0
 30
0.0
  0
VERTEX
  5
CDC
330
CDB
100
AcDbEntity
  8
0
 62
     5
370
     0
100
AcDbVertex
100
AcDb2dVertex
 10
9697.428116859192
 20
1739.804673161919
 30
0.0
  0
VERTEX
  5
CDD
330
CDB
100
AcDbEntity
  8
0
 62
     5
370
     0
100
AcDbVertex
100
AcDb2dVertex
 10
9714.276309396792
 20
1739.804673161919
 30
0.0
  0
VERTEX
  5
CDE
330
CDB
100
AcDbEntity
  8
0
 62
     5
370
     0
100
AcDbVertex
100
AcDb2dVertex
 10
9702.189562576341
 20
1714.898649410686
 30
0.0
  0
SEQEND
  5
CDF
330
CDB
100
AcDbEntity
  8
0
 62
     5
370
     0
  0
POLYLINE
  5
CE0
330
1F
100
AcDbEntity
  8
0
 62
     5
370
     0
100
AcDb2dPolyline
 66
     1
 10
0.0
 20
0.0
 30
0.0
  0
VERTEX
  5
CE1
330
CE0
100
AcDbEntity
  8
0
 62
     5
370
     0
100
AcDbVertex
100
AcDb2dVertex
 10
9721.235345444931
 20
1725.520336010476
 30
0.0
  0
VERTEX
  5
CE2
330
CE0
100
AcDbEntity
  8
0
 62
     5
370
     0
100
AcDbVertex
100
AcDb2dVertex
 10
9733.322092265382
 20
1725.520336010476
 30
0.0
  0
SEQEND
  5
CE3
330
CE0
100
AcDbEntity
  8
0
 62
     5
370
     0
  0
POLYLINE
  5
CE4
330
1F
100
AcDbEntity
  8
0
 62
     5
370
     0
100
AcDb2dPolyline
 66
     1
 10
0.0
 20
0.0
 30
0.0
  0
VERTEX
  5
CE5
330
CE4
100
AcDbEntity
  8
0
 62
     5
370
     0
100
AcDbVertex
100
AcDb2dVertex
 10
9745.042574030668
 20
1739.804673161919
 30
0.0
  0
VERTEX
  5
CE6
330
CE4
100
AcDbEntity
  8
0
 62
     5
370
     0
100
AcDbVertex
100
AcDb2dVertex
 10
9758.228116016613
 20
1739.804673161919
 30
0.0
  0
VERTEX
  5
CE7
330
CE4
100
AcDbEntity
  8
0
 62
     5
370
     0
100
AcDbVertex
100
AcDb2dVertex
 10
9750.90281491331
 20
1730.281781727624
 30
0.0
  0
VERTEX
  5
CE8
330
CE4
100
AcDbEntity
  8
0
 62
     5
370
     0
100
AcDbVertex
100
AcDb2dVertex
 10
9754.565465464963
 20
1730.281781727624
 30
0.0
  0
VERTEX
  5
CE9
330
CE4
100
AcDbEntity
  8
0
 62
     5
370
     0
100
AcDbVertex
100
AcDb2dVertex
 10
9757.129320851118
 20
1729.182986562128
 30
0.0
  0
VERTEX
  5
CEA
330
CE4
100
AcDbEntity
  8
0
 62
     5
370
     0
100
AcDbVertex
100
AcDb2dVertex
 10
9758.228116016613
 20
1727.717926341467
 30
0.0
  0
VERTEX
  5
CEB
330
CE4
100
AcDbEntity
  8
0
 62
     5
370
     0
100
AcDbVertex
100
AcDb2dVertex
 10
9759.326911182109
 20
1724.42154084498
 30
0.0
  0
VERTEX
  5
CEC
330
CE4
100
AcDbEntity
  8
0
 62
     5
370
     0
100
AcDbVertex
100
AcDb2dVertex
 10
9759.326911182109
 20
1721.857685458824
 30
0.0
  0
VERTEX
  5
CED
330
CE4
100
AcDbEntity
  8
0
 62
     5
370
     0
100
AcDbVertex
100
AcDb2dVertex
 10
9758.228116016613
 20
1718.195034907173
 30
0.0
  0
VERTEX
  5
CEE
330
CE4
100
AcDbEntity
  8
0
 62
     5
370
     0
100
AcDbVertex
100
AcDb2dVertex
 10
9755.664260630457
 20
1715.997444576181
 30
0.0
  0
VERTEX
  5
CEF
330
CE4
100
AcDbEntity
  8
0
 62
     5
370
     0
100
AcDbVertex
100
AcDb2dVertex
 10
9752.36787513397
 20
1714.898649410686
 30
0.0
  0
VERTEX
  5
CF0
330
CE4
100
AcDbEntity
  8
0
 62
     5
370
     0
100
AcDbVertex
100
AcDb2dVertex
 10
9748.705224582318
 20
1714.898649410686
 30
0.0
  0
VERTEX
  5
CF1
330
CE4
100
AcDbEntity
  8
0
 62
     5
370
     0
100
AcDbVertex
100
AcDb2dVertex
 10
9745.042574030668
 20
1715.997444576181
 30
0.0
  0
VERTEX
  5
CF2
330
CE4
100
AcDbEntity
  8
0
 62
     5
370
     0
100
AcDbVertex
100
AcDb2dVertex
 10
9743.943778865173
 20
1717.096239741677
 30
0.0
  0
VERTEX
  5
CF3
330
CE4
100
AcDbEntity
  8
0
 62
     5
370
     0
100
AcDbVertex
100
AcDb2dVertex
 10
9742.844983699677
 20
1719.660095127833
 30
0.0
  0
SEQEND
  5
CF4
330
CE4
100
AcDbEntity
  8
0
 62
     5
370
     0
  0
POLYLINE
  5
CF5
330
1F
100
AcDbEntity
  8
0
 62
     5
370
     0
100
AcDb2dPolyline
 66
     1
 10
0.0
 20
0.0
 30
0.0
  0
VERTEX
  5
CF6
330
CF5
100
AcDbEntity
  8
0
 62
     5
370
     0
100
AcDbVertex
100
AcDb2dVertex
 10
9897.04257192422
 20
2034.648042569896
 30
0.0
  0
VERTEX
  5
CF7
330
CF5
100
AcDbEntity
  8
0
 62
     5
370
     0
100
AcDbVertex
100
AcDb2dVertex
 10
9899.606427310377
 20
2035.746837735391
 30
0.0
  0
VERTEX
  5
CF8
330
CF5
100
AcDbEntity
  8
0
 62
     5
370
     0
100
AcDbVertex
100
AcDb2dVertex
 10
9902.902812806862
 20
2039.409488287043
 30
0.0
  0
VERTEX
  5
CF9
330
CF5
100
AcDbEntity
  8
0
 62
     5
370
     0
100
AcDbVertex
100
AcDb2dVertex
 10
9902.902812806862
 20
2014.50346453581
 30
0.0
  0
SEQEND
  5
CFA
330
CF5
100
AcDbEntity
  8
0
 62
     5
370
     0
  0
POLYLINE
  5
CFB
330
1F
100
AcDbEntity
  8
0
 62
     5
370
     0
100
AcDb2dPolyline
 66
     1
 10
0.0
 20
0.0
 30
0.0
  0
VERTEX
  5
CFC
330
CFB
100
AcDbEntity
  8
0
 62
     5
370
     0
100
AcDbVertex
100
AcDb2dVertex
 10
9916.08835479281
 20
2039.409488287043
 30
0.0
  0
VERTEX
  5
CFD
330
CFB
100
AcDbEntity
  8
0
 62
     5
370
     0
100
AcDbVertex
100
AcDb2dVertex
 10
9932.936547330408
 20
2039.409488287043
 30
0.0
  0
VERTEX
  5
CFE
330
CFB
100
AcDbEntity
  8
0
 62
     5
370
     0
100
AcDbVertex
100
AcDb2dVertex
 10
9920.849800509955
 20
2014.50346453581
 30
0.0
  0
SEQEND
  5
CFF
330
CFB
100
AcDbEntity
  8
0
 62
     5
370
     0
  0
POLYLINE
  5
D00
330
1F
100
AcDbEntity
  8
0
 62
     5
370
     0
100
AcDb2dPolyline
 66
     1
 10
0.0
 20
0.0
 30
0.0
  0
VERTEX
  5
D01
330
D00
100
AcDbEntity
  8
0
 62
     5
370
     0
100
AcDbVertex
100
AcDb2dVertex
 10
9939.89558337855
 20
2025.125151135601
 30
0.0
  0
VERTEX
  5
D02
330
D00
100
AcDbEntity
  8
0
 62
     5
370
     0
100
AcDbVertex
100
AcDb2dVertex
 10
9951.982330199001
 20
2025.125151135601
 30
0.0
  0
SEQEND
  5
D03
330
D00
100
AcDbEntity
  8
0
 62
     5
370
     0
  0
POLYLINE
  5
D04
330
1F
100
AcDbEntity
  8
0
 62
     5
370
     0
100
AcDb2dPolyline
 66
     1
 10
0.0
 20
0.0
 30
0.0
  0
VERTEX
  5
D05
330
D04
100
AcDbEntity
  8
0
 62
     5
370
     0
100
AcDbVertex
100
AcDb2dVertex
 10
9975.789558784734
 20
2035.746837735391
 30
0.0
  0
VERTEX
  5
D06
330
D04
100
AcDbEntity
  8
0
 62
     5
370
     0
100
AcDbVertex
100
AcDb2dVertex
 10
9974.324498564074
 20
2038.310693121548
 30
0.0
  0
VERTEX
  5
D07
330
D04
100
AcDbEntity
  8
0
 62
     5
370
     0
100
AcDbVertex
100
AcDb2dVertex
 10
9971.028113067589
 20
2039.409488287043
 30
0.0
  0
VERTEX
  5
D08
330
D04
100
AcDbEntity
  8
0
 62
     5
370
     0
100
AcDbVertex
100
AcDb2dVertex
 10
9968.464257681432
 20
2039.409488287043
 30
0.0
  0
VERTEX
  5
D09
330
D04
100
AcDbEntity
  8
0
 62
     5
370
     0
100
AcDbVertex
100
AcDb2dVertex
 10
9964.801607129778
 20
2038.310693121548
 30
0.0
  0
VERTEX
  5
D0A
330
D04
100
AcDbEntity
  8
0
 62
     5
370
     0
100
AcDbVertex
100
AcDb2dVertex
 10
9962.604016798788
 20
2034.648042569896
 30
0.0
  0
VERTEX
  5
D0B
330
D04
100
AcDbEntity
  8
0
 62
     5
370
     0
100
AcDbVertex
100
AcDb2dVertex
 10
9961.505221633295
 20
2028.787801687252
 30
0.0
  0
VERTEX
  5
D0C
330
D04
100
AcDbEntity
  8
0
 62
     5
370
     0
100
AcDbVertex
100
AcDb2dVertex
 10
9961.505221633295
 20
2022.92756080461
 30
0.0
  0
VERTEX
  5
D0D
330
D04
100
AcDbEntity
  8
0
 62
     5
370
     0
100
AcDbVertex
100
AcDb2dVertex
 10
9962.604016798788
 20
2018.166115087462
 30
0.0
  0
VERTEX
  5
D0E
330
D04
100
AcDbEntity
  8
0
 62
     5
370
     0
100
AcDbVertex
100
AcDb2dVertex
 10
9964.801607129778
 20
2015.602259701307
 30
0.0
  0
VERTEX
  5
D0F
330
D04
100
AcDbEntity
  8
0
 62
     5
370
     0
100
AcDbVertex
100
AcDb2dVertex
 10
9968.464257681432
 20
2014.50346453581
 30
0.0
  0
VERTEX
  5
D10
330
D04
100
AcDbEntity
  8
0
 62
     5
370
     0
100
AcDbVertex
100
AcDb2dVertex
 10
9969.563052846929
 20
2014.50346453581
 30
0.0
  0
VERTEX
  5
D11
330
D04
100
AcDbEntity
  8
0
 62
     5
370
     0
100
AcDbVertex
100
AcDb2dVertex
 10
9973.225703398581
 20
2015.602259701307
 30
0.0
  0
VERTEX
  5
D12
330
D04
100
AcDbEntity
  8
0
 62
     5
370
     0
100
AcDbVertex
100
AcDb2dVertex
 10
9975.789558784734
 20
2018.166115087462
 30
0.0
  0
VERTEX
  5
D13
330
D04
100
AcDbEntity
  8
0
 62
     5
370
     0
100
AcDbVertex
100
AcDb2dVertex
 10
9976.888353950231
 20
2021.462500583949
 30
0.0
  0
VERTEX
  5
D14
330
D04
100
AcDbEntity
  8
0
 62
     5
370
     0
100
AcDbVertex
100
AcDb2dVertex
 10
9976.888353950231
 20
2022.92756080461
 30
0.0
  0
VERTEX
  5
D15
330
D04
100
AcDbEntity
  8
0
 62
     5
370
     0
100
AcDbVertex
100
AcDb2dVertex
 10
9975.789558784734
 20
2026.223946301096
 30
0.0
  0
VERTEX
  5
D16
330
D04
100
AcDbEntity
  8
0
 62
     5
370
     0
100
AcDbVertex
100
AcDb2dVertex
 10
9973.225703398581
 20
2028.787801687252
 30
0.0
  0
VERTEX
  5
D17
330
D04
100
AcDbEntity
  8
0
 62
     5
370
     0
100
AcDbVertex
100
AcDb2dVertex
 10
9969.563052846929
 20
2029.886596852748
 30
0.0
  0
VERTEX
  5
D18
330
D04
100
AcDbEntity
  8
0
 62
     5
370
     0
100
AcDbVertex
100
AcDb2dVertex
 10
9968.464257681432
 20
2029.886596852748
 30
0.0
  0
VERTEX
  5
D19
330
D04
100
AcDbEntity
  8
0
 62
     5
370
     0
100
AcDbVertex
100
AcDb2dVertex
 10
9964.801607129778
 20
2028.787801687252
 30
0.0
  0
VERTEX
  5
D1A
330
D04
100
AcDbEntity
  8
0
 62
     5
370
     0
100
AcDbVertex
100
AcDb2dVertex
 10
9962.604016798788
 20
2026.223946301096
 30
0.0
  0
VERTEX
  5
D1B
330
D04
100
AcDbEntity
  8
0
 62
     5
370
     0
100
AcDbVertex
100
AcDb2dVertex
 10
9961.505221633295
 20
2022.92756080461
 30
0.0
  0
SEQEND
  5
D1C
330
D04
100
AcDbEntity
  8
0
 62
     5
370
     0
  0
POLYLINE
  5
D1D
330
1F
100
AcDbEntity
  8
0
 62
     5
370
     0
100
AcDb2dPolyline
 66
     1
 10
0.0
 20
0.0
 30
0.0
  0
VERTEX
  5
D1E
330
D1D
100
AcDbEntity
  8
0
 62
     5
370
     0
100
AcDbVertex
100
AcDb2dVertex
 10
10364.396782315
 20
2421.423940824335
 30
0.0
  0
VERTEX
  5
D1F
330
D1D
100
AcDbEntity
  8
0
 62
     5
370
     0
100
AcDbVertex
100
AcDb2dVertex
 10
10366.96063770115
 20
2422.889001044996
 30
0.0
  0
VERTEX
  5
D20
330
D1D
100
AcDbEntity
  8
0
 62
     5
370
     0
100
AcDbVertex
100
AcDb2dVertex
 10
10370.25702319764
 20
2426.185386541482
 30
0.0
  0
VERTEX
  5
D21
330
D1D
100
AcDbEntity
  8
0
 62
     5
370
     0
100
AcDbVertex
100
AcDb2dVertex
 10
10370.25702319764
 20
2401.27936279025
 30
0.0
  0
SEQEND
  5
D22
330
D1D
100
AcDbEntity
  8
0
 62
     5
370
     0
  0
POLYLINE
  5
D23
330
1F
100
AcDbEntity
  8
0
 62
     5
370
     0
100
AcDb2dPolyline
 66
     1
 10
0.0
 20
0.0
 30
0.0
  0
VERTEX
  5
D24
330
D23
100
AcDbEntity
  8
0
 62
     5
370
     0
100
AcDbVertex
100
AcDb2dVertex
 10
10383.44256518359
 20
2426.185386541482
 30
0.0
  0
VERTEX
  5
D25
330
D23
100
AcDbEntity
  8
0
 62
     5
370
     0
100
AcDbVertex
100
AcDb2dVertex
 10
10400.29075772119
 20
2426.185386541482
 30
0.0
  0
VERTEX
  5
D26
330
D23
100
AcDbEntity
  8
0
 62
     5
370
     0
100
AcDbVertex
100
AcDb2dVertex
 10
10388.20401090074
 20
2401.27936279025
 30
0.0
  0
SEQEND
  5
D27
330
D23
100
AcDbEntity
  8
0
 62
     5
370
     0
  0
POLYLINE
  5
D28
330
1F
100
AcDbEntity
  8
0
 62
     5
370
     0
100
AcDb2dPolyline
 66
     1
 10
0.0
 20
0.0
 30
0.0
  0
VERTEX
  5
D29
330
D28
100
AcDbEntity
  8
0
 62
     5
370
     0
100
AcDbVertex
100
AcDb2dVertex
 10
10407.24979376932
 20
2411.90104939004
 30
0.0
  0
VERTEX
  5
D2A
330
D28
100
AcDbEntity
  8
0
 62
     5
370
     0
100
AcDbVertex
100
AcDb2dVertex
 10
10419.33654058978
 20
2411.90104939004
 30
0.0
  0
SEQEND
  5
D2B
330
D28
100
AcDbEntity
  8
0
 62
     5
370
     0
  0
POLYLINE
  5
D2C
330
1F
100
AcDbEntity
  8
0
 62
     5
370
     0
100
AcDb2dPolyline
 66
     1
 10
0.0
 20
0.0
 30
0.0
 70
     1
  0
VERTEX
  5
D2D
330
D2C
100
AcDbEntity
  8
0
 62
     5
370
     0
100
AcDbVertex
100
AcDb2dVertex
 10
10434.71967290671
 20
2426.185386541482
 30
0.0
  0
VERTEX
  5
D2E
330
D2C
100
AcDbEntity
  8
0
 62
     5
370
     0
100
AcDbVertex
100
AcDb2dVertex
 10
10431.05702235506
 20
2425.086591375987
 30
0.0
  0
VERTEX
  5
D2F
330
D2C
100
AcDbEntity
  8
0
 62
     5
370
     0
100
AcDbVertex
100
AcDb2dVertex
 10
10429.95822718957
 20
2422.889001044996
 30
0.0
  0
VERTEX
  5
D30
330
D2C
100
AcDbEntity
  8
0
 62
     5
370
     0
100
AcDbVertex
100
AcDb2dVertex
 10
10429.95822718957
 20
2420.325145658839
 30
0.0
  0
VERTEX
  5
D31
330
D2C
100
AcDbEntity
  8
0
 62
     5
370
     0
100
AcDbVertex
100
AcDb2dVertex
 10
10431.05702235506
 20
2418.127555327848
 30
0.0
  0
VERTEX
  5
D32
330
D2C
100
AcDbEntity
  8
0
 62
     5
370
     0
100
AcDbVertex
100
AcDb2dVertex
 10
10433.25461268605
 20
2416.662495107187
 30
0.0
  0
VERTEX
  5
D33
330
D2C
100
AcDbEntity
  8
0
 62
     5
370
     0
100
AcDbVertex
100
AcDb2dVertex
 10
10438.0160584032
 20
2415.563699941692
 30
0.0
  0
VERTEX
  5
D34
330
D2C
100
AcDbEntity
  8
0
 62
     5
370
     0
100
AcDbVertex
100
AcDb2dVertex
 10
10441.67870895485
 20
2414.464904776196
 30
0.0
  0
VERTEX
  5
D35
330
D2C
100
AcDbEntity
  8
0
 62
     5
370
     0
100
AcDbVertex
100
AcDb2dVertex
 10
10444.24256434101
 20
2411.90104939004
 30
0.0
  0
VERTEX
  5
D36
330
D2C
100
AcDbEntity
  8
0
 62
     5
370
     0
100
AcDbVertex
100
AcDb2dVertex
 10
10445.34135950651
 20
2409.703459059049
 30
0.0
  0
VERTEX
  5
D37
330
D2C
100
AcDbEntity
  8
0
 62
     5
370
     0
100
AcDbVertex
100
AcDb2dVertex
 10
10445.34135950651
 20
2406.040808507397
 30
0.0
  0
VERTEX
  5
D38
330
D2C
100
AcDbEntity
  8
0
 62
     5
370
     0
100
AcDbVertex
100
AcDb2dVertex
 10
10444.24256434101
 20
2403.843218176406
 30
0.0
  0
VERTEX
  5
D39
330
D2C
100
AcDbEntity
  8
0
 62
     5
370
     0
100
AcDbVertex
100
AcDb2dVertex
 10
10442.77750412035
 20
2402.378157955745
 30
0.0
  0
VERTEX
  5
D3A
330
D2C
100
AcDbEntity
  8
0
 62
     5
370
     0
100
AcDbVertex
100
AcDb2dVertex
 10
10439.48111862386
 20
2401.27936279025
 30
0.0
  0
VERTEX
  5
D3B
330
D2C
100
AcDbEntity
  8
0
 62
     5
370
     0
100
AcDbVertex
100
AcDb2dVertex
 10
10434.71967290671
 20
2401.27936279025
 30
0.0
  0
VERTEX
  5
D3C
330
D2C
100
AcDbEntity
  8
0
 62
     5
370
     0
100
AcDbVertex
100
AcDb2dVertex
 10
10431.05702235506
 20
2402.378157955745
 30
0.0
  0
VERTEX
  5
D3D
330
D2C
100
AcDbEntity
  8
0
 62
     5
370
     0
100
AcDbVertex
100
AcDb2dVertex
 10
10429.95822718957
 20
2403.843218176406
 30
0.0
  0
VERTEX
  5
D3E
330
D2C
100
AcDbEntity
  8
0
 62
     5
370
     0
100
AcDbVertex
100
AcDb2dVertex
 10
10428.49316696891
 20
2406.040808507397
 30
0.0
  0
VERTEX
  5
D3F
330
D2C
100
AcDbEntity
  8
0
 62
     5
370
     0
100
AcDbVertex
100
AcDb2dVertex
 10
10428.49316696891
 20
2409.703459059049
 30
0.0
  0
VERTEX
  5
D40
330
D2C
100
AcDbEntity
  8
0
 62
     5
370
     0
100
AcDbVertex
100
AcDb2dVertex
 10
10429.95822718957
 20
2411.90104939004
 30
0.0
  0
VERTEX
  5
D41
330
D2C
100
AcDbEntity
  8
0
 62
     5
370
     0
100
AcDbVertex
100
AcDb2dVertex
 10
10432.15581752056
 20
2414.464904776196
 30
0.0
  0
VERTEX
  5
D42
330
D2C
100
AcDbEntity
  8
0
 62
     5
370
     0
100
AcDbVertex
100
AcDb2dVertex
 10
10435.81846807221
 20
2415.563699941692
 30
0.0
  0
VERTEX
  5
D43
330
D2C
100
AcDbEntity
  8
0
 62
     5
370
     0
100
AcDbVertex
100
AcDb2dVertex
 10
10440.57991378936
 20
2416.662495107187
 30
0.0
  0
VERTEX
  5
D44
330
D2C
100
AcDbEntity
  8
0
 62
     5
370
     0
100
AcDbVertex
100
AcDb2dVertex
 10
10442.77750412035
 20
2418.127555327848
 30
0.0
  0
VERTEX
  5
D45
330
D2C
100
AcDbEntity
  8
0
 62
     5
370
     0
100
AcDbVertex
100
AcDb2dVertex
 10
10444.24256434101
 20
2420.325145658839
 30
0.0
  0
VERTEX
  5
D46
330
D2C
100
AcDbEntity
  8
0
 62
     5
370
     0
100
AcDbVertex
100
AcDb2dVertex
 10
10444.24256434101
 20
2422.889001044996
 30
0.0
  0
VERTEX
  5
D47
330
D2C
100
AcDbEntity
  8
0
 62
     5
370
     0
100
AcDbVertex
100
AcDb2dVertex
 10
10442.77750412035
 20
2425.086591375987
 30
0.0
  0
VERTEX
  5
D48
330
D2C
100
AcDbEntity
  8
0
 62
     5
370
     0
100
AcDbVertex
100
AcDb2dVertex
 10
10439.48111862386
 20
2426.185386541482
 30
0.0
  0
VERTEX
  5
D49
330
D2C
100
AcDbEntity
  8
0
 62
     5
370
     0
100
AcDbVertex
100
AcDb2dVertex
 10
10434.71967290671
 20
2426.185386541482
 30
0.0
  0
SEQEND
  5
D4A
330
D2C
100
AcDbEntity
  8
0
 62
     5
370
     0
  0
POLYLINE
  5
D4B
330
1F
100
AcDbEntity
  8
0
 62
     5
370
     0
100
AcDb2dPolyline
 66
     1
 10
0.0
 20
0.0
 30
0.0
  0
VERTEX
  5
D4C
330
D4B
100
AcDbEntity
  8
0
 62
     5
370
     0
100
AcDbVertex
100
AcDb2dVertex
 10
10675.72207920541
 20
2593.568516751973
 30
0.0
  0
VERTEX
  5
D4D
330
D4B
100
AcDbEntity
  8
0
 62
     5
370
     0
100
AcDbVertex
100
AcDb2dVertex
 10
10678.28593459156
 20
2594.667311917469
 30
0.0
  0
VERTEX
  5
D4E
330
D4B
100
AcDbEntity
  8
0
 62
     5
370
     0
100
AcDbVertex
100
AcDb2dVertex
 10
10681.94858514322
 20
2598.329962469121
 30
0.0
  0
VERTEX
  5
D4F
330
D4B
100
AcDbEntity
  8
0
 62
     5
370
     0
100
AcDbVertex
100
AcDb2dVertex
 10
10681.94858514322
 20
2573.423938717888
 30
0.0
  0
SEQEND
  5
D50
330
D4B
100
AcDbEntity
  8
0
 62
     5
370
     0
  0
POLYLINE
  5
D51
330
1F
100
AcDbEntity
  8
0
 62
     5
370
     0
100
AcDb2dPolyline
 66
     1
 10
0.0
 20
0.0
 30
0.0
  0
VERTEX
  5
D52
330
D51
100
AcDbEntity
  8
0
 62
     5
370
     0
100
AcDbVertex
100
AcDb2dVertex
 10
10694.767862074
 20
2598.329962469121
 30
0.0
  0
VERTEX
  5
D53
330
D51
100
AcDbEntity
  8
0
 62
     5
370
     0
100
AcDbVertex
100
AcDb2dVertex
 10
10711.6160546116
 20
2598.329962469121
 30
0.0
  0
VERTEX
  5
D54
330
D51
100
AcDbEntity
  8
0
 62
     5
370
     0
100
AcDbVertex
100
AcDb2dVertex
 10
10699.52930779115
 20
2573.423938717888
 30
0.0
  0
SEQEND
  5
D55
330
D51
100
AcDbEntity
  8
0
 62
     5
370
     0
  0
POLYLINE
  5
D56
330
1F
100
AcDbEntity
  8
0
 62
     5
370
     0
100
AcDb2dPolyline
 66
     1
 10
0.0
 20
0.0
 30
0.0
  0
VERTEX
  5
D57
330
D56
100
AcDbEntity
  8
0
 62
     5
370
     0
100
AcDbVertex
100
AcDb2dVertex
 10
10718.57509065973
 20
2584.045625317679
 30
0.0
  0
VERTEX
  5
D58
330
D56
100
AcDbEntity
  8
0
 62
     5
370
     0
100
AcDbVertex
100
AcDb2dVertex
 10
10730.66183748019
 20
2584.045625317679
 30
0.0
  0
SEQEND
  5
D59
330
D56
100
AcDbEntity
  8
0
 62
     5
370
     0
  0
POLYLINE
  5
D5A
330
1F
100
AcDbEntity
  8
0
 62
     5
370
     0
100
AcDb2dPolyline
 66
     1
 10
0.0
 20
0.0
 30
0.0
  0
VERTEX
  5
D5B
330
D5A
100
AcDbEntity
  8
0
 62
     5
370
     0
100
AcDbVertex
100
AcDb2dVertex
 10
10740.18472891448
 20
2593.568516751973
 30
0.0
  0
VERTEX
  5
D5C
330
D5A
100
AcDbEntity
  8
0
 62
     5
370
     0
100
AcDbVertex
100
AcDb2dVertex
 10
10742.38231924547
 20
2594.667311917469
 30
0.0
  0
VERTEX
  5
D5D
330
D5A
100
AcDbEntity
  8
0
 62
     5
370
     0
100
AcDbVertex
100
AcDb2dVertex
 10
10746.04496979713
 20
2598.329962469121
 30
0.0
  0
VERTEX
  5
D5E
330
D5A
100
AcDbEntity
  8
0
 62
     5
370
     0
100
AcDbVertex
100
AcDb2dVertex
 10
10746.04496979713
 20
2573.423938717888
 30
0.0
  0
SEQEND
  5
D5F
330
D5A
100
AcDbEntity
  8
0
 62
     5
370
     0
  0
POLYLINE
  5
D60
330
1F
100
AcDbEntity
  8
0
 62
     5
370
     0
100
AcDb2dPolyline
 66
     1
 10
0.0
 20
0.0
 30
0.0
 70
     1
  0
VERTEX
  5
D61
330
D60
100
AcDbEntity
  8
0
 62
     5
370
     0
100
AcDbVertex
100
AcDb2dVertex
 10
10766.18954783121
 20
2598.329962469121
 30
0.0
  0
VERTEX
  5
D62
330
D60
100
AcDbEntity
  8
0
 62
     5
370
     0
100
AcDbVertex
100
AcDb2dVertex
 10
10762.52689727956
 20
2597.231167303625
 30
0.0
  0
VERTEX
  5
D63
330
D60
100
AcDbEntity
  8
0
 62
     5
370
     0
100
AcDbVertex
100
AcDb2dVertex
 10
10760.32930694857
 20
2593.568516751973
 30
0.0
  0
VERTEX
  5
D64
330
D60
100
AcDbEntity
  8
0
 62
     5
370
     0
100
AcDbVertex
100
AcDb2dVertex
 10
10759.23051178307
 20
2587.70827586933
 30
0.0
  0
VERTEX
  5
D65
330
D60
100
AcDbEntity
  8
0
 62
     5
370
     0
100
AcDbVertex
100
AcDb2dVertex
 10
10759.23051178307
 20
2584.045625317679
 30
0.0
  0
VERTEX
  5
D66
330
D60
100
AcDbEntity
  8
0
 62
     5
370
     0
100
AcDbVertex
100
AcDb2dVertex
 10
10760.32930694857
 20
2578.185384435036
 30
0.0
  0
VERTEX
  5
D67
330
D60
100
AcDbEntity
  8
0
 62
     5
370
     0
100
AcDbVertex
100
AcDb2dVertex
 10
10762.52689727956
 20
2574.522733883384
 30
0.0
  0
VERTEX
  5
D68
330
D60
100
AcDbEntity
  8
0
 62
     5
370
     0
100
AcDbVertex
100
AcDb2dVertex
 10
10766.18954783121
 20
2573.423938717888
 30
0.0
  0
VERTEX
  5
D69
330
D60
100
AcDbEntity
  8
0
 62
     5
370
     0
100
AcDbVertex
100
AcDb2dVertex
 10
10768.75340321737
 20
2573.423938717888
 30
0.0
  0
VERTEX
  5
D6A
330
D60
100
AcDbEntity
  8
0
 62
     5
370
     0
100
AcDbVertex
100
AcDb2dVertex
 10
10772.04978871385
 20
2574.522733883384
 30
0.0
  0
VERTEX
  5
D6B
330
D60
100
AcDbEntity
  8
0
 62
     5
370
     0
100
AcDbVertex
100
AcDb2dVertex
 10
10774.61364410001
 20
2578.185384435036
 30
0.0
  0
VERTEX
  5
D6C
330
D60
100
AcDbEntity
  8
0
 62
     5
370
     0
100
AcDbVertex
100
AcDb2dVertex
 10
10775.7124392655
 20
2584.045625317679
 30
0.0
  0
VERTEX
  5
D6D
330
D60
100
AcDbEntity
  8
0
 62
     5
370
     0
100
AcDbVertex
100
AcDb2dVertex
 10
10775.7124392655
 20
2587.70827586933
 30
0.0
  0
VERTEX
  5
D6E
330
D60
100
AcDbEntity
  8
0
 62
     5
370
     0
100
AcDbVertex
100
AcDb2dVertex
 10
10774.61364410001
 20
2593.568516751973
 30
0.0
  0
VERTEX
  5
D6F
330
D60
100
AcDbEntity
  8
0
 62
     5
370
     0
100
AcDbVertex
100
AcDb2dVertex
 10
10772.04978871385
 20
2597.231167303625
 30
0.0
  0
VERTEX
  5
D70
330
D60
100
AcDbEntity
  8
0
 62
     5
370
     0
100
AcDbVertex
100
AcDb2dVertex
 10
10768.75340321737
 20
2598.329962469121
 30
0.0
  0
VERTEX
  5
D71
330
D60
100
AcDbEntity
  8
0
 62
     5
370
     0
100
AcDbVertex
100
AcDb2dVertex
 10
10766.18954783121
 20
2598.329962469121
 30
0.0
  0
SEQEND
  5
D72
330
D60
100
AcDbEntity
  8
0
 62
     5
370
     0
  0
POLYLINE
  5
DF1
330
1F
100
AcDbEntity
  8
0
 62
     5
370
     0
100
AcDb2dPolyline
 66
     1
 10
0.0
 20
0.0
 30
0.0
  0
VERTEX
  5
DF2
330
DF1
100
AcDbEntity
  8
0
 62
     5
370
     0
100
AcDbVertex
100
AcDb2dVertex
 10
11864.25218321645
 20
2404.209483231571
 30
0.0
  0
VERTEX
  5
DF3
330
DF1
100
AcDbEntity
  8
0
 62
     5
370
     0
100
AcDbVertex
100
AcDb2dVertex
 10
11865.71724343711
 20
2404.942013341901
 30
0.0
  0
VERTEX
  5
DF4
330
DF1
100
AcDbEntity
  8
0
 62
     5
370
     0
100
AcDbVertex
100
AcDb2dVertex
 10
11867.54856871293
 20
2407.139603672892
 30
0.0
  0
VERTEX
  5
DF5
330
DF1
100
AcDbEntity
  8
0
 62
     5
370
     0
100
AcDbVertex
100
AcDb2dVertex
 10
11867.54856871293
 20
2392.12273641112
 30
0.0
  0
SEQEND
  5
DF6
330
DF1
100
AcDbEntity
  8
0
 62
     5
370
     0
  0
POLYLINE
  5
DF7
330
1F
100
AcDbEntity
  8
0
 62
     5
370
     0
100
AcDb2dPolyline
 66
     1
 10
0.0
 20
0.0
 30
0.0
  0
VERTEX
  5
DF8
330
DF7
100
AcDbEntity
  8
0
 62
     5
370
     0
100
AcDbVertex
100
AcDb2dVertex
 10
11884.03049619536
 20
2407.139603672892
 30
0.0
  0
VERTEX
  5
DF9
330
DF7
100
AcDbEntity
  8
0
 62
     5
370
     0
100
AcDbVertex
100
AcDb2dVertex
 10
11877.07146014723
 20
2407.139603672892
 30
0.0
  0
VERTEX
  5
DFA
330
DF7
100
AcDbEntity
  8
0
 62
     5
370
     0
100
AcDbVertex
100
AcDb2dVertex
 10
11876.3389300369
 20
2400.546832679919
 30
0.0
  0
VERTEX
  5
DFB
330
DF7
100
AcDbEntity
  8
0
 62
     5
370
     0
100
AcDbVertex
100
AcDb2dVertex
 10
11877.07146014723
 20
2401.27936279025
 30
0.0
  0
VERTEX
  5
DFC
330
DF7
100
AcDbEntity
  8
0
 62
     5
370
     0
100
AcDbVertex
100
AcDb2dVertex
 10
11879.26905047822
 20
2402.01189290058
 30
0.0
  0
VERTEX
  5
DFD
330
DF7
100
AcDbEntity
  8
0
 62
     5
370
     0
100
AcDbVertex
100
AcDb2dVertex
 10
11881.10037575404
 20
2402.01189290058
 30
0.0
  0
VERTEX
  5
DFE
330
DF7
100
AcDbEntity
  8
0
 62
     5
370
     0
100
AcDbVertex
100
AcDb2dVertex
 10
11883.29796608503
 20
2401.27936279025
 30
0.0
  0
VERTEX
  5
DFF
330
DF7
100
AcDbEntity
  8
0
 62
     5
370
     0
100
AcDbVertex
100
AcDb2dVertex
 10
11884.7630263057
 20
2399.814302569589
 30
0.0
  0
VERTEX
  5
E00
330
DF7
100
AcDbEntity
  8
0
 62
     5
370
     0
100
AcDbVertex
100
AcDb2dVertex
 10
11885.49555641603
 20
2397.616712238598
 30
0.0
  0
VERTEX
  5
E01
330
DF7
100
AcDbEntity
  8
0
 62
     5
370
     0
100
AcDbVertex
100
AcDb2dVertex
 10
11885.49555641603
 20
2396.151652017938
 30
0.0
  0
VERTEX
  5
E02
330
DF7
100
AcDbEntity
  8
0
 62
     5
370
     0
100
AcDbVertex
100
AcDb2dVertex
 10
11884.7630263057
 20
2393.954061686947
 30
0.0
  0
VERTEX
  5
E03
330
DF7
100
AcDbEntity
  8
0
 62
     5
370
     0
100
AcDbVertex
100
AcDb2dVertex
 10
11883.29796608503
 20
2392.85526652145
 30
0.0
  0
VERTEX
  5
E04
330
DF7
100
AcDbEntity
  8
0
 62
     5
370
     0
100
AcDbVertex
100
AcDb2dVertex
 10
11881.10037575404
 20
2392.12273641112
 30
0.0
  0
VERTEX
  5
E05
330
DF7
100
AcDbEntity
  8
0
 62
     5
370
     0
100
AcDbVertex
100
AcDb2dVertex
 10
11879.26905047822
 20
2392.12273641112
 30
0.0
  0
VERTEX
  5
E06
330
DF7
100
AcDbEntity
  8
0
 62
     5
370
     0
100
AcDbVertex
100
AcDb2dVertex
 10
11877.07146014723
 20
2392.85526652145
 30
0.0
  0
VERTEX
  5
E07
330
DF7
100
AcDbEntity
  8
0
 62
     5
370
     0
100
AcDbVertex
100
AcDb2dVertex
 10
11876.3389300369
 20
2393.221531576616
 30
0.0
  0
VERTEX
  5
E08
330
DF7
100
AcDbEntity
  8
0
 62
     5
370
     0
100
AcDbVertex
100
AcDb2dVertex
 10
11875.60639992657
 20
2394.686591797276
 30
0.0
  0
SEQEND
  5
E09
330
DF7
100
AcDbEntity
  8
0
 62
     5
370
     0
  0
POLYLINE
  5
E0A
330
1F
100
AcDbEntity
  8
0
 62
     5
370
     0
100
AcDb2dPolyline
 66
     1
 10
0.0
 20
0.0
 30
0.0
  0
VERTEX
  5
E0B
330
E0A
100
AcDbEntity
  8
0
 62
     5
370
     0
100
AcDbVertex
100
AcDb2dVertex
 10
11889.89073707801
 20
2398.349242348928
 30
0.0
  0
VERTEX
  5
E0C
330
E0A
100
AcDbEntity
  8
0
 62
     5
370
     0
100
AcDbVertex
100
AcDb2dVertex
 10
11896.84977312615
 20
2398.349242348928
 30
0.0
  0
SEQEND
  5
E0D
330
E0A
100
AcDbEntity
  8
0
 62
     5
370
     0
  0
POLYLINE
  5
E0E
330
1F
100
AcDbEntity
  8
0
 62
     5
370
     0
100
AcDb2dPolyline
 66
     1
 10
0.0
 20
0.0
 30
0.0
  0
VERTEX
  5
E0F
330
E0E
100
AcDbEntity
  8
0
 62
     5
370
     0
100
AcDbVertex
100
AcDb2dVertex
 10
11911.86664038792
 20
2402.01189290058
 30
0.0
  0
VERTEX
  5
E10
330
E0E
100
AcDbEntity
  8
0
 62
     5
370
     0
100
AcDbVertex
100
AcDb2dVertex
 10
11911.13411027759
 20
2399.814302569589
 30
0.0
  0
VERTEX
  5
E11
330
E0E
100
AcDbEntity
  8
0
 62
     5
370
     0
100
AcDbVertex
100
AcDb2dVertex
 10
11909.66905005693
 20
2398.349242348928
 30
0.0
  0
VERTEX
  5
E12
330
E0E
100
AcDbEntity
  8
0
 62
     5
370
     0
100
AcDbVertex
100
AcDb2dVertex
 10
11907.47145972594
 20
2397.616712238598
 30
0.0
  0
VERTEX
  5
E13
330
E0E
100
AcDbEntity
  8
0
 62
     5
370
     0
100
AcDbVertex
100
AcDb2dVertex
 10
11907.10519467077
 20
2397.616712238598
 30
0.0
  0
VERTEX
  5
E14
330
E0E
100
AcDbEntity
  8
0
 62
     5
370
     0
100
AcDbVertex
100
AcDb2dVertex
 10
11904.90760433978
 20
2398.349242348928
 30
0.0
  0
VERTEX
  5
E15
330
E0E
100
AcDbEntity
  8
0
 62
     5
370
     0
100
AcDbVertex
100
AcDb2dVertex
 10
11903.44254411912
 20
2399.814302569589
 30
0.0
  0
VERTEX
  5
E16
330
E0E
100
AcDbEntity
  8
0
 62
     5
370
     0
100
AcDbVertex
100
AcDb2dVertex
 10
11902.71001400879
 20
2402.01189290058
 30
0.0
  0
VERTEX
  5
E17
330
E0E
100
AcDbEntity
  8
0
 62
     5
370
     0
100
AcDbVertex
100
AcDb2dVertex
 10
11902.71001400879
 20
2402.74442301091
 30
0.0
  0
VERTEX
  5
E18
330
E0E
100
AcDbEntity
  8
0
 62
     5
370
     0
100
AcDbVertex
100
AcDb2dVertex
 10
11903.44254411912
 20
2404.942013341901
 30
0.0
  0
VERTEX
  5
E19
330
E0E
100
AcDbEntity
  8
0
 62
     5
370
     0
100
AcDbVertex
100
AcDb2dVertex
 10
11904.90760433978
 20
2406.407073562562
 30
0.0
  0
VERTEX
  5
E1A
330
E0E
100
AcDbEntity
  8
0
 62
     5
370
     0
100
AcDbVertex
100
AcDb2dVertex
 10
11907.10519467077
 20
2407.139603672892
 30
0.0
  0
VERTEX
  5
E1B
330
E0E
100
AcDbEntity
  8
0
 62
     5
370
     0
100
AcDbVertex
100
AcDb2dVertex
 10
11907.47145972594
 20
2407.139603672892
 30
0.0
  0
VERTEX
  5
E1C
330
E0E
100
AcDbEntity
  8
0
 62
     5
370
     0
100
AcDbVertex
100
AcDb2dVertex
 10
11909.66905005693
 20
2406.407073562562
 30
0.0
  0
VERTEX
  5
E1D
330
E0E
100
AcDbEntity
  8
0
 62
     5
370
     0
100
AcDbVertex
100
AcDb2dVertex
 10
11911.13411027759
 20
2404.942013341901
 30
0.0
  0
VERTEX
  5
E1E
330
E0E
100
AcDbEntity
  8
0
 62
     5
370
     0
100
AcDbVertex
100
AcDb2dVertex
 10
11911.86664038792
 20
2402.01189290058
 30
0.0
  0
VERTEX
  5
E1F
330
E0E
100
AcDbEntity
  8
0
 62
     5
370
     0
100
AcDbVertex
100
AcDb2dVertex
 10
11911.86664038792
 20
2398.349242348928
 30
0.0
  0
VERTEX
  5
E20
330
E0E
100
AcDbEntity
  8
0
 62
     5
370
     0
100
AcDbVertex
100
AcDb2dVertex
 10
11911.13411027759
 20
2394.686591797276
 30
0.0
  0
VERTEX
  5
E21
330
E0E
100
AcDbEntity
  8
0
 62
     5
370
     0
100
AcDbVertex
100
AcDb2dVertex
 10
11909.66905005693
 20
2392.85526652145
 30
0.0
  0
VERTEX
  5
E22
330
E0E
100
AcDbEntity
  8
0
 62
     5
370
     0
100
AcDbVertex
100
AcDb2dVertex
 10
11907.47145972594
 20
2392.12273641112
 30
0.0
  0
VERTEX
  5
E23
330
E0E
100
AcDbEntity
  8
0
 62
     5
370
     0
100
AcDbVertex
100
AcDb2dVertex
 10
11906.37266456044
 20
2392.12273641112
 30
0.0
  0
VERTEX
  5
E24
330
E0E
100
AcDbEntity
  8
0
 62
     5
370
     0
100
AcDbVertex
100
AcDb2dVertex
 10
11904.17507422945
 20
2392.85526652145
 30
0.0
  0
VERTEX
  5
E25
330
E0E
100
AcDbEntity
  8
0
 62
     5
370
     0
100
AcDbVertex
100
AcDb2dVertex
 10
11903.44254411912
 20
2393.954061686947
 30
0.0
  0
SEQEND
  5
E26
330
E0E
100
AcDbEntity
  8
0
 62
     5
370
     0
  0
POLYLINE
  5
E27
330
1F
100
AcDbEntity
  8
0
 62
     5
370
     0
100
AcDb2dPolyline
 66
     1
 10
0.0
 20
0.0
 30
0.0
  0
VERTEX
  5
E28
330
E27
100
AcDbEntity
  8
0
 62
     5
370
     0
100
AcDbVertex
100
AcDb2dVertex
 10
11637.53411406919
 20
2123.284185919871
 30
0.0
  0
VERTEX
  5
E29
330
E27
100
AcDbEntity
  8
0
 62
     5
370
     0
100
AcDbVertex
100
AcDb2dVertex
 10
11639.36543934502
 20
2124.016716030202
 30
0.0
  0
VERTEX
  5
E2A
330
E27
100
AcDbEntity
  8
0
 62
     5
370
     0
100
AcDbVertex
100
AcDb2dVertex
 10
11642.29555978634
 20
2126.946836471523
 30
0.0
  0
VERTEX
  5
E2B
330
E27
100
AcDbEntity
  8
0
 62
     5
370
     0
100
AcDbVertex
100
AcDb2dVertex
 10
11642.29555978634
 20
2107.168523492603
 30
0.0
  0
SEQEND
  5
E2C
330
E27
100
AcDbEntity
  8
0
 62
     5
370
     0
  0
POLYLINE
  5
E2D
330
1F
100
AcDbEntity
  8
0
 62
     5
370
     0
100
AcDb2dPolyline
 66
     1
 10
0.0
 20
0.0
 30
0.0
 70
     1
  0
VERTEX
  5
E2E
330
E2D
100
AcDbEntity
  8
0
 62
     5
370
     0
100
AcDbVertex
100
AcDb2dVertex
 10
11657.31242704811
 20
2126.946836471523
 30
0.0
  0
VERTEX
  5
E2F
330
E2D
100
AcDbEntity
  8
0
 62
     5
370
     0
100
AcDbVertex
100
AcDb2dVertex
 10
11654.74857166196
 20
2126.214306361193
 30
0.0
  0
VERTEX
  5
E30
330
E2D
100
AcDbEntity
  8
0
 62
     5
370
     0
100
AcDbVertex
100
AcDb2dVertex
 10
11653.64977649646
 20
2124.016716030202
 30
0.0
  0
VERTEX
  5
E31
330
E2D
100
AcDbEntity
  8
0
 62
     5
370
     0
100
AcDbVertex
100
AcDb2dVertex
 10
11653.64977649646
 20
2122.185390754376
 30
0.0
  0
VERTEX
  5
E32
330
E2D
100
AcDbEntity
  8
0
 62
     5
370
     0
100
AcDbVertex
100
AcDb2dVertex
 10
11654.74857166196
 20
2120.35406547855
 30
0.0
  0
VERTEX
  5
E33
330
E2D
100
AcDbEntity
  8
0
 62
     5
370
     0
100
AcDbVertex
100
AcDb2dVertex
 10
11656.57989693778
 20
2119.255270313054
 30
0.0
  0
VERTEX
  5
E34
330
E2D
100
AcDbEntity
  8
0
 62
     5
370
     0
100
AcDbVertex
100
AcDb2dVertex
 10
11660.24254748943
 20
2118.522740202724
 30
0.0
  0
VERTEX
  5
E35
330
E2D
100
AcDbEntity
  8
0
 62
     5
370
     0
100
AcDbVertex
100
AcDb2dVertex
 10
11663.17266793076
 20
2117.423945037228
 30
0.0
  0
VERTEX
  5
E36
330
E2D
100
AcDbEntity
  8
0
 62
     5
370
     0
100
AcDbVertex
100
AcDb2dVertex
 10
11665.00399320658
 20
2115.592619761402
 30
0.0
  0
VERTEX
  5
E37
330
E2D
100
AcDbEntity
  8
0
 62
     5
370
     0
100
AcDbVertex
100
AcDb2dVertex
 10
11666.10278837208
 20
2113.761294485577
 30
0.0
  0
VERTEX
  5
E38
330
E2D
100
AcDbEntity
  8
0
 62
     5
370
     0
100
AcDbVertex
100
AcDb2dVertex
 10
11666.10278837208
 20
2110.831174044255
 30
0.0
  0
VERTEX
  5
E39
330
E2D
100
AcDbEntity
  8
0
 62
     5
370
     0
100
AcDbVertex
100
AcDb2dVertex
 10
11665.00399320658
 20
2108.999848768429
 30
0.0
  0
VERTEX
  5
E3A
330
E2D
100
AcDbEntity
  8
0
 62
     5
370
     0
100
AcDbVertex
100
AcDb2dVertex
 10
11664.27146309625
 20
2107.901053602933
 30
0.0
  0
VERTEX
  5
E3B
330
E2D
100
AcDbEntity
  8
0
 62
     5
370
     0
100
AcDbVertex
100
AcDb2dVertex
 10
11661.34134265493
 20
2107.168523492603
 30
0.0
  0
VERTEX
  5
E3C
330
E2D
100
AcDbEntity
  8
0
 62
     5
370
     0
100
AcDbVertex
100
AcDb2dVertex
 10
11657.31242704811
 20
2107.168523492603
 30
0.0
  0
VERTEX
  5
E3D
330
E2D
100
AcDbEntity
  8
0
 62
     5
370
     0
100
AcDbVertex
100
AcDb2dVertex
 10
11654.74857166196
 20
2107.901053602933
 30
0.0
  0
VERTEX
  5
E3E
330
E2D
100
AcDbEntity
  8
0
 62
     5
370
     0
100
AcDbVertex
100
AcDb2dVertex
 10
11653.64977649646
 20
2108.999848768429
 30
0.0
  0
VERTEX
  5
E3F
330
E2D
100
AcDbEntity
  8
0
 62
     5
370
     0
100
AcDbVertex
100
AcDb2dVertex
 10
11652.55098133097
 20
2110.831174044255
 30
0.0
  0
VERTEX
  5
E40
330
E2D
100
AcDbEntity
  8
0
 62
     5
370
     0
100
AcDbVertex
100
AcDb2dVertex
 10
11652.55098133097
 20
2113.761294485577
 30
0.0
  0
VERTEX
  5
E41
330
E2D
100
AcDbEntity
  8
0
 62
     5
370
     0
100
AcDbVertex
100
AcDb2dVertex
 10
11653.64977649646
 20
2115.592619761402
 30
0.0
  0
VERTEX
  5
E42
330
E2D
100
AcDbEntity
  8
0
 62
     5
370
     0
100
AcDbVertex
100
AcDb2dVertex
 10
11655.48110177229
 20
2117.423945037228
 30
0.0
  0
VERTEX
  5
E43
330
E2D
100
AcDbEntity
  8
0
 62
     5
370
     0
100
AcDbVertex
100
AcDb2dVertex
 10
11658.41122221361
 20
2118.522740202724
 30
0.0
  0
VERTEX
  5
E44
330
E2D
100
AcDbEntity
  8
0
 62
     5
370
     0
100
AcDbVertex
100
AcDb2dVertex
 10
11662.07387276526
 20
2119.255270313054
 30
0.0
  0
VERTEX
  5
E45
330
E2D
100
AcDbEntity
  8
0
 62
     5
370
     0
100
AcDbVertex
100
AcDb2dVertex
 10
11664.27146309625
 20
2120.35406547855
 30
0.0
  0
VERTEX
  5
E46
330
E2D
100
AcDbEntity
  8
0
 62
     5
370
     0
100
AcDbVertex
100
AcDb2dVertex
 10
11665.00399320658
 20
2122.185390754376
 30
0.0
  0
VERTEX
  5
E47
330
E2D
100
AcDbEntity
  8
0
 62
     5
370
     0
100
AcDbVertex
100
AcDb2dVertex
 10
11665.00399320658
 20
2124.016716030202
 30
0.0
  0
VERTEX
  5
E48
330
E2D
100
AcDbEntity
  8
0
 62
     5
370
     0
100
AcDbVertex
100
AcDb2dVertex
 10
11664.27146309625
 20
2126.214306361193
 30
0.0
  0
VERTEX
  5
E49
330
E2D
100
AcDbEntity
  8
0
 62
     5
370
     0
100
AcDbVertex
100
AcDb2dVertex
 10
11661.34134265493
 20
2126.946836471523
 30
0.0
  0
VERTEX
  5
E4A
330
E2D
100
AcDbEntity
  8
0
 62
     5
370
     0
100
AcDbVertex
100
AcDb2dVertex
 10
11657.31242704811
 20
2126.946836471523
 30
0.0
  0
SEQEND
  5
E4B
330
E2D
100
AcDbEntity
  8
0
 62
     5
370
     0
  0
POLYLINE
  5
E4C
330
1F
100
AcDbEntity
  8
0
 62
     5
370
     0
100
AcDb2dPolyline
 66
     1
 10
0.0
 20
0.0
 30
0.0
  0
VERTEX
  5
E4D
330
E4C
100
AcDbEntity
  8
0
 62
     5
370
     0
100
AcDbVertex
100
AcDb2dVertex
 10
11671.59676419956
 20
2115.592619761402
 30
0.0
  0
VERTEX
  5
E4E
330
E4C
100
AcDbEntity
  8
0
 62
     5
370
     0
100
AcDbVertex
100
AcDb2dVertex
 10
11681.11965563385
 20
2115.592619761402
 30
0.0
  0
SEQEND
  5
E4F
330
E4C
100
AcDbEntity
  8
0
 62
     5
370
     0
  0
POLYLINE
  5
E50
330
1F
100
AcDbEntity
  8
0
 62
     5
370
     0
100
AcDb2dPolyline
 66
     1
 10
0.0
 20
0.0
 30
0.0
  0
VERTEX
  5
E51
330
E50
100
AcDbEntity
  8
0
 62
     5
370
     0
100
AcDbVertex
100
AcDb2dVertex
 10
11688.81122179232
 20
2123.284185919871
 30
0.0
  0
VERTEX
  5
E52
330
E50
100
AcDbEntity
  8
0
 62
     5
370
     0
100
AcDbVertex
100
AcDb2dVertex
 10
11690.64254706815
 20
2124.016716030202
 30
0.0
  0
VERTEX
  5
E53
330
E50
100
AcDbEntity
  8
0
 62
     5
370
     0
100
AcDbVertex
100
AcDb2dVertex
 10
11693.57266750947
 20
2126.946836471523
 30
0.0
  0
VERTEX
  5
E54
330
E50
100
AcDbEntity
  8
0
 62
     5
370
     0
100
AcDbVertex
100
AcDb2dVertex
 10
11693.57266750947
 20
2107.168523492603
 30
0.0
  0
SEQEND
  5
E55
330
E50
100
AcDbEntity
  8
0
 62
     5
370
     0
  0
POLYLINE
  5
E56
330
1F
100
AcDbEntity
  8
0
 62
     5
370
     0
100
AcDb2dPolyline
 66
     1
 10
0.0
 20
0.0
 30
0.0
  0
VERTEX
  5
E57
330
E56
100
AcDbEntity
  8
0
 62
     5
370
     0
100
AcDbVertex
100
AcDb2dVertex
 10
11715.54857081938
 20
2124.016716030202
 30
0.0
  0
VERTEX
  5
E58
330
E56
100
AcDbEntity
  8
0
 62
     5
370
     0
100
AcDbVertex
100
AcDb2dVertex
 10
11714.44977565388
 20
2126.214306361193
 30
0.0
  0
VERTEX
  5
E59
330
E56
100
AcDbEntity
  8
0
 62
     5
370
     0
100
AcDbVertex
100
AcDb2dVertex
 10
11711.51965521256
 20
2126.946836471523
 30
0.0
  0
VERTEX
  5
E5A
330
E56
100
AcDbEntity
  8
0
 62
     5
370
     0
100
AcDbVertex
100
AcDb2dVertex
 10
11709.68832993673
 20
2126.946836471523
 30
0.0
  0
VERTEX
  5
E5B
330
E56
100
AcDbEntity
  8
0
 62
     5
370
     0
100
AcDbVertex
100
AcDb2dVertex
 10
11707.12447455058
 20
2126.214306361193
 30
0.0
  0
VERTEX
  5
E5C
330
E56
100
AcDbEntity
  8
0
 62
     5
370
     0
100
AcDbVertex
100
AcDb2dVertex
 10
11704.92688421959
 20
2123.284185919871
 30
0.0
  0
VERTEX
  5
E5D
330
E56
100
AcDbEntity
  8
0
 62
     5
370
     0
100
AcDbVertex
100
AcDb2dVertex
 10
11704.19435410926
 20
2118.522740202724
 30
0.0
  0
VERTEX
  5
E5E
330
E56
100
AcDbEntity
  8
0
 62
     5
370
     0
100
AcDbVertex
100
AcDb2dVertex
 10
11704.19435410926
 20
2113.761294485577
 30
0.0
  0
VERTEX
  5
E5F
330
E56
100
AcDbEntity
  8
0
 62
     5
370
     0
100
AcDbVertex
100
AcDb2dVertex
 10
11704.92688421959
 20
2109.73237887876
 30
0.0
  0
VERTEX
  5
E60
330
E56
100
AcDbEntity
  8
0
 62
     5
370
     0
100
AcDbVertex
100
AcDb2dVertex
 10
11707.12447455058
 20
2107.901053602933
 30
0.0
  0
VERTEX
  5
E61
330
E56
100
AcDbEntity
  8
0
 62
     5
370
     0
100
AcDbVertex
100
AcDb2dVertex
 10
11709.68832993673
 20
2107.168523492603
 30
0.0
  0
VERTEX
  5
E62
330
E56
100
AcDbEntity
  8
0
 62
     5
370
     0
100
AcDbVertex
100
AcDb2dVertex
 10
11710.78712510223
 20
2107.168523492603
 30
0.0
  0
VERTEX
  5
E63
330
E56
100
AcDbEntity
  8
0
 62
     5
370
     0
100
AcDbVertex
100
AcDb2dVertex
 10
11713.71724554355
 20
2107.901053602933
 30
0.0
  0
VERTEX
  5
E64
330
E56
100
AcDbEntity
  8
0
 62
     5
370
     0
100
AcDbVertex
100
AcDb2dVertex
 10
11715.54857081938
 20
2109.73237887876
 30
0.0
  0
VERTEX
  5
E65
330
E56
100
AcDbEntity
  8
0
 62
     5
370
     0
100
AcDbVertex
100
AcDb2dVertex
 10
11716.28110092971
 20
2112.662499320081
 30
0.0
  0
VERTEX
  5
E66
330
E56
100
AcDbEntity
  8
0
 62
     5
370
     0
100
AcDbVertex
100
AcDb2dVertex
 10
11716.28110092971
 20
2113.761294485577
 30
0.0
  0
VERTEX
  5
E67
330
E56
100
AcDbEntity
  8
0
 62
     5
370
     0
100
AcDbVertex
100
AcDb2dVertex
 10
11715.54857081938
 20
2116.691414926898
 30
0.0
  0
VERTEX
  5
E68
330
E56
100
AcDbEntity
  8
0
 62
     5
370
     0
100
AcDbVertex
100
AcDb2dVertex
 10
11713.71724554355
 20
2118.522740202724
 30
0.0
  0
VERTEX
  5
E69
330
E56
100
AcDbEntity
  8
0
 62
     5
370
     0
100
AcDbVertex
100
AcDb2dVertex
 10
11710.78712510223
 20
2119.255270313054
 30
0.0
  0
VERTEX
  5
E6A
330
E56
100
AcDbEntity
  8
0
 62
     5
370
     0
100
AcDbVertex
100
AcDb2dVertex
 10
11709.68832993673
 20
2119.255270313054
 30
0.0
  0
VERTEX
  5
E6B
330
E56
100
AcDbEntity
  8
0
 62
     5
370
     0
100
AcDbVertex
100
AcDb2dVertex
 10
11707.12447455058
 20
2118.522740202724
 30
0.0
  0
VERTEX
  5
E6C
330
E56
100
AcDbEntity
  8
0
 62
     5
370
     0
100
AcDbVertex
100
AcDb2dVertex
 10
11704.92688421959
 20
2116.691414926898
 30
0.0
  0
VERTEX
  5
E6D
330
E56
100
AcDbEntity
  8
0
 62
     5
370
     0
100
AcDbVertex
100
AcDb2dVertex
 10
11704.19435410926
 20
2113.761294485577
 30
0.0
  0
SEQEND
  5
E6E
330
E56
100
AcDbEntity
  8
0
 62
     5
370
     0
  0
POLYLINE
  5
E6F
330
1F
100
AcDbEntity
  8
0
 62
     5
370
     0
100
AcDb2dPolyline
 66
     1
 10
0.0
 20
0.0
 30
0.0
  0
VERTEX
  5
E70
330
E6F
100
AcDbEntity
  8
0
 62
     5
370
     0
100
AcDbVertex
100
AcDb2dVertex
 10
11644.12688506217
 20
2010.840813984158
 30
0.0
  0
VERTEX
  5
E71
330
E6F
100
AcDbEntity
  8
0
 62
     5
370
     0
100
AcDbVertex
100
AcDb2dVertex
 10
11645.59194528283
 20
2011.573344094489
 30
0.0
  0
VERTEX
  5
E72
330
E6F
100
AcDbEntity
  8
0
 62
     5
370
     0
100
AcDbVertex
100
AcDb2dVertex
 10
11647.78953561382
 20
2013.77093442548
 30
0.0
  0
VERTEX
  5
E73
330
E6F
100
AcDbEntity
  8
0
 62
     5
370
     0
100
AcDbVertex
100
AcDb2dVertex
 10
11647.78953561382
 20
1998.754067163707
 30
0.0
  0
SEQEND
  5
E74
330
E6F
100
AcDbEntity
  8
0
 62
     5
370
     0
  0
POLYLINE
  5
E75
330
1F
100
AcDbEntity
  8
0
 62
     5
370
     0
100
AcDb2dPolyline
 66
     1
 10
0.0
 20
0.0
 30
0.0
  0
VERTEX
  5
E76
330
E75
100
AcDbEntity
  8
0
 62
     5
370
     0
100
AcDbVertex
100
AcDb2dVertex
 10
11655.48110177229
 20
2013.77093442548
 30
0.0
  0
VERTEX
  5
E77
330
E75
100
AcDbEntity
  8
0
 62
     5
370
     0
100
AcDbVertex
100
AcDb2dVertex
 10
11665.73652331691
 20
2013.77093442548
 30
0.0
  0
VERTEX
  5
E78
330
E75
100
AcDbEntity
  8
0
 62
     5
370
     0
100
AcDbVertex
100
AcDb2dVertex
 10
11658.41122221361
 20
1998.754067163707
 30
0.0
  0
SEQEND
  5
E79
330
E75
100
AcDbEntity
  8
0
 62
     5
370
     0
  0
POLYLINE
  5
E7A
330
1F
100
AcDbEntity
  8
0
 62
     5
370
     0
100
AcDb2dPolyline
 66
     1
 10
0.0
 20
0.0
 30
0.0
  0
VERTEX
  5
E7B
330
E7A
100
AcDbEntity
  8
0
 62
     5
370
     0
100
AcDbVertex
100
AcDb2dVertex
 10
11669.76543892373
 20
2004.980573101516
 30
0.0
  0
VERTEX
  5
E7C
330
E7A
100
AcDbEntity
  8
0
 62
     5
370
     0
100
AcDbVertex
100
AcDb2dVertex
 10
11677.09074002703
 20
2004.980573101516
 30
0.0
  0
SEQEND
  5
E7D
330
E7A
100
AcDbEntity
  8
0
 62
     5
370
     0
  0
POLYLINE
  5
E7E
330
1F
100
AcDbEntity
  8
0
 62
     5
370
     0
100
AcDb2dPolyline
 66
     1
 10
0.0
 20
0.0
 30
0.0
  0
VERTEX
  5
E7F
330
E7E
100
AcDbEntity
  8
0
 62
     5
370
     0
100
AcDbVertex
100
AcDb2dVertex
 10
11682.58471585451
 20
2010.840813984158
 30
0.0
  0
VERTEX
  5
E80
330
E7E
100
AcDbEntity
  8
0
 62
     5
370
     0
100
AcDbVertex
100
AcDb2dVertex
 10
11684.04977607517
 20
2011.573344094489
 30
0.0
  0
VERTEX
  5
E81
330
E7E
100
AcDbEntity
  8
0
 62
     5
370
     0
100
AcDbVertex
100
AcDb2dVertex
 10
11686.24736640616
 20
2013.77093442548
 30
0.0
  0
VERTEX
  5
E82
330
E7E
100
AcDbEntity
  8
0
 62
     5
370
     0
100
AcDbVertex
100
AcDb2dVertex
 10
11686.24736640616
 20
1998.754067163707
 30
0.0
  0
SEQEND
  5
E83
330
E7E
100
AcDbEntity
  8
0
 62
     5
370
     0
  0
POLYLINE
  5
E84
330
1F
100
AcDbEntity
  8
0
 62
     5
370
     0
100
AcDb2dPolyline
 66
     1
 10
0.0
 20
0.0
 30
0.0
  0
VERTEX
  5
E85
330
E84
100
AcDbEntity
  8
0
 62
     5
370
     0
100
AcDbVertex
100
AcDb2dVertex
 10
11694.3051976198
 20
2010.840813984158
 30
0.0
  0
VERTEX
  5
E86
330
E84
100
AcDbEntity
  8
0
 62
     5
370
     0
100
AcDbVertex
100
AcDb2dVertex
 10
11695.40399278529
 20
2011.573344094489
 30
0.0
  0
VERTEX
  5
E87
330
E84
100
AcDbEntity
  8
0
 62
     5
370
     0
100
AcDbVertex
100
AcDb2dVertex
 10
11697.60158311628
 20
2013.77093442548
 30
0.0
  0
VERTEX
  5
E88
330
E84
100
AcDbEntity
  8
0
 62
     5
370
     0
100
AcDbVertex
100
AcDb2dVertex
 10
11697.60158311628
 20
1998.754067163707
 30
0.0
  0
SEQEND
  5
E89
330
E84
100
AcDbEntity
  8
0
 62
     5
370
     0
  0
POLYLINE
  5
E8A
330
1F
100
AcDbEntity
  8
0
 62
     5
370
     0
100
AcDb2dPolyline
 66
     1
 10
0.0
 20
0.0
 30
0.0
  0
VERTEX
  5
E8B
330
E8A
100
AcDbEntity
  8
0
 62
     5
370
     0
100
AcDbVertex
100
AcDb2dVertex
 10
11637.53411406919
 20
2226.204666421289
 30
0.0
  0
VERTEX
  5
E8C
330
E8A
100
AcDbEntity
  8
0
 62
     5
370
     0
100
AcDbVertex
100
AcDb2dVertex
 10
11639.36543934502
 20
2227.303461586785
 30
0.0
  0
VERTEX
  5
E8D
330
E8A
100
AcDbEntity
  8
0
 62
     5
370
     0
100
AcDbVertex
100
AcDb2dVertex
 10
11642.29555978634
 20
2229.867316972941
 30
0.0
  0
VERTEX
  5
E8E
330
E8A
100
AcDbEntity
  8
0
 62
     5
370
     0
100
AcDbVertex
100
AcDb2dVertex
 10
11642.29555978634
 20
2210.089003994021
 30
0.0
  0
SEQEND
  5
E8F
330
E8A
100
AcDbEntity
  8
0
 62
     5
370
     0
  0
POLYLINE
  5
E90
330
1F
100
AcDbEntity
  8
0
 62
     5
370
     0
100
AcDb2dPolyline
 66
     1
 10
0.0
 20
0.0
 30
0.0
  0
VERTEX
  5
E91
330
E90
100
AcDbEntity
  8
0
 62
     5
370
     0
100
AcDbVertex
100
AcDb2dVertex
 10
11652.55098133097
 20
2229.867316972941
 30
0.0
  0
VERTEX
  5
E92
330
E90
100
AcDbEntity
  8
0
 62
     5
370
     0
100
AcDbVertex
100
AcDb2dVertex
 10
11666.10278837208
 20
2229.867316972941
 30
0.0
  0
VERTEX
  5
E93
330
E90
100
AcDbEntity
  8
0
 62
     5
370
     0
100
AcDbVertex
100
AcDb2dVertex
 10
11656.57989693778
 20
2210.089003994021
 30
0.0
  0
SEQEND
  5
E94
330
E90
100
AcDbEntity
  8
0
 62
     5
370
     0
  0
POLYLINE
  5
E95
330
1F
100
AcDbEntity
  8
0
 62
     5
370
     0
100
AcDb2dPolyline
 66
     1
 10
0.0
 20
0.0
 30
0.0
  0
VERTEX
  5
E96
330
E95
100
AcDbEntity
  8
0
 62
     5
370
     0
100
AcDbVertex
100
AcDb2dVertex
 10
11671.59676419956
 20
2218.51310026282
 30
0.0
  0
VERTEX
  5
E97
330
E95
100
AcDbEntity
  8
0
 62
     5
370
     0
100
AcDbVertex
100
AcDb2dVertex
 10
11681.11965563385
 20
2218.51310026282
 30
0.0
  0
SEQEND
  5
E98
330
E95
100
AcDbEntity
  8
0
 62
     5
370
     0
  0
POLYLINE
  5
E99
330
1F
100
AcDbEntity
  8
0
 62
     5
370
     0
100
AcDb2dPolyline
 66
     1
 10
0.0
 20
0.0
 30
0.0
  0
VERTEX
  5
E9A
330
E99
100
AcDbEntity
  8
0
 62
     5
370
     0
100
AcDbVertex
100
AcDb2dVertex
 10
11688.81122179232
 20
2226.204666421289
 30
0.0
  0
VERTEX
  5
E9B
330
E99
100
AcDbEntity
  8
0
 62
     5
370
     0
100
AcDbVertex
100
AcDb2dVertex
 10
11690.64254706815
 20
2227.303461586785
 30
0.0
  0
VERTEX
  5
E9C
330
E99
100
AcDbEntity
  8
0
 62
     5
370
     0
100
AcDbVertex
100
AcDb2dVertex
 10
11693.57266750947
 20
2229.867316972941
 30
0.0
  0
VERTEX
  5
E9D
330
E99
100
AcDbEntity
  8
0
 62
     5
370
     0
100
AcDbVertex
100
AcDb2dVertex
 10
11693.57266750947
 20
2210.089003994021
 30
0.0
  0
SEQEND
  5
E9E
330
E99
100
AcDbEntity
  8
0
 62
     5
370
     0
  0
POLYLINE
  5
E9F
330
1F
100
AcDbEntity
  8
0
 62
     5
370
     0
100
AcDb2dPolyline
 66
     1
 10
0.0
 20
0.0
 30
0.0
  0
VERTEX
  5
EA0
330
E9F
100
AcDbEntity
  8
0
 62
     5
370
     0
100
AcDbVertex
100
AcDb2dVertex
 10
11706.02567938508
 20
2229.867316972941
 30
0.0
  0
VERTEX
  5
EA1
330
E9F
100
AcDbEntity
  8
0
 62
     5
370
     0
100
AcDbVertex
100
AcDb2dVertex
 10
11716.28110092971
 20
2229.867316972941
 30
0.0
  0
VERTEX
  5
EA2
330
E9F
100
AcDbEntity
  8
0
 62
     5
370
     0
100
AcDbVertex
100
AcDb2dVertex
 10
11710.78712510223
 20
2222.542015869638
 30
0.0
  0
VERTEX
  5
EA3
330
E9F
100
AcDbEntity
  8
0
 62
     5
370
     0
100
AcDbVertex
100
AcDb2dVertex
 10
11713.71724554355
 20
2222.542015869638
 30
0.0
  0
VERTEX
  5
EA4
330
E9F
100
AcDbEntity
  8
0
 62
     5
370
     0
100
AcDbVertex
100
AcDb2dVertex
 10
11715.54857081938
 20
2221.443220704142
 30
0.0
  0
VERTEX
  5
EA5
330
E9F
100
AcDbEntity
  8
0
 62
     5
370
     0
100
AcDbVertex
100
AcDb2dVertex
 10
11716.28110092971
 20
2220.344425538646
 30
0.0
  0
VERTEX
  5
EA6
330
E9F
100
AcDbEntity
  8
0
 62
     5
370
     0
100
AcDbVertex
100
AcDb2dVertex
 10
11717.3798960952
 20
2217.78057015249
 30
0.0
  0
VERTEX
  5
EA7
330
E9F
100
AcDbEntity
  8
0
 62
     5
370
     0
100
AcDbVertex
100
AcDb2dVertex
 10
11717.3798960952
 20
2215.582979821499
 30
0.0
  0
VERTEX
  5
EA8
330
E9F
100
AcDbEntity
  8
0
 62
     5
370
     0
100
AcDbVertex
100
AcDb2dVertex
 10
11716.28110092971
 20
2213.019124435342
 30
0.0
  0
VERTEX
  5
EA9
330
E9F
100
AcDbEntity
  8
0
 62
     5
370
     0
100
AcDbVertex
100
AcDb2dVertex
 10
11714.44977565388
 20
2210.821534104351
 30
0.0
  0
VERTEX
  5
EAA
330
E9F
100
AcDbEntity
  8
0
 62
     5
370
     0
100
AcDbVertex
100
AcDb2dVertex
 10
11711.51965521256
 20
2210.089003994021
 30
0.0
  0
VERTEX
  5
EAB
330
E9F
100
AcDbEntity
  8
0
 62
     5
370
     0
100
AcDbVertex
100
AcDb2dVertex
 10
11708.9557998264
 20
2210.089003994021
 30
0.0
  0
VERTEX
  5
EAC
330
E9F
100
AcDbEntity
  8
0
 62
     5
370
     0
100
AcDbVertex
100
AcDb2dVertex
 10
11706.02567938508
 20
2210.821534104351
 30
0.0
  0
VERTEX
  5
EAD
330
E9F
100
AcDbEntity
  8
0
 62
     5
370
     0
100
AcDbVertex
100
AcDb2dVertex
 10
11704.92688421959
 20
2211.920329269847
 30
0.0
  0
VERTEX
  5
EAE
330
E9F
100
AcDbEntity
  8
0
 62
     5
370
     0
100
AcDbVertex
100
AcDb2dVertex
 10
11704.19435410926
 20
2213.751654545673
 30
0.0
  0
SEQEND
  5
EAF
330
E9F
100
AcDbEntity
  8
0
 62
     5
370
     0
  0
POLYLINE
  5
EB0
330
1F
100
AcDbEntity
  8
0
 62
     5
370
     0
100
AcDb2dPolyline
 66
     1
 10
0.0
 20
0.0
 30
0.0
  0
VERTEX
  5
EB1
330
EB0
100
AcDbEntity
  8
0
 62
     5
370
     0
100
AcDbVertex
100
AcDb2dVertex
 10
11815.53893087947
 20
2008.276958598002
 30
0.0
  0
VERTEX
  5
EB2
330
EB0
100
AcDbEntity
  8
0
 62
     5
370
     0
100
AcDbVertex
100
AcDb2dVertex
 10
11817.00399110013
 20
2009.009488708333
 30
0.0
  0
VERTEX
  5
EB3
330
EB0
100
AcDbEntity
  8
0
 62
     5
370
     0
100
AcDbVertex
100
AcDb2dVertex
 10
11819.20158143113
 20
2011.207079039324
 30
0.0
  0
VERTEX
  5
EB4
330
EB0
100
AcDbEntity
  8
0
 62
     5
370
     0
100
AcDbVertex
100
AcDb2dVertex
 10
11819.20158143113
 20
1996.190211777551
 30
0.0
  0
SEQEND
  5
EB5
330
EB0
100
AcDbEntity
  8
0
 62
     5
370
     0
  0
POLYLINE
  5
EB6
330
1F
100
AcDbEntity
  8
0
 62
     5
370
     0
100
AcDb2dPolyline
 66
     1
 10
0.0
 20
0.0
 30
0.0
 70
     1
  0
VERTEX
  5
EB7
330
EB6
100
AcDbEntity
  8
0
 62
     5
370
     0
100
AcDbVertex
100
AcDb2dVertex
 10
11830.55579814125
 20
2011.207079039324
 30
0.0
  0
VERTEX
  5
EB8
330
EB6
100
AcDbEntity
  8
0
 62
     5
370
     0
100
AcDbVertex
100
AcDb2dVertex
 10
11828.35820781026
 20
2010.474548928993
 30
0.0
  0
VERTEX
  5
EB9
330
EB6
100
AcDbEntity
  8
0
 62
     5
370
     0
100
AcDbVertex
100
AcDb2dVertex
 10
11827.99194275509
 20
2009.009488708333
 30
0.0
  0
VERTEX
  5
EBA
330
EB6
100
AcDbEntity
  8
0
 62
     5
370
     0
100
AcDbVertex
100
AcDb2dVertex
 10
11827.99194275509
 20
2007.544428487672
 30
0.0
  0
VERTEX
  5
EBB
330
EB6
100
AcDbEntity
  8
0
 62
     5
370
     0
100
AcDbVertex
100
AcDb2dVertex
 10
11828.35820781026
 20
2006.079368267011
 30
0.0
  0
VERTEX
  5
EBC
330
EB6
100
AcDbEntity
  8
0
 62
     5
370
     0
100
AcDbVertex
100
AcDb2dVertex
 10
11829.82326803092
 20
2005.346838156681
 30
0.0
  0
VERTEX
  5
EBD
330
EB6
100
AcDbEntity
  8
0
 62
     5
370
     0
100
AcDbVertex
100
AcDb2dVertex
 10
11832.75338847224
 20
2004.614308046351
 30
0.0
  0
VERTEX
  5
EBE
330
EB6
100
AcDbEntity
  8
0
 62
     5
370
     0
100
AcDbVertex
100
AcDb2dVertex
 10
11834.95097880323
 20
2003.88177793602
 30
0.0
  0
VERTEX
  5
EBF
330
EB6
100
AcDbEntity
  8
0
 62
     5
370
     0
100
AcDbVertex
100
AcDb2dVertex
 10
11836.41603902389
 20
2002.416717715359
 30
0.0
  0
VERTEX
  5
EC0
330
EB6
100
AcDbEntity
  8
0
 62
     5
370
     0
100
AcDbVertex
100
AcDb2dVertex
 10
11837.14856913422
 20
2001.317922549864
 30
0.0
  0
VERTEX
  5
EC1
330
EB6
100
AcDbEntity
  8
0
 62
     5
370
     0
100
AcDbVertex
100
AcDb2dVertex
 10
11837.14856913422
 20
1999.120332218872
 30
0.0
  0
VERTEX
  5
EC2
330
EB6
100
AcDbEntity
  8
0
 62
     5
370
     0
100
AcDbVertex
100
AcDb2dVertex
 10
11836.41603902389
 20
1997.655271998212
 30
0.0
  0
VERTEX
  5
EC3
330
EB6
100
AcDbEntity
  8
0
 62
     5
370
     0
100
AcDbVertex
100
AcDb2dVertex
 10
11835.68350891356
 20
1996.922741887881
 30
0.0
  0
VERTEX
  5
EC4
330
EB6
100
AcDbEntity
  8
0
 62
     5
370
     0
100
AcDbVertex
100
AcDb2dVertex
 10
11833.48591858257
 20
1996.190211777551
 30
0.0
  0
VERTEX
  5
EC5
330
EB6
100
AcDbEntity
  8
0
 62
     5
370
     0
100
AcDbVertex
100
AcDb2dVertex
 10
11830.55579814125
 20
1996.190211777551
 30
0.0
  0
VERTEX
  5
EC6
330
EB6
100
AcDbEntity
  8
0
 62
     5
370
     0
100
AcDbVertex
100
AcDb2dVertex
 10
11828.35820781026
 20
1996.922741887881
 30
0.0
  0
VERTEX
  5
EC7
330
EB6
100
AcDbEntity
  8
0
 62
     5
370
     0
100
AcDbVertex
100
AcDb2dVertex
 10
11827.99194275509
 20
1997.655271998212
 30
0.0
  0
VERTEX
  5
EC8
330
EB6
100
AcDbEntity
  8
0
 62
     5
370
     0
100
AcDbVertex
100
AcDb2dVertex
 10
11827.25941264476
 20
1999.120332218872
 30
0.0
  0
VERTEX
  5
EC9
330
EB6
100
AcDbEntity
  8
0
 62
     5
370
     0
100
AcDbVertex
100
AcDb2dVertex
 10
11827.25941264476
 20
2001.317922549864
 30
0.0
  0
VERTEX
  5
ECA
330
EB6
100
AcDbEntity
  8
0
 62
     5
370
     0
100
AcDbVertex
100
AcDb2dVertex
 10
11827.99194275509
 20
2002.416717715359
 30
0.0
  0
VERTEX
  5
ECB
330
EB6
100
AcDbEntity
  8
0
 62
     5
370
     0
100
AcDbVertex
100
AcDb2dVertex
 10
11829.09073792059
 20
2003.88177793602
 30
0.0
  0
VERTEX
  5
ECC
330
EB6
100
AcDbEntity
  8
0
 62
     5
370
     0
100
AcDbVertex
100
AcDb2dVertex
 10
11831.28832825158
 20
2004.614308046351
 30
0.0
  0
VERTEX
  5
ECD
330
EB6
100
AcDbEntity
  8
0
 62
     5
370
     0
100
AcDbVertex
100
AcDb2dVertex
 10
11834.2184486929
 20
2005.346838156681
 30
0.0
  0
VERTEX
  5
ECE
330
EB6
100
AcDbEntity
  8
0
 62
     5
370
     0
100
AcDbVertex
100
AcDb2dVertex
 10
11835.68350891356
 20
2006.079368267011
 30
0.0
  0
VERTEX
  5
ECF
330
EB6
100
AcDbEntity
  8
0
 62
     5
370
     0
100
AcDbVertex
100
AcDb2dVertex
 10
11836.41603902389
 20
2007.544428487672
 30
0.0
  0
VERTEX
  5
ED0
330
EB6
100
AcDbEntity
  8
0
 62
     5
370
     0
100
AcDbVertex
100
AcDb2dVertex
 10
11836.41603902389
 20
2009.009488708333
 30
0.0
  0
VERTEX
  5
ED1
330
EB6
100
AcDbEntity
  8
0
 62
     5
370
     0
100
AcDbVertex
100
AcDb2dVertex
 10
11835.68350891356
 20
2010.474548928993
 30
0.0
  0
VERTEX
  5
ED2
330
EB6
100
AcDbEntity
  8
0
 62
     5
370
     0
100
AcDbVertex
100
AcDb2dVertex
 10
11833.48591858257
 20
2011.207079039324
 30
0.0
  0
VERTEX
  5
ED3
330
EB6
100
AcDbEntity
  8
0
 62
     5
370
     0
100
AcDbVertex
100
AcDb2dVertex
 10
11830.55579814125
 20
2011.207079039324
 30
0.0
  0
SEQEND
  5
ED4
330
EB6
100
AcDbEntity
  8
0
 62
     5
370
     0
  0
POLYLINE
  5
ED5
330
1F
100
AcDbEntity
  8
0
 62
     5
370
     0
100
AcDb2dPolyline
 66
     1
 10
0.0
 20
0.0
 30
0.0
  0
VERTEX
  5
ED6
330
ED5
100
AcDbEntity
  8
0
 62
     5
370
     0
100
AcDbVertex
100
AcDb2dVertex
 10
11841.5437497962
 20
2002.416717715359
 30
0.0
  0
VERTEX
  5
ED7
330
ED5
100
AcDbEntity
  8
0
 62
     5
370
     0
100
AcDbVertex
100
AcDb2dVertex
 10
11848.50278584434
 20
2002.416717715359
 30
0.0
  0
SEQEND
  5
ED8
330
ED5
100
AcDbEntity
  8
0
 62
     5
370
     0
  0
POLYLINE
  5
ED9
330
1F
100
AcDbEntity
  8
0
 62
     5
370
     0
100
AcDb2dPolyline
 66
     1
 10
0.0
 20
0.0
 30
0.0
  0
VERTEX
  5
EDA
330
ED9
100
AcDbEntity
  8
0
 62
     5
370
     0
100
AcDbVertex
100
AcDb2dVertex
 10
11854.36302672699
 20
2008.276958598002
 30
0.0
  0
VERTEX
  5
EDB
330
ED9
100
AcDbEntity
  8
0
 62
     5
370
     0
100
AcDbVertex
100
AcDb2dVertex
 10
11855.82808694765
 20
2009.009488708333
 30
0.0
  0
VERTEX
  5
EDC
330
ED9
100
AcDbEntity
  8
0
 62
     5
370
     0
100
AcDbVertex
100
AcDb2dVertex
 10
11857.65941222347
 20
2011.207079039324
 30
0.0
  0
VERTEX
  5
EDD
330
ED9
100
AcDbEntity
  8
0
 62
     5
370
     0
100
AcDbVertex
100
AcDb2dVertex
 10
11857.65941222347
 20
1996.190211777551
 30
0.0
  0
SEQEND
  5
EDE
330
ED9
100
AcDbEntity
  8
0
 62
     5
370
     0
  0
POLYLINE
  5
EDF
330
1F
100
AcDbEntity
  8
0
 62
     5
370
     0
100
AcDb2dPolyline
 66
     1
 10
0.0
 20
0.0
 30
0.0
  0
VERTEX
  5
EE0
330
EDF
100
AcDbEntity
  8
0
 62
     5
370
     0
100
AcDbVertex
100
AcDb2dVertex
 10
11866.44977354744
 20
2007.544428487672
 30
0.0
  0
VERTEX
  5
EE1
330
EDF
100
AcDbEntity
  8
0
 62
     5
370
     0
100
AcDbVertex
100
AcDb2dVertex
 10
11866.44977354744
 20
2008.276958598002
 30
0.0
  0
VERTEX
  5
EE2
330
EDF
100
AcDbEntity
  8
0
 62
     5
370
     0
100
AcDbVertex
100
AcDb2dVertex
 10
11867.18230365777
 20
2009.742018818663
 30
0.0
  0
VERTEX
  5
EE3
330
EDF
100
AcDbEntity
  8
0
 62
     5
370
     0
100
AcDbVertex
100
AcDb2dVertex
 10
11867.9148337681
 20
2010.474548928993
 30
0.0
  0
VERTEX
  5
EE4
330
EDF
100
AcDbEntity
  8
0
 62
     5
370
     0
100
AcDbVertex
100
AcDb2dVertex
 10
11869.37989398876
 20
2011.207079039324
 30
0.0
  0
VERTEX
  5
EE5
330
EDF
100
AcDbEntity
  8
0
 62
     5
370
     0
100
AcDbVertex
100
AcDb2dVertex
 10
11871.94374937491
 20
2011.207079039324
 30
0.0
  0
VERTEX
  5
EE6
330
EDF
100
AcDbEntity
  8
0
 62
     5
370
     0
100
AcDbVertex
100
AcDb2dVertex
 10
11873.40880959558
 20
2010.474548928993
 30
0.0
  0
VERTEX
  5
EE7
330
EDF
100
AcDbEntity
  8
0
 62
     5
370
     0
100
AcDbVertex
100
AcDb2dVertex
 10
11874.14133970591
 20
2009.742018818663
 30
0.0
  0
VERTEX
  5
EE8
330
EDF
100
AcDbEntity
  8
0
 62
     5
370
     0
100
AcDbVertex
100
AcDb2dVertex
 10
11874.87386981624
 20
2008.276958598002
 30
0.0
  0
VERTEX
  5
EE9
330
EDF
100
AcDbEntity
  8
0
 62
     5
370
     0
100
AcDbVertex
100
AcDb2dVertex
 10
11874.87386981624
 20
2006.811898377341
 30
0.0
  0
VERTEX
  5
EEA
330
EDF
100
AcDbEntity
  8
0
 62
     5
370
     0
100
AcDbVertex
100
AcDb2dVertex
 10
11874.14133970591
 20
2005.346838156681
 30
0.0
  0
VERTEX
  5
EEB
330
EDF
100
AcDbEntity
  8
0
 62
     5
370
     0
100
AcDbVertex
100
AcDb2dVertex
 10
11872.67627948525
 20
2003.149247825689
 30
0.0
  0
VERTEX
  5
EEC
330
EDF
100
AcDbEntity
  8
0
 62
     5
370
     0
100
AcDbVertex
100
AcDb2dVertex
 10
11865.71724343711
 20
1996.190211777551
 30
0.0
  0
VERTEX
  5
EED
330
EDF
100
AcDbEntity
  8
0
 62
     5
370
     0
100
AcDbVertex
100
AcDb2dVertex
 10
11875.60639992657
 20
1996.190211777551
 30
0.0
  0
SEQEND
  5
EEE
330
EDF
100
AcDbEntity
  8
0
 62
     5
370
     0
  0
POLYLINE
  5
EEF
330
1F
100
AcDbEntity
  8
0
 62
     5
370
     0
100
AcDb2dPolyline
 66
     1
 10
0.0
 20
0.0
 30
0.0
  0
VERTEX
  5
EF0
330
EEF
100
AcDbEntity
  8
0
 62
     5
370
     0
100
AcDbVertex
100
AcDb2dVertex
 10
11740.45459457061
 20
1623.332385619389
 30
0.0
  0
VERTEX
  5
EF1
330
EEF
100
AcDbEntity
  8
0
 62
     5
370
     0
100
AcDbVertex
100
AcDb2dVertex
 10
11743.38471501193
 20
1624.797445840049
 30
0.0
  0
VERTEX
  5
EF2
330
EEF
100
AcDbEntity
  8
0
 62
     5
370
     0
100
AcDbVertex
100
AcDb2dVertex
 10
11747.77989567391
 20
1629.192626502032
 30
0.0
  0
VERTEX
  5
EF3
330
EEF
100
AcDbEntity
  8
0
 62
     5
370
     0
100
AcDbVertex
100
AcDb2dVertex
 10
11747.77989567391
 20
1599.158891978486
 30
0.0
  0
SEQEND
  5
EF4
330
EEF
100
AcDbEntity
  8
0
 62
     5
370
     0
  0
POLYLINE
  5
EF5
330
1F
100
AcDbEntity
  8
0
 62
     5
370
     0
100
AcDb2dPolyline
 66
     1
 10
0.0
 20
0.0
 30
0.0
  0
VERTEX
  5
EF6
330
EF5
100
AcDbEntity
  8
0
 62
     5
370
     0
100
AcDbVertex
100
AcDb2dVertex
 10
11763.52929304602
 20
1629.192626502032
 30
0.0
  0
VERTEX
  5
EF7
330
EF5
100
AcDbEntity
  8
0
 62
     5
370
     0
100
AcDbVertex
100
AcDb2dVertex
 10
11783.30760602494
 20
1629.192626502032
 30
0.0
  0
VERTEX
  5
EF8
330
EF5
100
AcDbEntity
  8
0
 62
     5
370
     0
100
AcDbVertex
100
AcDb2dVertex
 10
11769.02326887349
 20
1599.158891978486
 30
0.0
  0
SEQEND
  5
EF9
330
EF5
100
AcDbEntity
  8
0
 62
     5
370
     0
  0
POLYLINE
  5
EFA
330
1F
100
AcDbEntity
  8
0
 62
     5
370
     0
100
AcDb2dPolyline
 66
     1
 10
0.0
 20
0.0
 30
0.0
  0
VERTEX
  5
EFB
330
EFA
100
AcDbEntity
  8
0
 62
     5
370
     0
100
AcDbVertex
100
AcDb2dVertex
 10
11792.0979673489
 20
1611.978168909268
 30
0.0
  0
VERTEX
  5
EFC
330
EFA
100
AcDbEntity
  8
0
 62
     5
370
     0
100
AcDbVertex
100
AcDb2dVertex
 10
11806.38230450035
 20
1611.978168909268
 30
0.0
  0
SEQEND
  5
EFD
330
EFA
100
AcDbEntity
  8
0
 62
     5
370
     0
  0
POLYLINE
  5
EFE
330
1F
100
AcDbEntity
  8
0
 62
     5
370
     0
100
AcDb2dPolyline
 66
     1
 10
0.0
 20
0.0
 30
0.0
  0
VERTEX
  5
EFF
330
EFE
100
AcDbEntity
  8
0
 62
     5
370
     0
100
AcDbVertex
100
AcDb2dVertex
 10
11836.04977396873
 20
1618.937204957407
 30
0.0
  0
VERTEX
  5
F00
330
EFE
100
AcDbEntity
  8
0
 62
     5
370
     0
100
AcDbVertex
100
AcDb2dVertex
 10
11834.95097880323
 20
1614.90828935059
 30
0.0
  0
VERTEX
  5
F01
330
EFE
100
AcDbEntity
  8
0
 62
     5
370
     0
100
AcDbVertex
100
AcDb2dVertex
 10
11832.02085836191
 20
1611.978168909268
 30
0.0
  0
VERTEX
  5
F02
330
EFE
100
AcDbEntity
  8
0
 62
     5
370
     0
100
AcDbVertex
100
AcDb2dVertex
 10
11827.62567769993
 20
1610.513108688607
 30
0.0
  0
VERTEX
  5
F03
330
EFE
100
AcDbEntity
  8
0
 62
     5
370
     0
100
AcDbVertex
100
AcDb2dVertex
 10
11826.16061747926
 20
1610.513108688607
 30
0.0
  0
VERTEX
  5
F04
330
EFE
100
AcDbEntity
  8
0
 62
     5
370
     0
100
AcDbVertex
100
AcDb2dVertex
 10
11821.76543681728
 20
1611.978168909268
 30
0.0
  0
VERTEX
  5
F05
330
EFE
100
AcDbEntity
  8
0
 62
     5
370
     0
100
AcDbVertex
100
AcDb2dVertex
 10
11819.20158143113
 20
1614.90828935059
 30
0.0
  0
VERTEX
  5
F06
330
EFE
100
AcDbEntity
  8
0
 62
     5
370
     0
100
AcDbVertex
100
AcDb2dVertex
 10
11817.73652121046
 20
1618.937204957407
 30
0.0
  0
VERTEX
  5
F07
330
EFE
100
AcDbEntity
  8
0
 62
     5
370
     0
100
AcDbVertex
100
AcDb2dVertex
 10
11817.73652121046
 20
1620.402265178067
 30
0.0
  0
VERTEX
  5
F08
330
EFE
100
AcDbEntity
  8
0
 62
     5
370
     0
100
AcDbVertex
100
AcDb2dVertex
 10
11819.20158143113
 20
1624.797445840049
 30
0.0
  0
VERTEX
  5
F09
330
EFE
100
AcDbEntity
  8
0
 62
     5
370
     0
100
AcDbVertex
100
AcDb2dVertex
 10
11821.76543681728
 20
1627.727566281371
 30
0.0
  0
VERTEX
  5
F0A
330
EFE
100
AcDbEntity
  8
0
 62
     5
370
     0
100
AcDbVertex
100
AcDb2dVertex
 10
11826.16061747926
 20
1629.192626502032
 30
0.0
  0
VERTEX
  5
F0B
330
EFE
100
AcDbEntity
  8
0
 62
     5
370
     0
100
AcDbVertex
100
AcDb2dVertex
 10
11827.62567769993
 20
1629.192626502032
 30
0.0
  0
VERTEX
  5
F0C
330
EFE
100
AcDbEntity
  8
0
 62
     5
370
     0
100
AcDbVertex
100
AcDb2dVertex
 10
11832.02085836191
 20
1627.727566281371
 30
0.0
  0
VERTEX
  5
F0D
330
EFE
100
AcDbEntity
  8
0
 62
     5
370
     0
100
AcDbVertex
100
AcDb2dVertex
 10
11834.95097880323
 20
1624.797445840049
 30
0.0
  0
VERTEX
  5
F0E
330
EFE
100
AcDbEntity
  8
0
 62
     5
370
     0
100
AcDbVertex
100
AcDb2dVertex
 10
11836.04977396873
 20
1618.937204957407
 30
0.0
  0
VERTEX
  5
F0F
330
EFE
100
AcDbEntity
  8
0
 62
     5
370
     0
100
AcDbVertex
100
AcDb2dVertex
 10
11836.04977396873
 20
1611.978168909268
 30
0.0
  0
VERTEX
  5
F10
330
EFE
100
AcDbEntity
  8
0
 62
     5
370
     0
100
AcDbVertex
100
AcDb2dVertex
 10
11834.95097880323
 20
1604.652867805964
 30
0.0
  0
VERTEX
  5
F11
330
EFE
100
AcDbEntity
  8
0
 62
     5
370
     0
100
AcDbVertex
100
AcDb2dVertex
 10
11832.02085836191
 20
1600.623952199147
 30
0.0
  0
VERTEX
  5
F12
330
EFE
100
AcDbEntity
  8
0
 62
     5
370
     0
100
AcDbVertex
100
AcDb2dVertex
 10
11827.62567769993
 20
1599.158891978486
 30
0.0
  0
VERTEX
  5
F13
330
EFE
100
AcDbEntity
  8
0
 62
     5
370
     0
100
AcDbVertex
100
AcDb2dVertex
 10
11824.6955572586
 20
1599.158891978486
 30
0.0
  0
VERTEX
  5
F14
330
EFE
100
AcDbEntity
  8
0
 62
     5
370
     0
100
AcDbVertex
100
AcDb2dVertex
 10
11820.66664165179
 20
1600.623952199147
 30
0.0
  0
VERTEX
  5
F15
330
EFE
100
AcDbEntity
  8
0
 62
     5
370
     0
100
AcDbVertex
100
AcDb2dVertex
 10
11819.20158143113
 20
1603.554072640468
 30
0.0
  0
SEQEND
  5
F16
330
EFE
100
AcDbEntity
  8
0
 62
     5
370
     0
  0
POLYLINE
  5
F8E
330
1F
100
AcDbEntity
  8
0
 62
     5
370
     0
100
AcDb2dPolyline
 66
     1
 10
0.0
 20
0.0
 30
0.0
  0
VERTEX
  5
F8F
330
F8E
100
AcDbEntity
  8
0
 62
     5
370
     0
100
AcDbVertex
100
AcDb2dVertex
 10
7478.59441266848
 20
2184.816715187623
 30
0.0
  0
VERTEX
  5
F90
330
F8E
100
AcDbEntity
  8
0
 62
     5
370
     0
100
AcDbVertex
100
AcDb2dVertex
 10
7481.158268054636
 20
2185.915510353118
 30
0.0
  0
VERTEX
  5
F91
330
F8E
100
AcDbEntity
  8
0
 62
     5
370
     0
100
AcDbVertex
100
AcDb2dVertex
 10
7484.820918606287
 20
2189.57816090477
 30
0.0
  0
VERTEX
  5
F92
330
F8E
100
AcDbEntity
  8
0
 62
     5
370
     0
100
AcDbVertex
100
AcDb2dVertex
 10
7484.820918606287
 20
2164.305872098372
 30
0.0
  0
SEQEND
  5
F93
330
F8E
100
AcDbEntity
  8
0
 62
     5
370
     0
  0
POLYLINE
  5
F94
330
1F
100
AcDbEntity
  8
0
 62
     5
370
     0
100
AcDb2dPolyline
 66
     1
 10
0.0
 20
0.0
 30
0.0
  0
VERTEX
  5
F95
330
F94
100
AcDbEntity
  8
0
 62
     5
370
     0
100
AcDbVertex
100
AcDb2dVertex
 10
7511.924532688512
 20
2189.57816090477
 30
0.0
  0
VERTEX
  5
F96
330
F94
100
AcDbEntity
  8
0
 62
     5
370
     0
100
AcDbVertex
100
AcDb2dVertex
 10
7500.204050923227
 20
2189.57816090477
 30
0.0
  0
VERTEX
  5
F97
330
F94
100
AcDbEntity
  8
0
 62
     5
370
     0
100
AcDbVertex
100
AcDb2dVertex
 10
7498.738990702566
 20
2178.590209249815
 30
0.0
  0
VERTEX
  5
F98
330
F94
100
AcDbEntity
  8
0
 62
     5
370
     0
100
AcDbVertex
100
AcDb2dVertex
 10
7500.204050923227
 20
2180.055269470475
 30
0.0
  0
VERTEX
  5
F99
330
F94
100
AcDbEntity
  8
0
 62
     5
370
     0
100
AcDbVertex
100
AcDb2dVertex
 10
7503.500436419713
 20
2181.154064635971
 30
0.0
  0
VERTEX
  5
F9A
330
F94
100
AcDbEntity
  8
0
 62
     5
370
     0
100
AcDbVertex
100
AcDb2dVertex
 10
7507.163086971364
 20
2181.154064635971
 30
0.0
  0
VERTEX
  5
F9B
330
F94
100
AcDbEntity
  8
0
 62
     5
370
     0
100
AcDbVertex
100
AcDb2dVertex
 10
7510.825737523018
 20
2180.055269470475
 30
0.0
  0
VERTEX
  5
F9C
330
F94
100
AcDbEntity
  8
0
 62
     5
370
     0
100
AcDbVertex
100
AcDb2dVertex
 10
7513.023327854007
 20
2177.491414084319
 30
0.0
  0
VERTEX
  5
F9D
330
F94
100
AcDbEntity
  8
0
 62
     5
370
     0
100
AcDbVertex
100
AcDb2dVertex
 10
7514.488388074669
 20
2173.828763532668
 30
0.0
  0
VERTEX
  5
F9E
330
F94
100
AcDbEntity
  8
0
 62
     5
370
     0
100
AcDbVertex
100
AcDb2dVertex
 10
7514.488388074669
 20
2171.631173201676
 30
0.0
  0
VERTEX
  5
F9F
330
F94
100
AcDbEntity
  8
0
 62
     5
370
     0
100
AcDbVertex
100
AcDb2dVertex
 10
7513.023327854007
 20
2167.968522650024
 30
0.0
  0
VERTEX
  5
FA0
330
F94
100
AcDbEntity
  8
0
 62
     5
370
     0
100
AcDbVertex
100
AcDb2dVertex
 10
7510.825737523018
 20
2165.770932319033
 30
0.0
  0
VERTEX
  5
FA1
330
F94
100
AcDbEntity
  8
0
 62
     5
370
     0
100
AcDbVertex
100
AcDb2dVertex
 10
7507.163086971364
 20
2164.305872098372
 30
0.0
  0
VERTEX
  5
FA2
330
F94
100
AcDbEntity
  8
0
 62
     5
370
     0
100
AcDbVertex
100
AcDb2dVertex
 10
7503.500436419713
 20
2164.305872098372
 30
0.0
  0
VERTEX
  5
FA3
330
F94
100
AcDbEntity
  8
0
 62
     5
370
     0
100
AcDbVertex
100
AcDb2dVertex
 10
7500.204050923227
 20
2165.770932319033
 30
0.0
  0
VERTEX
  5
FA4
330
F94
100
AcDbEntity
  8
0
 62
     5
370
     0
100
AcDbVertex
100
AcDb2dVertex
 10
7498.738990702566
 20
2166.869727484529
 30
0.0
  0
VERTEX
  5
FA5
330
F94
100
AcDbEntity
  8
0
 62
     5
370
     0
100
AcDbVertex
100
AcDb2dVertex
 10
7497.640195537069
 20
2169.06731781552
 30
0.0
  0
SEQEND
  5
FA6
330
F94
100
AcDbEntity
  8
0
 62
     5
370
     0
  0
POLYLINE
  5
FA7
330
1F
100
AcDbEntity
  8
0
 62
     5
370
     0
100
AcDb2dPolyline
 66
     1
 10
0.0
 20
0.0
 30
0.0
  0
VERTEX
  5
FA8
330
FA7
100
AcDbEntity
  8
0
 62
     5
370
     0
100
AcDbVertex
100
AcDb2dVertex
 10
7521.447424122808
 20
2175.293823753328
 30
0.0
  0
VERTEX
  5
FA9
330
FA7
100
AcDbEntity
  8
0
 62
     5
370
     0
100
AcDbVertex
100
AcDb2dVertex
 10
7533.534170943259
 20
2175.293823753328
 30
0.0
  0
SEQEND
  5
FAA
330
FA7
100
AcDbEntity
  8
0
 62
     5
370
     0
  0
POLYLINE
  5
FAB
330
1F
100
AcDbEntity
  8
0
 62
     5
370
     0
100
AcDb2dPolyline
 66
     1
 10
0.0
 20
0.0
 30
0.0
  0
VERTEX
  5
FAC
330
FAB
100
AcDbEntity
  8
0
 62
     5
370
     0
100
AcDbVertex
100
AcDb2dVertex
 10
7554.77754414284
 20
2189.57816090477
 30
0.0
  0
VERTEX
  5
FAD
330
FAB
100
AcDbEntity
  8
0
 62
     5
370
     0
100
AcDbVertex
100
AcDb2dVertex
 10
7543.057062377553
 20
2172.729968367172
 30
0.0
  0
VERTEX
  5
FAE
330
FAB
100
AcDbEntity
  8
0
 62
     5
370
     0
100
AcDbVertex
100
AcDb2dVertex
 10
7560.637785025481
 20
2172.729968367172
 30
0.0
  0
SEQEND
  5
FAF
330
FAB
100
AcDbEntity
  8
0
 62
     5
370
     0
  0
POLYLINE
  5
FB0
330
1F
100
AcDbEntity
  8
0
 62
     5
370
     0
100
AcDb2dPolyline
 66
     1
 10
0.0
 20
0.0
 30
0.0
  0
VERTEX
  5
FB1
330
FB0
100
AcDbEntity
  8
0
 62
     5
370
     0
100
AcDbVertex
100
AcDb2dVertex
 10
7554.77754414284
 20
2189.57816090477
 30
0.0
  0
VERTEX
  5
FB2
330
FB0
100
AcDbEntity
  8
0
 62
     5
370
     0
100
AcDbVertex
100
AcDb2dVertex
 10
7554.77754414284
 20
2164.305872098372
 30
0.0
  0
SEQEND
  5
FB3
330
FB0
100
AcDbEntity
  8
0
 62
     5
370
     0
  0
POLYLINE
  5
FB4
330
1F
100
AcDbEntity
  8
0
 62
     5
370
     0
100
AcDb2dPolyline
 66
     1
 10
0.0
 20
0.0
 30
0.0
  0
VERTEX
  5
FB5
330
FB4
100
AcDbEntity
  8
0
 62
     5
370
     0
100
AcDbVertex
100
AcDb2dVertex
 10
7478.59441266848
 20
2009.009488708333
 30
0.0
  0
VERTEX
  5
FB6
330
FB4
100
AcDbEntity
  8
0
 62
     5
370
     0
100
AcDbVertex
100
AcDb2dVertex
 10
7481.158268054636
 20
2010.108283873828
 30
0.0
  0
VERTEX
  5
FB7
330
FB4
100
AcDbEntity
  8
0
 62
     5
370
     0
100
AcDbVertex
100
AcDb2dVertex
 10
7484.820918606287
 20
2013.77093442548
 30
0.0
  0
VERTEX
  5
FB8
330
FB4
100
AcDbEntity
  8
0
 62
     5
370
     0
100
AcDbVertex
100
AcDb2dVertex
 10
7484.820918606287
 20
1988.498645619082
 30
0.0
  0
SEQEND
  5
FB9
330
FB4
100
AcDbEntity
  8
0
 62
     5
370
     0
  0
POLYLINE
  5
FBA
330
1F
100
AcDbEntity
  8
0
 62
     5
370
     0
100
AcDb2dPolyline
 66
     1
 10
0.0
 20
0.0
 30
0.0
  0
VERTEX
  5
FBB
330
FBA
100
AcDbEntity
  8
0
 62
     5
370
     0
100
AcDbVertex
100
AcDb2dVertex
 10
7497.640195537069
 20
2013.77093442548
 30
0.0
  0
VERTEX
  5
FBC
330
FBA
100
AcDbEntity
  8
0
 62
     5
370
     0
100
AcDbVertex
100
AcDb2dVertex
 10
7514.488388074669
 20
2013.77093442548
 30
0.0
  0
VERTEX
  5
FBD
330
FBA
100
AcDbEntity
  8
0
 62
     5
370
     0
100
AcDbVertex
100
AcDb2dVertex
 10
7502.401641254216
 20
1988.498645619082
 30
0.0
  0
SEQEND
  5
FBE
330
FBA
100
AcDbEntity
  8
0
 62
     5
370
     0
  0
POLYLINE
  5
FBF
330
1F
100
AcDbEntity
  8
0
 62
     5
370
     0
100
AcDb2dPolyline
 66
     1
 10
0.0
 20
0.0
 30
0.0
  0
VERTEX
  5
FC0
330
FBF
100
AcDbEntity
  8
0
 62
     5
370
     0
100
AcDbVertex
100
AcDb2dVertex
 10
7521.447424122808
 20
1999.486597274038
 30
0.0
  0
VERTEX
  5
FC1
330
FBF
100
AcDbEntity
  8
0
 62
     5
370
     0
100
AcDbVertex
100
AcDb2dVertex
 10
7533.534170943259
 20
1999.486597274038
 30
0.0
  0
SEQEND
  5
FC2
330
FBF
100
AcDbEntity
  8
0
 62
     5
370
     0
  0
POLYLINE
  5
FC3
330
1F
100
AcDbEntity
  8
0
 62
     5
370
     0
100
AcDb2dPolyline
 66
     1
 10
0.0
 20
0.0
 30
0.0
  0
VERTEX
  5
FC4
330
FC3
100
AcDbEntity
  8
0
 62
     5
370
     0
100
AcDbVertex
100
AcDb2dVertex
 10
7557.341399528995
 20
2013.77093442548
 30
0.0
  0
VERTEX
  5
FC5
330
FC3
100
AcDbEntity
  8
0
 62
     5
370
     0
100
AcDbVertex
100
AcDb2dVertex
 10
7545.254652708543
 20
2013.77093442548
 30
0.0
  0
VERTEX
  5
FC6
330
FC3
100
AcDbEntity
  8
0
 62
     5
370
     0
100
AcDbVertex
100
AcDb2dVertex
 10
7544.155857543048
 20
2002.782982770524
 30
0.0
  0
VERTEX
  5
FC7
330
FC3
100
AcDbEntity
  8
0
 62
     5
370
     0
100
AcDbVertex
100
AcDb2dVertex
 10
7545.254652708543
 20
2004.248042991185
 30
0.0
  0
VERTEX
  5
FC8
330
FC3
100
AcDbEntity
  8
0
 62
     5
370
     0
100
AcDbVertex
100
AcDb2dVertex
 10
7548.917303260195
 20
2005.346838156681
 30
0.0
  0
VERTEX
  5
FC9
330
FC3
100
AcDbEntity
  8
0
 62
     5
370
     0
100
AcDbVertex
100
AcDb2dVertex
 10
7552.579953811847
 20
2005.346838156681
 30
0.0
  0
VERTEX
  5
FCA
330
FC3
100
AcDbEntity
  8
0
 62
     5
370
     0
100
AcDbVertex
100
AcDb2dVertex
 10
7555.876339308335
 20
2004.248042991185
 30
0.0
  0
VERTEX
  5
FCB
330
FC3
100
AcDbEntity
  8
0
 62
     5
370
     0
100
AcDbVertex
100
AcDb2dVertex
 10
7558.44019469449
 20
2001.684187605029
 30
0.0
  0
VERTEX
  5
FCC
330
FC3
100
AcDbEntity
  8
0
 62
     5
370
     0
100
AcDbVertex
100
AcDb2dVertex
 10
7559.538989859987
 20
1998.021537053377
 30
0.0
  0
VERTEX
  5
FCD
330
FC3
100
AcDbEntity
  8
0
 62
     5
370
     0
100
AcDbVertex
100
AcDb2dVertex
 10
7559.538989859987
 20
1995.823946722386
 30
0.0
  0
VERTEX
  5
FCE
330
FC3
100
AcDbEntity
  8
0
 62
     5
370
     0
100
AcDbVertex
100
AcDb2dVertex
 10
7558.44019469449
 20
1992.161296170734
 30
0.0
  0
VERTEX
  5
FCF
330
FC3
100
AcDbEntity
  8
0
 62
     5
370
     0
100
AcDbVertex
100
AcDb2dVertex
 10
7555.876339308335
 20
1989.963705839742
 30
0.0
  0
VERTEX
  5
FD0
330
FC3
100
AcDbEntity
  8
0
 62
     5
370
     0
100
AcDbVertex
100
AcDb2dVertex
 10
7552.579953811847
 20
1988.498645619082
 30
0.0
  0
VERTEX
  5
FD1
330
FC3
100
AcDbEntity
  8
0
 62
     5
370
     0
100
AcDbVertex
100
AcDb2dVertex
 10
7548.917303260195
 20
1988.498645619082
 30
0.0
  0
VERTEX
  5
FD2
330
FC3
100
AcDbEntity
  8
0
 62
     5
370
     0
100
AcDbVertex
100
AcDb2dVertex
 10
7545.254652708543
 20
1989.963705839742
 30
0.0
  0
VERTEX
  5
FD3
330
FC3
100
AcDbEntity
  8
0
 62
     5
370
     0
100
AcDbVertex
100
AcDb2dVertex
 10
7544.155857543048
 20
1991.062501005238
 30
0.0
  0
VERTEX
  5
FD4
330
FC3
100
AcDbEntity
  8
0
 62
     5
370
     0
100
AcDbVertex
100
AcDb2dVertex
 10
7543.057062377553
 20
1993.260091336229
 30
0.0
  0
SEQEND
  5
FD5
330
FC3
100
AcDbEntity
  8
0
 62
     5
370
     0
  0
POLYLINE
  5
FD6
330
1F
100
AcDbEntity
  8
0
 62
     5
370
     0
100
AcDb2dPolyline
 66
     1
 10
0.0
 20
0.0
 30
0.0
  0
VERTEX
  5
FD7
330
FD6
100
AcDbEntity
  8
0
 62
     5
370
     0
100
AcDbVertex
100
AcDb2dVertex
 10
7478.59441266848
 20
1771.66973296129
 30
0.0
  0
VERTEX
  5
FD8
330
FD6
100
AcDbEntity
  8
0
 62
     5
370
     0
100
AcDbVertex
100
AcDb2dVertex
 10
7481.158268054636
 20
1773.134793181951
 30
0.0
  0
VERTEX
  5
FD9
330
FD6
100
AcDbEntity
  8
0
 62
     5
370
     0
100
AcDbVertex
100
AcDb2dVertex
 10
7484.820918606287
 20
1776.431178678438
 30
0.0
  0
VERTEX
  5
FDA
330
FD6
100
AcDbEntity
  8
0
 62
     5
370
     0
100
AcDbVertex
100
AcDb2dVertex
 10
7484.820918606287
 20
1751.525154927205
 30
0.0
  0
SEQEND
  5
FDB
330
FD6
100
AcDbEntity
  8
0
 62
     5
370
     0
  0
POLYLINE
  5
FDC
330
1F
100
AcDbEntity
  8
0
 62
     5
370
     0
100
AcDb2dPolyline
 66
     1
 10
0.0
 20
0.0
 30
0.0
  0
VERTEX
  5
FDD
330
FDC
100
AcDbEntity
  8
0
 62
     5
370
     0
100
AcDbVertex
100
AcDb2dVertex
 10
7497.640195537069
 20
1776.431178678438
 30
0.0
  0
VERTEX
  5
FDE
330
FDC
100
AcDbEntity
  8
0
 62
     5
370
     0
100
AcDbVertex
100
AcDb2dVertex
 10
7514.488388074669
 20
1776.431178678438
 30
0.0
  0
VERTEX
  5
FDF
330
FDC
100
AcDbEntity
  8
0
 62
     5
370
     0
100
AcDbVertex
100
AcDb2dVertex
 10
7502.401641254216
 20
1751.525154927205
 30
0.0
  0
SEQEND
  5
FE0
330
FDC
100
AcDbEntity
  8
0
 62
     5
370
     0
  0
POLYLINE
  5
FE1
330
1F
100
AcDbEntity
  8
0
 62
     5
370
     0
100
AcDb2dPolyline
 66
     1
 10
0.0
 20
0.0
 30
0.0
  0
VERTEX
  5
FE2
330
FE1
100
AcDbEntity
  8
0
 62
     5
370
     0
100
AcDbVertex
100
AcDb2dVertex
 10
7521.447424122808
 20
1762.146841526995
 30
0.0
  0
VERTEX
  5
FE3
330
FE1
100
AcDbEntity
  8
0
 62
     5
370
     0
100
AcDbVertex
100
AcDb2dVertex
 10
7533.534170943259
 20
1762.146841526995
 30
0.0
  0
SEQEND
  5
FE4
330
FE1
100
AcDbEntity
  8
0
 62
     5
370
     0
  0
POLYLINE
  5
FE5
330
1F
100
AcDbEntity
  8
0
 62
     5
370
     0
100
AcDb2dPolyline
 66
     1
 10
0.0
 20
0.0
 30
0.0
  0
VERTEX
  5
FE6
330
FE5
100
AcDbEntity
  8
0
 62
     5
370
     0
100
AcDbVertex
100
AcDb2dVertex
 10
7554.77754414284
 20
1776.431178678438
 30
0.0
  0
VERTEX
  5
FE7
330
FE5
100
AcDbEntity
  8
0
 62
     5
370
     0
100
AcDbVertex
100
AcDb2dVertex
 10
7543.057062377553
 20
1759.949251196004
 30
0.0
  0
VERTEX
  5
FE8
330
FE5
100
AcDbEntity
  8
0
 62
     5
370
     0
100
AcDbVertex
100
AcDb2dVertex
 10
7560.637785025481
 20
1759.949251196004
 30
0.0
  0
SEQEND
  5
FE9
330
FE5
100
AcDbEntity
  8
0
 62
     5
370
     0
  0
POLYLINE
  5
FEA
330
1F
100
AcDbEntity
  8
0
 62
     5
370
     0
100
AcDb2dPolyline
 66
     1
 10
0.0
 20
0.0
 30
0.0
  0
VERTEX
  5
FEB
330
FEA
100
AcDbEntity
  8
0
 62
     5
370
     0
100
AcDbVertex
100
AcDb2dVertex
 10
7554.77754414284
 20
1776.431178678438
 30
0.0
  0
VERTEX
  5
FEC
330
FEA
100
AcDbEntity
  8
0
 62
     5
370
     0
100
AcDbVertex
100
AcDb2dVertex
 10
7554.77754414284
 20
1751.525154927205
 30
0.0
  0
SEQEND
  5
FED
330
FEA
100
AcDbEntity
  8
0
 62
     5
370
     0
  0
POLYLINE
  5
FEE
330
1F
100
AcDbEntity
  8
0
 62
     5
370
     0
100
AcDb2dPolyline
 66
     1
 10
0.0
 20
0.0
 30
0.0
  0
VERTEX
  5
FEF
330
FEE
100
AcDbEntity
  8
0
 62
     5
370
     0
100
AcDbVertex
100
AcDb2dVertex
 10
7473.466701896168
 20
1484.884194766947
 30
0.0
  0
VERTEX
  5
FF0
330
FEE
100
AcDbEntity
  8
0
 62
     5
370
     0
100
AcDbVertex
100
AcDb2dVertex
 10
7474.931762116828
 20
1485.616724877278
 30
0.0
  0
VERTEX
  5
FF1
330
FEE
100
AcDbEntity
  8
0
 62
     5
370
     0
100
AcDbVertex
100
AcDb2dVertex
 10
7477.129352447819
 20
1487.814315208269
 30
0.0
  0
VERTEX
  5
FF2
330
FEE
100
AcDbEntity
  8
0
 62
     5
370
     0
100
AcDbVertex
100
AcDb2dVertex
 10
7477.129352447819
 20
1472.797447946496
 30
0.0
  0
SEQEND
  5
FF3
330
FEE
100
AcDbEntity
  8
0
 62
     5
370
     0
  0
POLYLINE
  5
FF4
330
1F
100
AcDbEntity
  8
0
 62
     5
370
     0
100
AcDb2dPolyline
 66
     1
 10
0.0
 20
0.0
 30
0.0
  0
VERTEX
  5
FF5
330
FF4
100
AcDbEntity
  8
0
 62
     5
370
     0
100
AcDbVertex
100
AcDb2dVertex
 10
7493.611279930253
 20
1487.814315208269
 30
0.0
  0
VERTEX
  5
FF6
330
FF4
100
AcDbEntity
  8
0
 62
     5
370
     0
100
AcDbVertex
100
AcDb2dVertex
 10
7486.285978826948
 20
1487.814315208269
 30
0.0
  0
VERTEX
  5
FF7
330
FF4
100
AcDbEntity
  8
0
 62
     5
370
     0
100
AcDbVertex
100
AcDb2dVertex
 10
7485.553448716619
 20
1481.587809270461
 30
0.0
  0
VERTEX
  5
FF8
330
FF4
100
AcDbEntity
  8
0
 62
     5
370
     0
100
AcDbVertex
100
AcDb2dVertex
 10
7486.285978826948
 20
1481.954074325626
 30
0.0
  0
VERTEX
  5
FF9
330
FF4
100
AcDbEntity
  8
0
 62
     5
370
     0
100
AcDbVertex
100
AcDb2dVertex
 10
7488.483569157939
 20
1482.686604435956
 30
0.0
  0
VERTEX
  5
FFA
330
FF4
100
AcDbEntity
  8
0
 62
     5
370
     0
100
AcDbVertex
100
AcDb2dVertex
 10
7490.681159488932
 20
1482.686604435956
 30
0.0
  0
VERTEX
  5
FFB
330
FF4
100
AcDbEntity
  8
0
 62
     5
370
     0
100
AcDbVertex
100
AcDb2dVertex
 10
7492.878749819921
 20
1481.954074325626
 30
0.0
  0
VERTEX
  5
FFC
330
FF4
100
AcDbEntity
  8
0
 62
     5
370
     0
100
AcDbVertex
100
AcDb2dVertex
 10
7494.343810040582
 20
1480.85527916013
 30
0.0
  0
VERTEX
  5
FFD
330
FF4
100
AcDbEntity
  8
0
 62
     5
370
     0
100
AcDbVertex
100
AcDb2dVertex
 10
7495.076340150913
 20
1478.657688829139
 30
0.0
  0
VERTEX
  5
FFE
330
FF4
100
AcDbEntity
  8
0
 62
     5
370
     0
100
AcDbVertex
100
AcDb2dVertex
 10
7495.076340150913
 20
1477.192628608478
 30
0.0
  0
VERTEX
  5
FFF
330
FF4
100
AcDbEntity
  8
0
 62
     5
370
     0
100
AcDbVertex
100
AcDb2dVertex
 10
7494.343810040582
 20
1474.995038277487
 30
0.0
  0
VERTEX
  5
1000
330
FF4
100
AcDbEntity
  8
0
 62
     5
370
     0
100
AcDbVertex
100
AcDb2dVertex
 10
7492.878749819921
 20
1473.529978056826
 30
0.0
  0
VERTEX
  5
1001
330
FF4
100
AcDbEntity
  8
0
 62
     5
370
     0
100
AcDbVertex
100
AcDb2dVertex
 10
7490.681159488932
 20
1472.797447946496
 30
0.0
  0
VERTEX
  5
1002
330
FF4
100
AcDbEntity
  8
0
 62
     5
370
     0
100
AcDbVertex
100
AcDb2dVertex
 10
7488.483569157939
 20
1472.797447946496
 30
0.0
  0
VERTEX
  5
1003
330
FF4
100
AcDbEntity
  8
0
 62
     5
370
     0
100
AcDbVertex
100
AcDb2dVertex
 10
7486.285978826948
 20
1473.529978056826
 30
0.0
  0
VERTEX
  5
1004
330
FF4
100
AcDbEntity
  8
0
 62
     5
370
     0
100
AcDbVertex
100
AcDb2dVertex
 10
7485.553448716619
 20
1474.262508167157
 30
0.0
  0
VERTEX
  5
1005
330
FF4
100
AcDbEntity
  8
0
 62
     5
370
     0
100
AcDbVertex
100
AcDb2dVertex
 10
7484.820918606287
 20
1475.727568387818
 30
0.0
  0
SEQEND
  5
1006
330
FF4
100
AcDbEntity
  8
0
 62
     5
370
     0
  0
POLYLINE
  5
1007
330
1F
100
AcDbEntity
  8
0
 62
     5
370
     0
100
AcDb2dPolyline
 66
     1
 10
0.0
 20
0.0
 30
0.0
  0
VERTEX
  5
1008
330
1007
100
AcDbEntity
  8
0
 62
     5
370
     0
100
AcDbVertex
100
AcDb2dVertex
 10
7499.105255757729
 20
1479.39021893947
 30
0.0
  0
VERTEX
  5
1009
330
1007
100
AcDbEntity
  8
0
 62
     5
370
     0
100
AcDbVertex
100
AcDb2dVertex
 10
7506.430556861035
 20
1479.39021893947
 30
0.0
  0
SEQEND
  5
100A
330
1007
100
AcDbEntity
  8
0
 62
     5
370
     0
  0
POLYLINE
  5
100B
330
1F
100
AcDbEntity
  8
0
 62
     5
370
     0
100
AcDb2dPolyline
 66
     1
 10
0.0
 20
0.0
 30
0.0
  0
VERTEX
  5
100C
330
100B
100
AcDbEntity
  8
0
 62
     5
370
     0
100
AcDbVertex
100
AcDb2dVertex
 10
7520.714894012477
 20
1485.616724877278
 30
0.0
  0
VERTEX
  5
100D
330
100B
100
AcDbEntity
  8
0
 62
     5
370
     0
100
AcDbVertex
100
AcDb2dVertex
 10
7519.982363902146
 20
1487.081785097939
 30
0.0
  0
VERTEX
  5
100E
330
100B
100
AcDbEntity
  8
0
 62
     5
370
     0
100
AcDbVertex
100
AcDb2dVertex
 10
7517.784773571155
 20
1487.814315208269
 30
0.0
  0
VERTEX
  5
100F
330
100B
100
AcDbEntity
  8
0
 62
     5
370
     0
100
AcDbVertex
100
AcDb2dVertex
 10
7516.319713350495
 20
1487.814315208269
 30
0.0
  0
VERTEX
  5
1010
330
100B
100
AcDbEntity
  8
0
 62
     5
370
     0
100
AcDbVertex
100
AcDb2dVertex
 10
7514.122123019503
 20
1487.081785097939
 30
0.0
  0
VERTEX
  5
1011
330
100B
100
AcDbEntity
  8
0
 62
     5
370
     0
100
AcDbVertex
100
AcDb2dVertex
 10
7512.657062798843
 20
1484.884194766947
 30
0.0
  0
VERTEX
  5
1012
330
100B
100
AcDbEntity
  8
0
 62
     5
370
     0
100
AcDbVertex
100
AcDb2dVertex
 10
7511.924532688512
 20
1481.587809270461
 30
0.0
  0
VERTEX
  5
1013
330
100B
100
AcDbEntity
  8
0
 62
     5
370
     0
100
AcDbVertex
100
AcDb2dVertex
 10
7511.924532688512
 20
1477.925158718809
 30
0.0
  0
VERTEX
  5
1014
330
100B
100
AcDbEntity
  8
0
 62
     5
370
     0
100
AcDbVertex
100
AcDb2dVertex
 10
7512.657062798843
 20
1474.995038277487
 30
0.0
  0
VERTEX
  5
1015
330
100B
100
AcDbEntity
  8
0
 62
     5
370
     0
100
AcDbVertex
100
AcDb2dVertex
 10
7514.122123019503
 20
1473.529978056826
 30
0.0
  0
VERTEX
  5
1016
330
100B
100
AcDbEntity
  8
0
 62
     5
370
     0
100
AcDbVertex
100
AcDb2dVertex
 10
7516.319713350495
 20
1472.797447946496
 30
0.0
  0
VERTEX
  5
1017
330
100B
100
AcDbEntity
  8
0
 62
     5
370
     0
100
AcDbVertex
100
AcDb2dVertex
 10
7517.052243460824
 20
1472.797447946496
 30
0.0
  0
VERTEX
  5
1018
330
100B
100
AcDbEntity
  8
0
 62
     5
370
     0
100
AcDbVertex
100
AcDb2dVertex
 10
7519.249833791817
 20
1473.529978056826
 30
0.0
  0
VERTEX
  5
1019
330
100B
100
AcDbEntity
  8
0
 62
     5
370
     0
100
AcDbVertex
100
AcDb2dVertex
 10
7520.714894012477
 20
1474.995038277487
 30
0.0
  0
VERTEX
  5
101A
330
100B
100
AcDbEntity
  8
0
 62
     5
370
     0
100
AcDbVertex
100
AcDb2dVertex
 10
7521.447424122808
 20
1477.192628608478
 30
0.0
  0
VERTEX
  5
101B
330
100B
100
AcDbEntity
  8
0
 62
     5
370
     0
100
AcDbVertex
100
AcDb2dVertex
 10
7521.447424122808
 20
1477.925158718809
 30
0.0
  0
VERTEX
  5
101C
330
100B
100
AcDbEntity
  8
0
 62
     5
370
     0
100
AcDbVertex
100
AcDb2dVertex
 10
7520.714894012477
 20
1480.1227490498
 30
0.0
  0
VERTEX
  5
101D
330
100B
100
AcDbEntity
  8
0
 62
     5
370
     0
100
AcDbVertex
100
AcDb2dVertex
 10
7519.249833791817
 20
1481.587809270461
 30
0.0
  0
VERTEX
  5
101E
330
100B
100
AcDbEntity
  8
0
 62
     5
370
     0
100
AcDbVertex
100
AcDb2dVertex
 10
7517.052243460824
 20
1481.954074325626
 30
0.0
  0
VERTEX
  5
101F
330
100B
100
AcDbEntity
  8
0
 62
     5
370
     0
100
AcDbVertex
100
AcDb2dVertex
 10
7516.319713350495
 20
1481.954074325626
 30
0.0
  0
VERTEX
  5
1020
330
100B
100
AcDbEntity
  8
0
 62
     5
370
     0
100
AcDbVertex
100
AcDb2dVertex
 10
7514.122123019503
 20
1481.587809270461
 30
0.0
  0
VERTEX
  5
1021
330
100B
100
AcDbEntity
  8
0
 62
     5
370
     0
100
AcDbVertex
100
AcDb2dVertex
 10
7512.657062798843
 20
1480.1227490498
 30
0.0
  0
VERTEX
  5
1022
330
100B
100
AcDbEntity
  8
0
 62
     5
370
     0
100
AcDbVertex
100
AcDb2dVertex
 10
7511.924532688512
 20
1477.925158718809
 30
0.0
  0
SEQEND
  5
1023
330
100B
100
AcDbEntity
  8
0
 62
     5
370
     0
  0
MTEXT
  5
1025
330
1F
100
AcDbEntity
  8
0
100
AcDbMText
 10
2070.804467522685
 20
2459.112526785102
 30
0.0
 40
10.0
 41
20.37005838346522
 71
     1
 72
     5
  1
M=MS\PT=30\PQ=1
 73
     1
 44
1.0
1001
ACAD
1000
ACAD_MTEXT_COLUMN_INFO_BEGIN
1070
    75
1070
     2
1070
    79
1070
     0
1070
    76
1070
     1
1070
    78
1070
     0
1070
    48
1040
20.37005838346522
1070
    49
1040
12.5
1070
    50
1070
     1
1040
0.0
1000
ACAD_MTEXT_COLUMN_INFO_END
  0
MTEXT
  5
102D
330
1F
100
AcDbEntity
  8
0
100
AcDbMText
 10
2251.236781181913
 20
1906.300118832005
 30
0.0
 40
10.0
 41
20.37005838346522
 71
     1
 72
     5
  1
M=MS\PT=30\PQ=1
 73
     1
 44
1.0
1001
ACAD
1000
ACAD_MTEXT_COLUMN_INFO_BEGIN
1070
    75
1070
     2
1070
    79
1070
     0
1070
    76
1070
     1
1070
    78
1070
     0
1070
    48
1040
20.37005838346522
1070
    49
1040
12.5
1070
    50
1070
     1
1040
0.0
1000
ACAD_MTEXT_COLUMN_INFO_END
  0
MTEXT
  5
1035
330
1F
100
AcDbEntity
  8
0
100
AcDbMText
 10
3834.495386445349
 20
2309.406904350559
 30
0.0
 40
10.0
 41
39.92194023166602
 71
     1
 72
     5
  1
M=MS\PT=30\PQ=2
 73
     1
 44
1.0
1001
ACAD
1000
ACAD_MTEXT_COLUMN_INFO_BEGIN
1070
    75
1070
     2
1070
    79
1070
     0
1070
    76
1070
     1
1070
    78
1070
     0
1070
    48
1040
39.92194023166602
1070
    49
1040
12.5
1070
    50
1070
     1
1040
46.72800519357152
1000
ACAD_MTEXT_COLUMN_INFO_END
  0
MTEXT
  5
104D
330
1F
100
AcDbEntity
  8
0
100
AcDbMText
 10
7633.123293629622
 20
2196.789299195312
 30
0.0
 40
10.0
 41
64.45739932682773
 71
     1
 72
     5
  1
M=MS\PT=30\PQ=4
 73
     1
 44
1.0
1001
ACAD
1000
ACAD_MTEXT_COLUMN_INFO_BEGIN
1070
    75
1070
     2
1070
    79
1070
     0
1070
    76
1070
     1
1070
    78
1070
     0
1070
    48
1040
64.45739932682773
1070
    49
1040
12.5
1070
    50
1070
     1
1040
46.38365823253169
1000
ACAD_MTEXT_COLUMN_INFO_END
  0
MTEXT
  5
1055
330
1F
100
AcDbEntity
  8
0
100
AcDbMText
 10
7661.815044868991
 20
2019.863110450602
 30
0.0
 40
10.0
 41
64.45739932682773
 71
     1
 72
     5
  1
M=MS\PT=40\PQ=4
 73
     1
 44
1.0
1001
ACAD
1000
ACAD_MTEXT_COLUMN_INFO_BEGIN
1070
    75
1070
     2
1070
    79
1070
     0
1070
    76
1070
     1
1070
    78
1070
     0
1070
    48
1040
64.45739932682773
1070
    49
1040
12.5
1070
    50
1070
     1
1040
46.38365823253169
1000
ACAD_MTEXT_COLUMN_INFO_END
  0
MTEXT
  5
105D
330
1F
100
AcDbEntity
  8
0
100
AcDbMText
 10
7694.923902892391
 20
1764.776531768952
 30
0.0
 40
10.0
 41
64.45739932682773
 71
     1
 72
     5
  1
M=MS\PT=20\PQ=4
 73
     1
 44
1.0
1001
ACAD
1000
ACAD_MTEXT_COLUMN_INFO_BEGIN
1070
    75
1070
     2
1070
    79
1070
     0
1070
    76
1070
     1
1070
    78
1070
     0
1070
    48
1040
64.45739932682773
1070
    49
1040
12.5
1070
    50
1070
     1
1040
46.38365823253169
1000
ACAD_MTEXT_COLUMN_INFO_END
  0
MTEXT
  5
1065
330
1F
100
AcDbEntity
  8
0
100
AcDbMText
 10
7573.362357655051
 20
1490.480885774555
 30
0.0
 40
5.0
 41
64.45739932682773
 71
     1
 72
     5
  1
M=MS\PT=20\PQ=6
 73
     1
 44
1.0
1001
ACAD
1000
ACAD_MTEXT_COLUMN_INFO_BEGIN
1070
    75
1070
     2
1070
    79
1070
     0
1070
    76
1070
     1
1070
    78
1070
     0
1070
    48
1040
64.45739932682773
1070
    49
1040
12.5
1070
    50
1070
     1
1040
46.38365823253169
1000
ACAD_MTEXT_COLUMN_INFO_END
  0
MTEXT
  5
106D
330
1F
100
AcDbEntity
  8
0
100
AcDbMText
 10
9715.167296179942
 20
1820.649940535146
 30
0.0
 40
10.0
 41
64.45739932682773
 71
     1
 72
     5
  1
M=MS\PT=30\PQ=1
 73
     1
 44
1.0
1001
ACAD
1000
ACAD_MTEXT_COLUMN_INFO_BEGIN
1070
    75
1070
     2
1070
    79
1070
     0
1070
    76
1070
     1
1070
    78
1070
     0
1070
    48
1040
64.45739932682773
1070
    49
1040
12.5
1070
    50
1070
     1
1040
46.38365823253169
1000
ACAD_MTEXT_COLUMN_INFO_END
  0
MTEXT
  5
1075
330
1F
100
AcDbEntity
  8
0
100
AcDbMText
 10
10028.94332612424
 20
2146.141868476767
 30
0.0
 40
10.0
 41
64.45739932682773
 71
     1
 72
     5
  1
M=MS\PT=30\PQ=1
 73
     1
 44
1.0
1001
ACAD
1000
ACAD_MTEXT_COLUMN_INFO_BEGIN
1070
    75
1070
     2
1070
    79
1070
     0
1070
    76
1070
     1
1070
    78
1070
     0
1070
    48
1040
64.45739932682773
1070
    49
1040
12.5
1070
    50
1070
     1
1040
46.38365823253169
1000
ACAD_MTEXT_COLUMN_INFO_END
  0
MTEXT
  5
107D
330
1F
100
AcDbEntity
  8
0
100
AcDbMText
 10
10382.22243670981
 20
2349.061812672651
 30
0.0
 40
10.0
 41
64.45739932682773
 71
     1
 72
     5
  1
M=MS\PT=30\PQ=1
 73
     1
 44
1.0
1001
ACAD
1000
ACAD_MTEXT_COLUMN_INFO_BEGIN
1070
    75
1070
     2
1070
    79
1070
     0
1070
    76
1070
     1
1070
    78
1070
     0
1070
    48
1040
64.45739932682773
1070
    49
1040
12.5
1070
    50
1070
     1
1040
46.38365823253169
1000
ACAD_MTEXT_COLUMN_INFO_END
  0
MTEXT
  5
1085
330
1F
100
AcDbEntity
  8
0
100
AcDbMText
 10
10761.59886574121
 20
2497.527690903637
 30
0.0
 40
10.0
 41
64.45739932682773
 71
     1
 72
     5
  1
M=MS\PT=30\PQ=1
 73
     1
 44
1.0
1001
ACAD
1000
ACAD_MTEXT_COLUMN_INFO_BEGIN
1070
    75
1070
     2
1070
    79
1070
     0
1070
    76
1070
     1
1070
    78
1070
     0
1070
    48
1040
64.45739932682773
1070
    49
1040
12.5
1070
    50
1070
     1
1040
46.38365823253169
1000
ACAD_MTEXT_COLUMN_INFO_END
  0
MTEXT
  5
108D
330
1F
100
AcDbEntity
  8
0
100
AcDbMText
 10
11025.29885456648
 20
2663.780869159728
 30
0.0
 40
10.0
 41
64.45739932682773
 71
     1
 72
     5
  1
M=MS\PT=30\PQ=2
 73
     1
 44
1.0
1001
ACAD
1000
ACAD_MTEXT_COLUMN_INFO_BEGIN
1070
    75
1070
     2
1070
    79
1070
     0
1070
    76
1070
     1
1070
    78
1070
     0
1070
    48
1040
64.45739932682773
1070
    49
1040
12.5
1070
    50
1070
     1
1040
46.38365823253169
1000
ACAD_MTEXT_COLUMN_INFO_END
  0
MTEXT
  5
1095
330
1F
100
AcDbEntity
  8
0
100
AcDbMText
 10
11539.37199250603
 20
2872.109585551909
 30
0.0
 40
10.0
 41
64.45739932682773
 71
     1
 72
     5
  1
M=MS\PT=30\PQ=2
 73
     1
 44
1.0
1001
ACAD
1000
ACAD_MTEXT_COLUMN_INFO_BEGIN
1070
    75
1070
     2
1070
    79
1070
     0
1070
    76
1070
     1
1070
    78
1070
     0
1070
    48
1040
64.45739932682773
1070
    49
1040
12.5
1070
    50
1070
     1
1040
46.38365823253169
1000
ACAD_MTEXT_COLUMN_INFO_END
  0
MTEXT
  5
109D
330
1F
100
AcDbEntity
  8
0
100
AcDbMText
 10
11945.67370040332
 20
2863.061793391091
 30
0.0
 40
10.0
 41
64.45739932682773
 71
     1
 72
     5
  1
M=MS\PT=30\PQ=1
 73
     1
 44
1.0
1001
ACAD
1000
ACAD_MTEXT_COLUMN_INFO_BEGIN
1070
    75
1070
     2
1070
    79
1070
     0
1070
    76
1070
     1
1070
    78
1070
     0
1070
    48
1040
64.45739932682773
1070
    49
1040
12.5
1070
    50
1070
     1
1040
46.38365823253169
1000
ACAD_MTEXT_COLUMN_INFO_END
  0
MTEXT
  5
10A5
330
1F
100
AcDbEntity
  8
0
100
AcDbMText
 10
11950.38462703903
 20
2473.800746991601
 30
0.0
 40
10.0
 41
64.45739932682773
 71
     1
 72
     5
  1
M=MS\PT=30\PQ=1
 73
     1
 44
1.0
1001
ACAD
1000
ACAD_MTEXT_COLUMN_INFO_BEGIN
1070
    75
1070
     2
1070
    79
1070
     0
1070
    76
1070
     1
1070
    78
1070
     0
1070
    48
1040
64.45739932682773
1070
    49
1040
12.5
1070
    50
1070
     1
1040
46.38365823253169
1000
ACAD_MTEXT_COLUMN_INFO_END
  0
MTEXT
  5
10AD
330
1F
100
AcDbEntity
  8
0
100
AcDbMText
 10
11755.89044860294
 20
2235.241104191508
 30
0.0
 40
10.0
 41
64.45739932682773
 71
     1
 72
     5
  1
M=MS\PT=20\PQ=1
 73
     1
 44
1.0
1001
ACAD
1000
ACAD_MTEXT_COLUMN_INFO_BEGIN
1070
    75
1070
     2
1070
    79
1070
     0
1070
    76
1070
     1
1070
    78
1070
     0
1070
    48
1040
64.45739932682773
1070
    49
1040
12.5
1070
    50
1070
     1
1040
46.38365823253169
1000
ACAD_MTEXT_COLUMN_INFO_END
  0
MTEXT
  5
10B5
330
1F
100
AcDbEntity
  8
0
100
AcDbMText
 10
11755.66929549026
 20
2132.12957206232
 30
0.0
 40
10.0
 41
64.45739932682773
 71
     1
 72
     5
  1
M=MS\PT=20\PQ=1
 73
     1
 44
1.0
1001
ACAD
1000
ACAD_MTEXT_COLUMN_INFO_BEGIN
1070
    75
1070
     2
1070
    79
1070
     0
1070
    76
1070
     1
1070
    78
1070
     0
1070
    48
1040
64.45739932682773
1070
    49
1040
12.5
1070
    50
1070
     1
1040
46.38365823253169
1000
ACAD_MTEXT_COLUMN_INFO_END
  0
MTEXT
  5
10BD
330
1F
100
AcDbEntity
  8
0
100
AcDbMText
 10
11687.16117587815
 20
2022.971323499169
 30
0.0
 40
5.0
 41
64.45739932682773
 71
     1
 72
     5
  1
M=MS\PT=40\PQ=4
 73
     1
 44
1.0
1001
ACAD
1000
ACAD_MTEXT_COLUMN_INFO_BEGIN
1070
    75
1070
     2
1070
    79
1070
     0
1070
    76
1070
     1
1070
    78
1070
     0
1070
    48
1040
64.45739932682773
1070
    49
1040
12.5
1070
    50
1070
     1
1040
46.38365823253169
1000
ACAD_MTEXT_COLUMN_INFO_END
  0
MTEXT
  5
10C5
330
1F
100
AcDbEntity
  8
0
100
AcDbMText
 10
11841.06427442658
 20
2014.326926457565
 30
0.0
 40
5.0
 41
64.45739932682773
 71
     1
 72
     5
  1
M=MS\PT=30\PQ=2
 73
     1
 44
1.0
1001
ACAD
1000
ACAD_MTEXT_COLUMN_INFO_BEGIN
1070
    75
1070
     2
1070
    79
1070
     0
1070
    76
1070
     1
1070
    78
1070
     0
1070
    48
1040
64.45739932682773
1070
    49
1040
12.5
1070
    50
1070
     1
1040
46.38365823253169
1000
ACAD_MTEXT_COLUMN_INFO_END
  0
MTEXT
  5
1177
330
1F
100
AcDbEntity
  8
0
100
AcDbMText
 10
11784.70851585418
 20
1684.755424357106
 30
0.0
 40
5.0
 41
64.45739932682773
 71
     1
 72
     5
  1
M=MS\PT=40\PQ=1
 73
     1
 44
1.0
1001
ACAD
1000
ACAD_MTEXT_COLUMN_INFO_BEGIN
1070
    75
1070
     2
1070
    79
1070
     0
1070
    76
1070
     1
1070
    78
1070
     0
1070
    48
1040
64.45739932682773
1070
    49
1040
12.5
1070
    50
1070
     1
1040
46.38365823253169
1000
ACAD_MTEXT_COLUMN_INFO_END
  0
LINE
  5
1234
330
1F
100
AcDbEntity
  8
0
  6
DASHED
 62
     5
370
     0
100
AcDbLine
 10
5994.283974054182
 20
1439.539916972478
 30
0.0
 11
5987.332590323811
 21
1189.636579131155
 31
0.0
210
0.0
220
1.0
230
0.0
  0
LINE
  5
1235
330
1F
100
AcDbEntity
  8
0
  6
DASHED
 62
     5
370
     0
100
AcDbLine
 10
6007.324857351115
 20
1189.080468432726
 30
0.0
 11
6014.276241081486
 21
1438.983806274046
 31
0.0
210
0.0
220
1.0
230
0.0
  0
CIRCLE
  5
1236
330
1F
100
AcDbEntity
  8
0
  6
Continuous
 62
     3
370
     0
100
AcDbCircle
 10
-6064.243566632915
 20
1246.673938517287
 30
0.0
 40
21.0
210
0.0
220
0.0
230
-1.0
  0
CIRCLE
  5
1237
330
1F
100
AcDbEntity
  8
0
  6
Continuous
 62
     3
370
     0
100
AcDbCircle
 10
-6195.822270834237
 20
1236.136174548966
 30
0.0
 40
21.0
210
0.0
220
0.0
230
-1.0
  0
CIRCLE
  5
1238
330
1F
100
AcDbEntity
  8
0
  6
Continuous
 62
     3
370
     0
100
AcDbCircle
 10
-5780.274046235863
 20
1245.92137987435
 30
0.0
 40
21.0
210
0.0
220
0.0
230
-1.0
  0
CIRCLE
  5
1239
330
1F
100
AcDbEntity
  8
0
  6
Continuous
 62
     3
370
     0
100
AcDbCircle
 10
-5648.753042268159
 20
1234.686366953737
 30
0.0
 40
21.0
210
0.0
220
0.0
230
-1.0
  0
LINE
  5
123A
330
1F
100
AcDbEntity
  8
0
  6
Continuous
 62
     3
370
     0
100
AcDbLine
 10
6287.244716043199
 20
1123.635358108687
 30
0.0
 11
6346.72289099258
 21
1407.910690805648
 31
0.0
210
0.0
220
1.0
230
0.0
  0
LINE
  5
123B
330
1F
100
AcDbEntity
  8
0
  6
Continuous
 62
     3
370
     0
100
AcDbLine
 10
5397.878791246967
 20
1387.768752823619
 30
0.0
 11
5570.608479394504
 21
1123.635358108686
 31
0.0
210
0.0
220
1.0
230
0.0
  0
ARC
  5
123C
330
1F
100
AcDbEntity
  8
0
  6
Continuous
 62
     3
370
     0
100
AcDbCircle
 10
5928.926597718844
 20
-1269.690387810606
 30
0.0
 40
2419.999999999923
100
AcDbArc
 50
81.48517331979082
 51
98.51482668020917
  0
LINE
  5
123D
330
1F
100
AcDbEntity
  8
0
  6
DASHED
 62
     5
370
     0
100
AcDbLine
 10
5937.351922755548
 20
1191.026855877232
 30
0.0
 11
5936.239701358688
 21
1151.04232182262
 31
0.0
210
0.0
220
1.0
230
0.0
  0
LINE
  5
123E
330
1F
100
AcDbEntity
  8
0
  6
DASHED
 62
     5
370
     0
100
AcDbLine
 10
6057.305524919378
 20
1187.690191686653
 30
0.0
 11
5937.351922755545
 21
1191.026855877231
 31
0.0
210
0.0
220
1.0
230
0.0
  0
LINE
  5
123F
330
1F
100
AcDbEntity
  8
0
  6
DASHED
 62
     5
370
     0
100
AcDbLine
 10
6056.193303522523
 20
1147.705657632042
 30
0.0
 11
6057.305524919382
 21
1187.690191686651
 31
0.0
210
0.0
220
1.0
230
0.0
  0
LINE
  5
1240
330
1F
100
AcDbEntity
  8
0
  6
DASHED
 62
     5
370
     0
100
AcDbLine
 10
5834.51499114008
 20
708.3529069073647
 30
0.0
 11
5831.923850109863
 21
958.3394785230465
 31
0.0
210
0.0
220
1.0
230
0.0
  0
LINE
  5
1241
330
1F
100
AcDbEntity
  8
0
  6
DASHED
 62
     5
370
     0
100
AcDbLine
 10
5811.924924380608
 20
958.1321872406306
 30
0.0
 11
5814.516065410822
 21
708.1456156249496
 31
0.0
210
0.0
220
1.0
230
0.0
  0
LINE
  5
1242
330
1F
100
AcDbEntity
  8
0
  6
DASHED
 62
     5
370
     0
100
AcDbLine
 10
5884.926888028047
 20
668.8732836549024
 30
0.0
 11
5884.512305463213
 21
708.8711351134115
 31
0.0
210
0.0
220
1.0
230
0.0
  0
LINE
  5
1243
330
1F
100
AcDbEntity
  8
0
  6
DASHED
 62
     5
370
     0
100
AcDbLine
 10
5884.512305463213
 20
708.8711351134097
 30
0.0
 11
5764.518751087689
 21
707.6273874189064
 31
0.0
210
0.0
220
1.0
230
0.0
  0
LINE
  5
1244
330
1F
100
AcDbEntity
  8
0
  6
DASHED
 62
     5
370
     0
100
AcDbLine
 10
5764.518751087686
 20
707.6273874189046
 30
0.0
 11
5764.933333652519
 21
667.6295359603991
 31
0.0
210
0.0
220
1.0
230
0.0
  0
CIRCLE
  5
1245
330
1F
100
AcDbEntity
  8
0
  6
Continuous
 62
     3
370
     0
100
AcDbCircle
 10
-5626.868147139947
 20
758.4822140055648
 30
0.0
 40
21.0
210
0.0
220
0.0
230
-1.0
  0
CIRCLE
  5
1246
330
1F
100
AcDbEntity
  8
0
  6
Continuous
 62
     3
370
     0
100
AcDbCircle
 10
-5758.610647077399
 20
766.7231835469092
 30
0.0
 40
21.0
210
0.0
220
0.0
230
-1.0
  0
CIRCLE
  5
1247
330
1F
100
AcDbEntity
  8
0
  6
Continuous
 62
     3
370
     0
100
AcDbCircle
 10
-6042.52383450694
 20
761.0173214175402
 30
0.0
 40
21.0
210
0.0
220
0.0
230
-1.0
  0
CIRCLE
  5
1248
330
1F
100
AcDbEntity
  8
0
  6
Continuous
 62
     3
370
     0
100
AcDbCircle
 10
-6173.828849889033
 20
747.4898332726834
 30
0.0
 40
21.0
210
0.0
220
0.0
230
-1.0
  0
LINE
  5
1249
330
1F
100
AcDbEntity
  8
0
  6
Continuous
 62
     3
370
     0
100
AcDbLine
 10
5395.559220015977
 20
920.0050449020555
 30
0.0
 11
5450.001342244835
 21
635.0926350202225
 31
0.0
210
0.0
220
1.0
230
0.0
  0
ARC
  5
124A
330
1F
100
AcDbEntity
  8
0
  6
Continuous
 62
     3
370
     0
100
AcDbCircle
 10
-5850.012883829276
 20
-1751.618651792447
 30
0.0
 40
2419.999999999951
210
0.0
220
0.0
230
-1.0
100
AcDbArc
 50
80.4856845747941
 51
99.51431542520591
  0
LINE
  5
124B
330
1F
100
AcDbEntity
  8
0
  6
Continuous
 62
     3
370
     0
100
AcDbLine
 10
6427.335239717831
 20
896.1728343881432
 30
0.0
 11
6250.024425413718
 21
635.0926350202244
 31
0.0
210
0.0
220
1.0
230
0.0
  0
ARC
  5
124C
330
1F
100
AcDbEntity
  8
0
  6
Continuous
 62
     3
370
     0
100
AcDbCircle
 10
5928.926815742329
 20
-1269.690183017077
 30
0.0
 40
2710.0
100
AcDbArc
 50
81.1314368029245
 51
101.3007324820962
  0
ARC
  5
124D
330
1F
100
AcDbEntity
  8
本体
100
AcDbCircle
 10
5850.01266941611
 20
-1751.618443228122
 30
0.0
 40
2710.000000000105
100
AcDbArc
 50
77.69977877294933
 51
99.65382842714689
  0
LINE
  5
1275
330
1F
100
AcDbEntity
  8
0
  6
Continuous
 62
     3
370
     0
100
AcDbLine
 10
12731.09639896856
 20
1150.176807925609
 30
0.0
 11
12731.09639896856
 21
1260.176807925609
 31
0.0
210
0.0
220
1.0
230
0.0
  0
LINE
  5
1276
330
1F
100
AcDbEntity
  8
0
  6
Continuous
 62
     3
370
     0
100
AcDbLine
 10
12434.92644959846
 20
1150.176807925609
 30
0.0
 11
12731.09639896856
 21
1150.176807925609
 31
0.0
210
0.0
220
1.0
230
0.0
  0
LINE
  5
1277
330
1F
100
AcDbEntity
  8
0
  6
Continuous
 62
     3
370
     0
100
AcDbLine
 10
12731.09639896856
 20
1260.176807925609
 30
0.0
 11
12434.92644959846
 21
1260.176807925609
 31
0.0
210
0.0
220
1.0
230
0.0
  0
ELLIPSE
  5
1278
330
1F
100
AcDbEntity
  8
0
  6
Continuous
 62
     3
370
     0
100
AcDbEllipse
 10
12225.48745113175
 20
1176.93936727895
 30
0.0
 11
-2458.219542033365
 21
2458.219542033396
 31
0.0
210
0.0
220
0.0
230
-1.0
 40
0.0380670437598576
 41
1.581402526855047
 42
1.593600502665372
  0
LINE
  5
1279
330
1F
100
AcDbEntity
  8
0
  6
Continuous
 62
     3
370
     0
100
AcDbLine
 10
12375.09308385591
 20
1204.439375452772
 30
0.0
 11
12375.09308385591
 21
1214.439375452772
 31
0.0
210
0.0
220
-1.0
230
0.0
  0
LINE
  5
127A
330
1F
100
AcDbEntity
  8
0
  6
Continuous
 62
     3
370
     0
100
AcDbLine
 10
12078.9231344858
 20
1244.439375452772
 30
0.0
 11
12345.13121818028
 21
1244.439375452772
 31
0.0
210
0.0
220
-1.0
230
0.0
  0
LINE
  5
127B
330
1F
100
AcDbEntity
  8
0
  6
Continuous
 62
     3
370
     0
100
AcDbLine
 10
12078.9231344858
 20
1204.439375452772
 30
0.0
 11
12375.09308385591
 21
1204.439375452772
 31
0.0
210
0.0
220
-1.0
230
0.0
  0
LINE
  5
127C
330
1F
100
AcDbEntity
  8
0
  6
Continuous
 62
     3
370
     0
100
AcDbLine
 10
12434.92644959846
 20
1260.176807925609
 30
0.0
 11
12434.92644959846
 21
1150.176807925609
 31
0.0
210
0.0
220
1.0
230
0.0
  0
LINE
  5
127D
330
1F
100
AcDbEntity
  8
0
  6
Continuous
 62
     3
370
     0
100
AcDbLine
 10
12078.9231344858
 20
1244.439375452772
 30
0.0
 11
12078.9231344858
 21
1204.439375452772
 31
0.0
210
0.0
220
-1.0
230
0.0
  0
LINE
  5
129E
330
1F
100
AcDbEntity
  8
0
  6
Continuous
 62
     3
370
     0
100
AcDbLine
 10
13548.56389861314
 20
2602.283284415355
 30
0.0
 11
13525.32477198803
 21
2568.816624231315
 31
0.0
210
0.0
220
1.0
230
0.0
  0
LINE
  5
129F
330
1F
100
AcDbEntity
  8
0
  6
Continuous
 62
     3
370
     0
100
AcDbLine
 10
13507.49447492218
 20
2630.801742257458
 30
0.0
 11
13548.56389861315
 21
2602.283284415355
 31
0.0
210
0.0
220
1.0
230
0.0
  0
LINE
  5
12A0
330
1F
100
AcDbEntity
  8
0
  6
Continuous
 62
     3
370
     0
100
AcDbLine
 10
13650.07631473333
 20
2836.133812535025
 30
0.0
 11
13507.49447492217
 21
2630.801742257458
 31
0.0
210
0.0
220
1.0
230
0.0
  0
ARC
  5
12A1
330
1F
100
AcDbEntity
  8
0
  6
Continuous
 62
     3
370
     0
100
AcDbCircle
 10
-12096.17200054317
 20
615.8900112037936
 30
0.0
 40
2419.999999999933
210
0.0
220
0.0
230
-1.0
100
AcDbArc
 50
126.1966863256799
 51
132.6637916829472
  0
ARC
  5
12A2
330
1F
100
AcDbEntity
  8
0
  6
Continuous
 62
     3
370
     0
100
AcDbCircle
 10
12096.17229470519
 20
615.8900654346489
 30
0.0
 40
2709.999999999615
100
AcDbArc
 50
47.08609460370833
 51
55.0125974952862
  0
ARC
  5
12A3
330
1F
100
AcDbEntity
  8
0
  6
Continuous
 62
     3
370
     0
100
AcDbCircle
 10
-12096.17203503595
 20
615.8900518843674
 30
0.0
 40
2460.000000000702
210
0.0
220
0.0
230
-1.0
100
AcDbArc
 50
117.6316806376751
 51
121.6265282382289
  0
LINE
  5
12A4
330
1F
100
AcDbEntity
  8
0
  6
Continuous
 62
     3
370
     0
100
AcDbLine
 10
13386.14733615474
 20
2710.541269272822
 30
0.0
 11
13445.40384781068
 21
2803.555455080483
 31
0.0
210
0.0
220
1.0
230
0.0
  0
LINE
  5
12A5
330
1F
100
AcDbEntity
  8
0
  6
Continuous
 62
     3
370
     0
100
AcDbLine
 10
13449.79803957361
 20
2670.865936279485
 30
0.0
 11
13491.06670544579
 21
2642.209125394298
 31
0.0
210
0.0
220
1.0
230
0.0
  0
LINE
  5
12A6
330
1F
100
AcDbEntity
  8
0
  6
Continuous
 62
     3
370
     0
100
AcDbLine
 10
13491.06670544579
 20
2642.209125394298
 30
0.0
 11
13633.64857096461
 21
2847.541232693488
 31
0.0
210
0.0
220
1.0
230
0.0
  0
LINE
  5
12A7
330
1F
100
AcDbEntity
  8
0
  6
Continuous
 62
     3
370
     0
100
AcDbLine
 10
13508.65822472294
 20
2763.258013456454
 30
0.0
 11
13449.7980395736
 21
2670.865936279485
 31
0.0
210
0.0
220
1.0
230
0.0
  0
LINE
  5
12A8
330
1F
100
AcDbEntity
  8
0
  6
Continuous
 62
     3
370
     0
100
AcDbLine
 10
13445.40384781068
 20
2803.555455080483
 30
0.0
 11
13508.65822472294
 21
2763.258013456454
 31
0.0
210
0.0
220
1.0
230
0.0
  0
ARC
  5
12A9
330
1F
100
AcDbEntity
  8
0
  6
Continuous
 62
     3
370
     0
100
AcDbCircle
 10
12096.17233142561
 20
615.8900922029807
 30
0.0
 40
2709.999999999929
100
AcDbArc
 50
55.4354458512925
 51
64.0629340576001
  0
LINE
  5
12AA
330
1F
100
AcDbEntity
  8
0
  6
Continuous
 62
     3
370
     0
100
AcDbLine
 10
13237.08550358068
 20
2795.320298821724
 30
0.0
 11
13237.08553129961
 21
2795.320343049212
 31
0.0
210
0.0
220
1.0
230
0.0
  0
ARC
  5
12AB
330
1F
100
AcDbEntity
  8
0
  6
Continuous
 62
     3
370
     0
100
AcDbCircle
 10
-12096.17200054291
 20
615.8900112033461
 30
0.0
 40
2460.000000000452
210
0.0
220
0.0
230
-1.0
100
AcDbArc
 50
114.240655891001
 51
117.6316808157747
  0
LINE
  5
12AC
330
1F
100
AcDbEntity
  8
0
  6
Continuous
 62
     3
370
     0
100
AcDbLine
 10
13165.40357138158
 20
3106.039554315778
 30
0.0
 11
13106.17457449545
 21
3037.35096336791
 31
0.0
210
0.0
220
1.0
230
0.0
  0
ARC
  5
12AD
330
1F
100
AcDbEntity
  8
0
  6
Continuous
 62
     3
370
     0
100
AcDbCircle
 10
12096.17229470488
 20
615.8900654341687
 30
0.0
 40
2710.000000000189
100
AcDbArc
 50
64.0629338751799
 51
66.76207045725468
  0
LINE
  5
12AE
330
1F
100
AcDbEntity
  8
0
  6
Continuous
 62
     3
370
     0
100
AcDbLine
 10
13106.17457449545
 20
3037.350963367908
 30
0.0
 11
13106.17457449545
 21
2858.989384974258
 31
0.0
210
0.0
220
1.0
230
0.0
  0
LINE
  5
12AF
330
1F
100
AcDbEntity
  8
0
  6
Continuous
 62
     3
370
     0
100
AcDbLine
 10
13941.40759114214
 20
2600.633550316552
 30
0.0
 11
13736.19414739989
 21
2395.420105868993
 31
0.0
210
0.0
220
1.0
230
0.0
  0
POLYLINE
  5
12FF
330
1F
100
AcDbEntity
  8
0
 62
     5
370
     0
100
AcDb2dPolyline
 66
     1
 10
0.0
 20
0.0
 30
0.0
  0
VERTEX
  5
1300
330
12FF
100
AcDbEntity
  8
0
 62
     5
370
     0
100
AcDbVertex
100
AcDb2dVertex
 10
6019.786977529783
 20
879.5038243947997
 30
0.0
  0
VERTEX
  5
1301
330
12FF
100
AcDbEntity
  8
0
 62
     5
370
     0
100
AcDbVertex
100
AcDb2dVertex
 10
6023.815893136601
 20
881.3351496706257
 30
0.0
  0
VERTEX
  5
1302
330
12FF
100
AcDbEntity
  8
0
 62
     5
370
     0
100
AcDbVertex
100
AcDb2dVertex
 10
6029.309868964077
 20
887.1953905532695
 30
0.0
  0
VERTEX
  5
1303
330
12FF
100
AcDbEntity
  8
0
 62
     5
370
     0
100
AcDbVertex
100
AcDb2dVertex
 10
6029.309868964077
 20
847.2724995402636
 30
0.0
  0
SEQEND
  5
1304
330
12FF
100
AcDbEntity
  8
0
 62
     5
370
     0
  0
POLYLINE
  5
1305
330
1F
100
AcDbEntity
  8
0
 62
     5
370
     0
100
AcDb2dPolyline
 66
     1
 10
0.0
 20
0.0
 30
0.0
 70
     1
  0
VERTEX
  5
1306
330
1305
100
AcDbEntity
  8
0
 62
     5
370
     0
100
AcDbVertex
100
AcDb2dVertex
 10
6059.709868542786
 20
887.1953905532695
 30
0.0
  0
VERTEX
  5
1307
330
1305
100
AcDbEntity
  8
0
 62
     5
370
     0
100
AcDbVertex
100
AcDb2dVertex
 10
6054.215892715309
 20
885.3640652774439
 30
0.0
  0
VERTEX
  5
1308
330
1305
100
AcDbEntity
  8
0
 62
     5
370
     0
100
AcDbVertex
100
AcDb2dVertex
 10
6052.384567439483
 20
881.3351496706257
 30
0.0
  0
VERTEX
  5
1309
330
1305
100
AcDbEntity
  8
0
 62
     5
370
     0
100
AcDbVertex
100
AcDb2dVertex
 10
6052.384567439483
 20
877.6724991189746
 30
0.0
  0
VERTEX
  5
130A
330
1305
100
AcDbEntity
  8
0
 62
     5
370
     0
100
AcDbVertex
100
AcDb2dVertex
 10
6054.215892715309
 20
873.6435835121566
 30
0.0
  0
VERTEX
  5
130B
330
1305
100
AcDbEntity
  8
0
 62
     5
370
     0
100
AcDbVertex
100
AcDb2dVertex
 10
6057.878543266961
 20
871.8122582363307
 30
0.0
  0
VERTEX
  5
130C
330
1305
100
AcDbEntity
  8
0
 62
     5
370
     0
100
AcDbVertex
100
AcDb2dVertex
 10
6065.57010942543
 20
869.9809329605047
 30
0.0
  0
VERTEX
  5
130D
330
1305
100
AcDbEntity
  8
0
 62
     5
370
     0
100
AcDbVertex
100
AcDb2dVertex
 10
6071.430350308073
 20
868.1496076846785
 30
0.0
  0
VERTEX
  5
130E
330
1305
100
AcDbEntity
  8
0
 62
     5
370
     0
100
AcDbVertex
100
AcDb2dVertex
 10
6075.093000859727
 20
864.1206920778616
 30
0.0
  0
VERTEX
  5
130F
330
1305
100
AcDbEntity
  8
0
 62
     5
370
     0
100
AcDbVertex
100
AcDb2dVertex
 10
6076.92432613555
 20
860.4580415262097
 30
0.0
  0
VERTEX
  5
1310
330
1305
100
AcDbEntity
  8
0
 62
     5
370
     0
100
AcDbVertex
100
AcDb2dVertex
 10
6076.92432613555
 20
854.5978006435678
 30
0.0
  0
VERTEX
  5
1311
330
1305
100
AcDbEntity
  8
0
 62
     5
370
     0
100
AcDbVertex
100
AcDb2dVertex
 10
6075.093000859727
 20
850.9351500919159
 30
0.0
  0
VERTEX
  5
1312
330
1305
100
AcDbEntity
  8
0
 62
     5
370
     0
100
AcDbVertex
100
AcDb2dVertex
 10
6073.261675583898
 20
849.1038248160899
 30
0.0
  0
VERTEX
  5
1313
330
1305
100
AcDbEntity
  8
0
 62
     5
370
     0
100
AcDbVertex
100
AcDb2dVertex
 10
6067.401434701255
 20
847.2724995402636
 30
0.0
  0
VERTEX
  5
1314
330
1305
100
AcDbEntity
  8
0
 62
     5
370
     0
100
AcDbVertex
100
AcDb2dVertex
 10
6059.709868542786
 20
847.2724995402636
 30
0.0
  0
VERTEX
  5
1315
330
1305
100
AcDbEntity
  8
0
 62
     5
370
     0
100
AcDbVertex
100
AcDb2dVertex
 10
6054.215892715309
 20
849.1038248160899
 30
0.0
  0
VERTEX
  5
1316
330
1305
100
AcDbEntity
  8
0
 62
     5
370
     0
100
AcDbVertex
100
AcDb2dVertex
 10
6052.384567439483
 20
850.9351500919159
 30
0.0
  0
VERTEX
  5
1317
330
1305
100
AcDbEntity
  8
0
 62
     5
370
     0
100
AcDbVertex
100
AcDb2dVertex
 10
6050.186977108491
 20
854.5978006435678
 30
0.0
  0
VERTEX
  5
1318
330
1305
100
AcDbEntity
  8
0
 62
     5
370
     0
100
AcDbVertex
100
AcDb2dVertex
 10
6050.186977108491
 20
860.4580415262097
 30
0.0
  0
VERTEX
  5
1319
330
1305
100
AcDbEntity
  8
0
 62
     5
370
     0
100
AcDbVertex
100
AcDb2dVertex
 10
6052.384567439483
 20
864.1206920778616
 30
0.0
  0
VERTEX
  5
131A
330
1305
100
AcDbEntity
  8
0
 62
     5
370
     0
100
AcDbVertex
100
AcDb2dVertex
 10
6056.047217991138
 20
868.1496076846785
 30
0.0
  0
VERTEX
  5
131B
330
1305
100
AcDbEntity
  8
0
 62
     5
370
     0
100
AcDbVertex
100
AcDb2dVertex
 10
6061.907458873779
 20
869.9809329605047
 30
0.0
  0
VERTEX
  5
131C
330
1305
100
AcDbEntity
  8
0
 62
     5
370
     0
100
AcDbVertex
100
AcDb2dVertex
 10
6069.232759977083
 20
871.8122582363307
 30
0.0
  0
VERTEX
  5
131D
330
1305
100
AcDbEntity
  8
0
 62
     5
370
     0
100
AcDbVertex
100
AcDb2dVertex
 10
6073.261675583898
 20
873.6435835121566
 30
0.0
  0
VERTEX
  5
131E
330
1305
100
AcDbEntity
  8
0
 62
     5
370
     0
100
AcDbVertex
100
AcDb2dVertex
 10
6075.093000859727
 20
877.6724991189746
 30
0.0
  0
VERTEX
  5
131F
330
1305
100
AcDbEntity
  8
0
 62
     5
370
     0
100
AcDbVertex
100
AcDb2dVertex
 10
6075.093000859727
 20
881.3351496706257
 30
0.0
  0
VERTEX
  5
1320
330
1305
100
AcDbEntity
  8
0
 62
     5
370
     0
100
AcDbVertex
100
AcDb2dVertex
 10
6073.261675583898
 20
885.3640652774439
 30
0.0
  0
VERTEX
  5
1321
330
1305
100
AcDbEntity
  8
0
 62
     5
370
     0
100
AcDbVertex
100
AcDb2dVertex
 10
6067.401434701255
 20
887.1953905532695
 30
0.0
  0
VERTEX
  5
1322
330
1305
100
AcDbEntity
  8
0
 62
     5
370
     0
100
AcDbVertex
100
AcDb2dVertex
 10
6059.709868542786
 20
887.1953905532695
 30
0.0
  0
SEQEND
  5
1323
330
1305
100
AcDbEntity
  8
0
 62
     5
370
     0
  0
POLYLINE
  5
1324
330
1F
100
AcDbEntity
  8
0
 62
     5
370
     0
100
AcDb2dPolyline
 66
     1
 10
0.0
 20
0.0
 30
0.0
  0
VERTEX
  5
1325
330
1324
100
AcDbEntity
  8
0
 62
     5
370
     0
100
AcDbVertex
100
AcDb2dVertex
 10
6088.278542845671
 20
864.1206920778616
 30
0.0
  0
VERTEX
  5
1326
330
1324
100
AcDbEntity
  8
0
 62
     5
370
     0
100
AcDbVertex
100
AcDb2dVertex
 10
6107.324325714262
 20
864.1206920778616
 30
0.0
  0
SEQEND
  5
1327
330
1324
100
AcDbEntity
  8
0
 62
     5
370
     0
  0
POLYLINE
  5
1328
330
1F
100
AcDbEntity
  8
0
 62
     5
370
     0
100
AcDb2dPolyline
 66
     1
 10
0.0
 20
0.0
 30
0.0
  0
VERTEX
  5
1329
330
1328
100
AcDbEntity
  8
0
 62
     5
370
     0
100
AcDbVertex
100
AcDb2dVertex
 10
6122.707458031201
 20
879.5038243947997
 30
0.0
  0
VERTEX
  5
132A
330
1328
100
AcDbEntity
  8
0
 62
     5
370
     0
100
AcDbVertex
100
AcDb2dVertex
 10
6126.370108582853
 20
881.3351496706257
 30
0.0
  0
VERTEX
  5
132B
330
1328
100
AcDbEntity
  8
0
 62
     5
370
     0
100
AcDbVertex
100
AcDb2dVertex
 10
6132.230349465493
 20
887.1953905532695
 30
0.0
  0
VERTEX
  5
132C
330
1328
100
AcDbEntity
  8
0
 62
     5
370
     0
100
AcDbVertex
100
AcDb2dVertex
 10
6132.230349465493
 20
847.2724995402636
 30
0.0
  0
SEQEND
  5
132D
330
1328
100
AcDbEntity
  8
0
 62
     5
370
     0
  0
POLYLINE
  5
132E
330
1F
100
AcDbEntity
  8
0
 62
     5
370
     0
100
AcDb2dPolyline
 66
     1
 10
0.0
 20
0.0
 30
0.0
  0
VERTEX
  5
132F
330
132E
100
AcDbEntity
  8
0
 62
     5
370
     0
100
AcDbVertex
100
AcDb2dVertex
 10
6156.770108161563
 20
887.1953905532695
 30
0.0
  0
VERTEX
  5
1330
330
132E
100
AcDbEntity
  8
0
 62
     5
370
     0
100
AcDbVertex
100
AcDb2dVertex
 10
6178.013481361142
 20
887.1953905532695
 30
0.0
  0
VERTEX
  5
1331
330
132E
100
AcDbEntity
  8
0
 62
     5
370
     0
100
AcDbVertex
100
AcDb2dVertex
 10
6166.292999595857
 20
871.8122582363307
 30
0.0
  0
VERTEX
  5
1332
330
132E
100
AcDbEntity
  8
0
 62
     5
370
     0
100
AcDbVertex
100
AcDb2dVertex
 10
6172.153240478502
 20
871.8122582363307
 30
0.0
  0
VERTEX
  5
1333
330
132E
100
AcDbEntity
  8
0
 62
     5
370
     0
100
AcDbVertex
100
AcDb2dVertex
 10
6175.815891030151
 20
869.9809329605047
 30
0.0
  0
VERTEX
  5
1334
330
132E
100
AcDbEntity
  8
0
 62
     5
370
     0
100
AcDbVertex
100
AcDb2dVertex
 10
6178.013481361142
 20
868.1496076846785
 30
0.0
  0
VERTEX
  5
1335
330
132E
100
AcDbEntity
  8
0
 62
     5
370
     0
100
AcDbVertex
100
AcDb2dVertex
 10
6179.84480663697
 20
862.2893668020358
 30
0.0
  0
VERTEX
  5
1336
330
132E
100
AcDbEntity
  8
0
 62
     5
370
     0
100
AcDbVertex
100
AcDb2dVertex
 10
6179.84480663697
 20
858.6267162503848
 30
0.0
  0
VERTEX
  5
1337
330
132E
100
AcDbEntity
  8
0
 62
     5
370
     0
100
AcDbVertex
100
AcDb2dVertex
 10
6178.013481361142
 20
852.7664753677415
 30
0.0
  0
VERTEX
  5
1338
330
132E
100
AcDbEntity
  8
0
 62
     5
370
     0
100
AcDbVertex
100
AcDb2dVertex
 10
6173.984565754326
 20
849.1038248160899
 30
0.0
  0
VERTEX
  5
1339
330
132E
100
AcDbEntity
  8
0
 62
     5
370
     0
100
AcDbVertex
100
AcDb2dVertex
 10
6168.490589926848
 20
847.2724995402636
 30
0.0
  0
VERTEX
  5
133A
330
132E
100
AcDbEntity
  8
0
 62
     5
370
     0
100
AcDbVertex
100
AcDb2dVertex
 10
6162.630349044206
 20
847.2724995402636
 30
0.0
  0
VERTEX
  5
133B
330
132E
100
AcDbEntity
  8
0
 62
     5
370
     0
100
AcDbVertex
100
AcDb2dVertex
 10
6156.770108161563
 20
849.1038248160899
 30
0.0
  0
VERTEX
  5
133C
330
132E
100
AcDbEntity
  8
0
 62
     5
370
     0
100
AcDbVertex
100
AcDb2dVertex
 10
6154.938782885737
 20
850.9351500919159
 30
0.0
  0
VERTEX
  5
133D
330
132E
100
AcDbEntity
  8
0
 62
     5
370
     0
100
AcDbVertex
100
AcDb2dVertex
 10
6153.10745760991
 20
854.5978006435678
 30
0.0
  0
SEQEND
  5
133E
330
132E
100
AcDbEntity
  8
0
 62
     5
370
     0
  0
MTEXT
  5
133F
330
1F
100
AcDbEntity
  8
0
100
AcDbMText
 10
5927.880524817447
 20
858.7245026961118
 30
0.0
 40
10.0
 41
20.37005838346522
 71
     1
 72
     5
  1
M=MS\PT=30\PQ=1
 73
     1
 44
1.0
1001
ACAD
1000
ACAD_MTEXT_COLUMN_INFO_BEGIN
1070
    75
1070
     2
1070
    79
1070
     0
1070
    76
1070
     1
1070
    78
1070
     0
1070
    48
1040
20.37005838346522
1070
    49
1040
12.5
1070
    50
1070
     1
1040
0.0
1000
ACAD_MTEXT_COLUMN_INFO_END
  0
POLYLINE
  5
137F
330
1F
100
AcDbEntity
  8
0
 62
     5
370
     0
100
AcDb2dPolyline
 66
     1
 10
0.0
 20
0.0
 30
0.0
  0
VERTEX
  5
1380
330
137F
100
AcDbEntity
  8
0
 62
     5
370
     0
100
AcDbVertex
100
AcDb2dVertex
 10
5793.498959864535
 20
1370.730621178475
 30
0.0
  0
VERTEX
  5
1381
330
137F
100
AcDbEntity
  8
0
 62
     5
370
     0
100
AcDbVertex
100
AcDb2dVertex
 10
5797.161610416189
 20
1372.561946454301
 30
0.0
  0
VERTEX
  5
1382
330
137F
100
AcDbEntity
  8
0
 62
     5
370
     0
100
AcDbVertex
100
AcDb2dVertex
 10
5803.021851298829
 20
1378.422187336943
 30
0.0
  0
VERTEX
  5
1383
330
137F
100
AcDbEntity
  8
0
 62
     5
370
     0
100
AcDbVertex
100
AcDb2dVertex
 10
5803.021851298829
 20
1338.499296323938
 30
0.0
  0
SEQEND
  5
1384
330
137F
100
AcDbEntity
  8
0
 62
     5
370
     0
  0
POLYLINE
  5
1385
330
1F
100
AcDbEntity
  8
0
 62
     5
370
     0
100
AcDb2dPolyline
 66
     1
 10
0.0
 20
0.0
 30
0.0
 70
     1
  0
VERTEX
  5
1386
330
1385
100
AcDbEntity
  8
0
 62
     5
370
     0
100
AcDbVertex
100
AcDb2dVertex
 10
5833.421850877543
 20
1378.422187336943
 30
0.0
  0
VERTEX
  5
1387
330
1385
100
AcDbEntity
  8
0
 62
     5
370
     0
100
AcDbVertex
100
AcDb2dVertex
 10
5827.561609994898
 20
1376.590862061118
 30
0.0
  0
VERTEX
  5
1388
330
1385
100
AcDbEntity
  8
0
 62
     5
370
     0
100
AcDbVertex
100
AcDb2dVertex
 10
5825.730284719073
 20
1372.561946454301
 30
0.0
  0
VERTEX
  5
1389
330
1385
100
AcDbEntity
  8
0
 62
     5
370
     0
100
AcDbVertex
100
AcDb2dVertex
 10
5825.730284719073
 20
1368.899295902649
 30
0.0
  0
VERTEX
  5
138A
330
1385
100
AcDbEntity
  8
0
 62
     5
370
     0
100
AcDbVertex
100
AcDb2dVertex
 10
5827.561609994898
 20
1364.870380295831
 30
0.0
  0
VERTEX
  5
138B
330
1385
100
AcDbEntity
  8
0
 62
     5
370
     0
100
AcDbVertex
100
AcDb2dVertex
 10
5831.590525601716
 20
1363.039055020005
 30
0.0
  0
VERTEX
  5
138C
330
1385
100
AcDbEntity
  8
0
 62
     5
370
     0
100
AcDbVertex
100
AcDb2dVertex
 10
5838.915826705022
 20
1361.20772974418
 30
0.0
  0
VERTEX
  5
138D
330
1385
100
AcDbEntity
  8
0
 62
     5
370
     0
100
AcDbVertex
100
AcDb2dVertex
 10
5844.776067587662
 20
1359.376404468354
 30
0.0
  0
VERTEX
  5
138E
330
1385
100
AcDbEntity
  8
0
 62
     5
370
     0
100
AcDbVertex
100
AcDb2dVertex
 10
5848.438718139314
 20
1355.347488861537
 30
0.0
  0
VERTEX
  5
138F
330
1385
100
AcDbEntity
  8
0
 62
     5
370
     0
100
AcDbVertex
100
AcDb2dVertex
 10
5850.27004341514
 20
1351.684838309884
 30
0.0
  0
VERTEX
  5
1390
330
1385
100
AcDbEntity
  8
0
 62
     5
370
     0
100
AcDbVertex
100
AcDb2dVertex
 10
5850.27004341514
 20
1345.824597427242
 30
0.0
  0
VERTEX
  5
1391
330
1385
100
AcDbEntity
  8
0
 62
     5
370
     0
100
AcDbVertex
100
AcDb2dVertex
 10
5848.438718139314
 20
1342.16194687559
 30
0.0
  0
VERTEX
  5
1392
330
1385
100
AcDbEntity
  8
0
 62
     5
370
     0
100
AcDbVertex
100
AcDb2dVertex
 10
5846.607392863489
 20
1340.330621599764
 30
0.0
  0
VERTEX
  5
1393
330
1385
100
AcDbEntity
  8
0
 62
     5
370
     0
100
AcDbVertex
100
AcDb2dVertex
 10
5840.747151980844
 20
1338.499296323938
 30
0.0
  0
VERTEX
  5
1394
330
1385
100
AcDbEntity
  8
0
 62
     5
370
     0
100
AcDbVertex
100
AcDb2dVertex
 10
5833.421850877543
 20
1338.499296323938
 30
0.0
  0
VERTEX
  5
1395
330
1385
100
AcDbEntity
  8
0
 62
     5
370
     0
100
AcDbVertex
100
AcDb2dVertex
 10
5827.561609994898
 20
1340.330621599764
 30
0.0
  0
VERTEX
  5
1396
330
1385
100
AcDbEntity
  8
0
 62
     5
370
     0
100
AcDbVertex
100
AcDb2dVertex
 10
5825.730284719073
 20
1342.16194687559
 30
0.0
  0
VERTEX
  5
1397
330
1385
100
AcDbEntity
  8
0
 62
     5
370
     0
100
AcDbVertex
100
AcDb2dVertex
 10
5823.898959443248
 20
1345.824597427242
 30
0.0
  0
VERTEX
  5
1398
330
1385
100
AcDbEntity
  8
0
 62
     5
370
     0
100
AcDbVertex
100
AcDb2dVertex
 10
5823.898959443248
 20
1351.684838309884
 30
0.0
  0
VERTEX
  5
1399
330
1385
100
AcDbEntity
  8
0
 62
     5
370
     0
100
AcDbVertex
100
AcDb2dVertex
 10
5825.730284719073
 20
1355.347488861537
 30
0.0
  0
VERTEX
  5
139A
330
1385
100
AcDbEntity
  8
0
 62
     5
370
     0
100
AcDbVertex
100
AcDb2dVertex
 10
5829.392935270725
 20
1359.376404468354
 30
0.0
  0
VERTEX
  5
139B
330
1385
100
AcDbEntity
  8
0
 62
     5
370
     0
100
AcDbVertex
100
AcDb2dVertex
 10
5835.253176153365
 20
1361.20772974418
 30
0.0
  0
VERTEX
  5
139C
330
1385
100
AcDbEntity
  8
0
 62
     5
370
     0
100
AcDbVertex
100
AcDb2dVertex
 10
5842.944742311836
 20
1363.039055020005
 30
0.0
  0
VERTEX
  5
139D
330
1385
100
AcDbEntity
  8
0
 62
     5
370
     0
100
AcDbVertex
100
AcDb2dVertex
 10
5846.607392863489
 20
1364.870380295831
 30
0.0
  0
VERTEX
  5
139E
330
1385
100
AcDbEntity
  8
0
 62
     5
370
     0
100
AcDbVertex
100
AcDb2dVertex
 10
5848.438718139314
 20
1368.899295902649
 30
0.0
  0
VERTEX
  5
139F
330
1385
100
AcDbEntity
  8
0
 62
     5
370
     0
100
AcDbVertex
100
AcDb2dVertex
 10
5848.438718139314
 20
1372.561946454301
 30
0.0
  0
VERTEX
  5
13A0
330
1385
100
AcDbEntity
  8
0
 62
     5
370
     0
100
AcDbVertex
100
AcDb2dVertex
 10
5846.607392863489
 20
1376.590862061118
 30
0.0
  0
VERTEX
  5
13A1
330
1385
100
AcDbEntity
  8
0
 62
     5
370
     0
100
AcDbVertex
100
AcDb2dVertex
 10
5840.747151980844
 20
1378.422187336943
 30
0.0
  0
VERTEX
  5
13A2
330
1385
100
AcDbEntity
  8
0
 62
     5
370
     0
100
AcDbVertex
100
AcDb2dVertex
 10
5833.421850877543
 20
1378.422187336943
 30
0.0
  0
SEQEND
  5
13A3
330
1385
100
AcDbEntity
  8
0
 62
     5
370
     0
  0
POLYLINE
  5
13A4
330
1F
100
AcDbEntity
  8
0
 62
     5
370
     0
100
AcDb2dPolyline
 66
     1
 10
0.0
 20
0.0
 30
0.0
  0
VERTEX
  5
13A5
330
13A4
100
AcDbEntity
  8
0
 62
     5
370
     0
100
AcDbVertex
100
AcDb2dVertex
 10
5861.990525180427
 20
1355.347488861537
 30
0.0
  0
VERTEX
  5
13A6
330
13A4
100
AcDbEntity
  8
0
 62
     5
370
     0
100
AcDbVertex
100
AcDb2dVertex
 10
5881.036308049015
 20
1355.347488861537
 30
0.0
  0
SEQEND
  5
13A7
330
13A4
100
AcDbEntity
  8
0
 62
     5
370
     0
  0
POLYLINE
  5
13A8
330
1F
100
AcDbEntity
  8
0
 62
     5
370
     0
100
AcDb2dPolyline
 66
     1
 10
0.0
 20
0.0
 30
0.0
  0
VERTEX
  5
13A9
330
13A8
100
AcDbEntity
  8
0
 62
     5
370
     0
100
AcDbVertex
100
AcDb2dVertex
 10
5896.053175310788
 20
1370.730621178475
 30
0.0
  0
VERTEX
  5
13AA
330
13A8
100
AcDbEntity
  8
0
 62
     5
370
     0
100
AcDbVertex
100
AcDb2dVertex
 10
5900.082090917606
 20
1372.561946454301
 30
0.0
  0
VERTEX
  5
13AB
330
13A8
100
AcDbEntity
  8
0
 62
     5
370
     0
100
AcDbVertex
100
AcDb2dVertex
 10
5905.576066745084
 20
1378.422187336943
 30
0.0
  0
VERTEX
  5
13AC
330
13A8
100
AcDbEntity
  8
0
 62
     5
370
     0
100
AcDbVertex
100
AcDb2dVertex
 10
5905.576066745084
 20
1338.499296323938
 30
0.0
  0
SEQEND
  5
13AD
330
13A8
100
AcDbEntity
  8
0
 62
     5
370
     0
  0
POLYLINE
  5
13AE
330
1F
100
AcDbEntity
  8
0
 62
     5
370
     0
100
AcDb2dPolyline
 66
     1
 10
0.0
 20
0.0
 30
0.0
  0
VERTEX
  5
13AF
330
13AE
100
AcDbEntity
  8
0
 62
     5
370
     0
100
AcDbVertex
100
AcDb2dVertex
 10
5945.498957758089
 20
1378.422187336943
 30
0.0
  0
VERTEX
  5
13B0
330
13AE
100
AcDbEntity
  8
0
 62
     5
370
     0
100
AcDbVertex
100
AcDb2dVertex
 10
5926.453174889499
 20
1351.684838309884
 30
0.0
  0
VERTEX
  5
13B1
330
13AE
100
AcDbEntity
  8
0
 62
     5
370
     0
100
AcDbVertex
100
AcDb2dVertex
 10
5955.021849192384
 20
1351.684838309884
 30
0.0
  0
SEQEND
  5
13B2
330
13AE
100
AcDbEntity
  8
0
 62
     5
370
     0
  0
POLYLINE
  5
13B3
330
1F
100
AcDbEntity
  8
0
 62
     5
370
     0
100
AcDb2dPolyline
 66
     1
 10
0.0
 20
0.0
 30
0.0
  0
VERTEX
  5
13B4
330
13B3
100
AcDbEntity
  8
0
 62
     5
370
     0
100
AcDbVertex
100
AcDb2dVertex
 10
5945.498957758089
 20
1378.422187336943
 30
0.0
  0
VERTEX
  5
13B5
330
13B3
100
AcDbEntity
  8
0
 62
     5
370
     0
100
AcDbVertex
100
AcDb2dVertex
 10
5945.498957758089
 20
1338.499296323938
 30
0.0
  0
SEQEND
  5
13B6
330
13B3
100
AcDbEntity
  8
0
 62
     5
370
     0
  0
MTEXT
  5
13B7
330
1F
100
AcDbEntity
  8
0
100
AcDbMText
 10
5806.897813652803
 20
1233.721227308279
 30
0.0
 40
10.0
 41
20.37005838346522
 71
     1
 72
     5
  1
M=MS\PT=30\PQ=1
 73
     1
 44
1.0
1001
ACAD
1000
ACAD_MTEXT_COLUMN_INFO_BEGIN
1070
    75
1070
     2
1070
    79
1070
     0
1070
    76
1070
     1
1070
    78
1070
     0
1070
    48
1040
20.37005838346522
1070
    49
1040
12.5
1070
    50
1070
     1
1040
0.0
1000
ACAD_MTEXT_COLUMN_INFO_END
  0
ELLIPSE
  5
13B8
330
1F
100
AcDbEntity
  8
0
  6
Continuous
 62
     3
370
     0
100
AcDbEllipse
 10
11906.14141012629
 20
1177.279622488866
 30
0.0
 11
2458.219542033365
 21
2458.219542033396
 31
0.0
210
0.0
220
0.0
230
1.0
 40
0.0380670437598576
 41
1.581402526855047
 42
1.593600502665372
  0
LINE
  5
13B9
330
1F
100
AcDbEntity
  8
0
  6
Continuous
 62
     3
370
     0
100
AcDbLine
 10
11756.53577740213
 20
1204.779630662688
 30
0.0
 11
11756.53577740213
 21
1214.779630662688
 31
0.0
210
0.0
220
-1.0
230
0.0
  0
LINE
  5
13BA
330
1F
100
AcDbEntity
  8
0
  6
Continuous
 62
     3
370
     0
100
AcDbLine
 10
12052.70572677224
 20
1244.779630662688
 30
0.0
 11
11786.49764307776
 21
1244.779630662688
 31
0.0
210
0.0
220
-1.0
230
0.0
  0
LINE
  5
13BB
330
1F
100
AcDbEntity
  8
0
  6
Continuous
 62
     3
370
     0
100
AcDbLine
 10
12052.70572677224
 20
1204.779630662688
 30
0.0
 11
11756.53577740213
 21
1204.779630662688
 31
0.0
210
0.0
220
-1.0
230
0.0
  0
LINE
  5
13BC
330
1F
100
AcDbEntity
  8
0
  6
Continuous
 62
     3
370
     0
100
AcDbLine
 10
12052.70572677224
 20
1244.779630662688
 30
0.0
 11
12052.70572677224
 21
1204.779630662688
 31
0.0
210
0.0
220
-1.0
230
0.0
  0
POLYLINE
  5
13F9
330
1F
100
AcDbEntity
  8
0
 62
     5
370
     0
100
AcDb2dPolyline
 66
     1
 10
0.0
 20
0.0
 30
0.0
  0
VERTEX
  5
13FA
330
13F9
100
AcDbEntity
  8
0
 62
     5
370
     0
100
AcDbVertex
100
AcDb2dVertex
 10
11907.62504993102
 20
1230.355348448253
 30
0.0
  0
VERTEX
  5
13FB
330
13F9
100
AcDbEntity
  8
0
 62
     5
370
     0
100
AcDbVertex
100
AcDb2dVertex
 10
11909.09011015168
 20
1231.087878558584
 30
0.0
  0
VERTEX
  5
13FC
330
13F9
100
AcDbEntity
  8
0
 62
     5
370
     0
100
AcDbVertex
100
AcDb2dVertex
 10
11911.28770048267
 20
1233.285468889575
 30
0.0
  0
VERTEX
  5
13FD
330
13F9
100
AcDbEntity
  8
0
 62
     5
370
     0
100
AcDbVertex
100
AcDb2dVertex
 10
11911.28770048267
 20
1218.268601627802
 30
0.0
  0
SEQEND
  5
13FE
330
13F9
100
AcDbEntity
  8
0
 62
     5
370
     0
  0
POLYLINE
  5
13FF
330
1F
100
AcDbEntity
  8
0
 62
     5
370
     0
100
AcDb2dPolyline
 66
     1
 10
0.0
 20
0.0
 30
0.0
 70
     1
  0
VERTEX
  5
1400
330
13FF
100
AcDbEntity
  8
0
 62
     5
370
     0
100
AcDbVertex
100
AcDb2dVertex
 10
11922.64191719279
 20
1233.285468889575
 30
0.0
  0
VERTEX
  5
1401
330
13FF
100
AcDbEntity
  8
0
 62
     5
370
     0
100
AcDbVertex
100
AcDb2dVertex
 10
11920.4443268618
 20
1232.552938779244
 30
0.0
  0
VERTEX
  5
1402
330
13FF
100
AcDbEntity
  8
0
 62
     5
370
     0
100
AcDbVertex
100
AcDb2dVertex
 10
11919.71179675147
 20
1231.087878558584
 30
0.0
  0
VERTEX
  5
1403
330
13FF
100
AcDbEntity
  8
0
 62
     5
370
     0
100
AcDbVertex
100
AcDb2dVertex
 10
11919.71179675147
 20
1229.622818337923
 30
0.0
  0
VERTEX
  5
1404
330
13FF
100
AcDbEntity
  8
0
 62
     5
370
     0
100
AcDbVertex
100
AcDb2dVertex
 10
11920.4443268618
 20
1228.157758117262
 30
0.0
  0
VERTEX
  5
1405
330
13FF
100
AcDbEntity
  8
0
 62
     5
370
     0
100
AcDbVertex
100
AcDb2dVertex
 10
11921.90938708246
 20
1227.425228006932
 30
0.0
  0
VERTEX
  5
1406
330
13FF
100
AcDbEntity
  8
0
 62
     5
370
     0
100
AcDbVertex
100
AcDb2dVertex
 10
11924.83950752378
 20
1226.692697896601
 30
0.0
  0
VERTEX
  5
1407
330
13FF
100
AcDbEntity
  8
0
 62
     5
370
     0
100
AcDbVertex
100
AcDb2dVertex
 10
11927.03709785477
 20
1225.960167786271
 30
0.0
  0
VERTEX
  5
1408
330
13FF
100
AcDbEntity
  8
0
 62
     5
370
     0
100
AcDbVertex
100
AcDb2dVertex
 10
11928.50215807543
 20
1224.49510756561
 30
0.0
  0
VERTEX
  5
1409
330
13FF
100
AcDbEntity
  8
0
 62
     5
370
     0
100
AcDbVertex
100
AcDb2dVertex
 10
11929.23468818576
 20
1223.030047344949
 30
0.0
  0
VERTEX
  5
140A
330
13FF
100
AcDbEntity
  8
0
 62
     5
370
     0
100
AcDbVertex
100
AcDb2dVertex
 10
11929.23468818576
 20
1221.198722069124
 30
0.0
  0
VERTEX
  5
140B
330
13FF
100
AcDbEntity
  8
0
 62
     5
370
     0
100
AcDbVertex
100
AcDb2dVertex
 10
11928.50215807543
 20
1219.733661848463
 30
0.0
  0
VERTEX
  5
140C
330
13FF
100
AcDbEntity
  8
0
 62
     5
370
     0
100
AcDbVertex
100
AcDb2dVertex
 10
11927.7696279651
 20
1219.001131738132
 30
0.0
  0
VERTEX
  5
140D
330
13FF
100
AcDbEntity
  8
0
 62
     5
370
     0
100
AcDbVertex
100
AcDb2dVertex
 10
11925.57203763411
 20
1218.268601627802
 30
0.0
  0
VERTEX
  5
140E
330
13FF
100
AcDbEntity
  8
0
 62
     5
370
     0
100
AcDbVertex
100
AcDb2dVertex
 10
11922.64191719279
 20
1218.268601627802
 30
0.0
  0
VERTEX
  5
140F
330
13FF
100
AcDbEntity
  8
0
 62
     5
370
     0
100
AcDbVertex
100
AcDb2dVertex
 10
11920.4443268618
 20
1219.001131738132
 30
0.0
  0
VERTEX
  5
1410
330
13FF
100
AcDbEntity
  8
0
 62
     5
370
     0
100
AcDbVertex
100
AcDb2dVertex
 10
11919.71179675147
 20
1219.733661848463
 30
0.0
  0
VERTEX
  5
1411
330
13FF
100
AcDbEntity
  8
0
 62
     5
370
     0
100
AcDbVertex
100
AcDb2dVertex
 10
11918.97926664114
 20
1221.198722069124
 30
0.0
  0
VERTEX
  5
1412
330
13FF
100
AcDbEntity
  8
0
 62
     5
370
     0
100
AcDbVertex
100
AcDb2dVertex
 10
11918.97926664114
 20
1223.030047344949
 30
0.0
  0
VERTEX
  5
1413
330
13FF
100
AcDbEntity
  8
0
 62
     5
370
     0
100
AcDbVertex
100
AcDb2dVertex
 10
11919.71179675147
 20
1224.49510756561
 30
0.0
  0
VERTEX
  5
1414
330
13FF
100
AcDbEntity
  8
0
 62
     5
370
     0
100
AcDbVertex
100
AcDb2dVertex
 10
11921.17685697213
 20
1225.960167786271
 30
0.0
  0
VERTEX
  5
1415
330
13FF
100
AcDbEntity
  8
0
 62
     5
370
     0
100
AcDbVertex
100
AcDb2dVertex
 10
11923.37444730312
 20
1226.692697896601
 30
0.0
  0
VERTEX
  5
1416
330
13FF
100
AcDbEntity
  8
0
 62
     5
370
     0
100
AcDbVertex
100
AcDb2dVertex
 10
11926.30456774444
 20
1227.425228006932
 30
0.0
  0
VERTEX
  5
1417
330
13FF
100
AcDbEntity
  8
0
 62
     5
370
     0
100
AcDbVertex
100
AcDb2dVertex
 10
11927.7696279651
 20
1228.157758117262
 30
0.0
  0
VERTEX
  5
1418
330
13FF
100
AcDbEntity
  8
0
 62
     5
370
     0
100
AcDbVertex
100
AcDb2dVertex
 10
11928.50215807543
 20
1229.622818337923
 30
0.0
  0
VERTEX
  5
1419
330
13FF
100
AcDbEntity
  8
0
 62
     5
370
     0
100
AcDbVertex
100
AcDb2dVertex
 10
11928.50215807543
 20
1231.087878558584
 30
0.0
  0
VERTEX
  5
141A
330
13FF
100
AcDbEntity
  8
0
 62
     5
370
     0
100
AcDbVertex
100
AcDb2dVertex
 10
11927.7696279651
 20
1232.552938779244
 30
0.0
  0
VERTEX
  5
141B
330
13FF
100
AcDbEntity
  8
0
 62
     5
370
     0
100
AcDbVertex
100
AcDb2dVertex
 10
11925.57203763411
 20
1233.285468889575
 30
0.0
  0
VERTEX
  5
141C
330
13FF
100
AcDbEntity
  8
0
 62
     5
370
     0
100
AcDbVertex
100
AcDb2dVertex
 10
11922.64191719279
 20
1233.285468889575
 30
0.0
  0
SEQEND
  5
141D
330
13FF
100
AcDbEntity
  8
0
 62
     5
370
     0
  0
POLYLINE
  5
141E
330
1F
100
AcDbEntity
  8
0
 62
     5
370
     0
100
AcDb2dPolyline
 66
     1
 10
0.0
 20
0.0
 30
0.0
  0
VERTEX
  5
141F
330
141E
100
AcDbEntity
  8
0
 62
     5
370
     0
100
AcDbVertex
100
AcDb2dVertex
 10
11933.26360379258
 20
1224.49510756561
 30
0.0
  0
VERTEX
  5
1420
330
141E
100
AcDbEntity
  8
0
 62
     5
370
     0
100
AcDbVertex
100
AcDb2dVertex
 10
11940.58890489588
 20
1224.49510756561
 30
0.0
  0
SEQEND
  5
1421
330
141E
100
AcDbEntity
  8
0
 62
     5
370
     0
  0
POLYLINE
  5
1422
330
1F
100
AcDbEntity
  8
0
 62
     5
370
     0
100
AcDb2dPolyline
 66
     1
 10
0.0
 20
0.0
 30
0.0
  0
VERTEX
  5
1423
330
1422
100
AcDbEntity
  8
0
 62
     5
370
     0
100
AcDbVertex
100
AcDb2dVertex
 10
11946.08288072336
 20
1230.355348448253
 30
0.0
  0
VERTEX
  5
1424
330
1422
100
AcDbEntity
  8
0
 62
     5
370
     0
100
AcDbVertex
100
AcDb2dVertex
 10
11947.54794094402
 20
1231.087878558584
 30
0.0
  0
VERTEX
  5
1425
330
1422
100
AcDbEntity
  8
0
 62
     5
370
     0
100
AcDbVertex
100
AcDb2dVertex
 10
11949.74553127501
 20
1233.285468889575
 30
0.0
  0
VERTEX
  5
1426
330
1422
100
AcDbEntity
  8
0
 62
     5
370
     0
100
AcDbVertex
100
AcDb2dVertex
 10
11949.74553127501
 20
1218.268601627802
 30
0.0
  0
SEQEND
  5
1427
330
1422
100
AcDbEntity
  8
0
 62
     5
370
     0
  0
POLYLINE
  5
1428
330
1F
100
AcDbEntity
  8
0
 62
     5
370
     0
100
AcDb2dPolyline
 66
     1
 10
0.0
 20
0.0
 30
0.0
  0
VERTEX
  5
1429
330
1428
100
AcDbEntity
  8
0
 62
     5
370
     0
100
AcDbVertex
100
AcDb2dVertex
 10
11957.43709743348
 20
1230.355348448253
 30
0.0
  0
VERTEX
  5
142A
330
1428
100
AcDbEntity
  8
0
 62
     5
370
     0
100
AcDbVertex
100
AcDb2dVertex
 10
11958.90215765414
 20
1231.087878558584
 30
0.0
  0
VERTEX
  5
142B
330
1428
100
AcDbEntity
  8
0
 62
     5
370
     0
100
AcDbVertex
100
AcDb2dVertex
 10
11961.09974798513
 20
1233.285468889575
 30
0.0
  0
VERTEX
  5
142C
330
1428
100
AcDbEntity
  8
0
 62
     5
370
     0
100
AcDbVertex
100
AcDb2dVertex
 10
11961.09974798513
 20
1218.268601627802
 30
0.0
  0
SEQEND
  5
142D
330
1428
100
AcDbEntity
  8
0
 62
     5
370
     0
  0
MTEXT
  5
142E
330
1F
100
AcDbEntity
  8
0
100
AcDbMText
 10
11968.1351799993
 20
1234.082838560307
 30
0.0
 40
5.0
 41
64.45739932682773
 71
     1
 72
     5
  1
M=MS\PT=40\PQ=1
 73
     1
 44
1.0
1001
ACAD
1000
ACAD_MTEXT_COLUMN_INFO_BEGIN
1070
    75
1070
     2
1070
    79
1070
     0
1070
    76
1070
     1
1070
    78
1070
     0
1070
    48
1040
64.45739932682773
1070
    49
1040
12.5
1070
    50
1070
     1
1040
46.38365823253169
1000
ACAD_MTEXT_COLUMN_INFO_END
  0
POLYLINE
  5
146B
330
1F
100
AcDbEntity
  8
0
 62
     5
370
     0
100
AcDb2dPolyline
 66
     1
 10
0.0
 20
0.0
 30
0.0
  0
VERTEX
  5
146C
330
146B
100
AcDbEntity
  8
0
 62
     5
370
     0
100
AcDbVertex
100
AcDb2dVertex
 10
12101.22919502748
 20
1232.02798757902
 30
0.0
  0
VERTEX
  5
146D
330
146B
100
AcDbEntity
  8
0
 62
     5
370
     0
100
AcDbVertex
100
AcDb2dVertex
 10
12102.69425524814
 20
1232.760517689351
 30
0.0
  0
VERTEX
  5
146E
330
146B
100
AcDbEntity
  8
0
 62
     5
370
     0
100
AcDbVertex
100
AcDb2dVertex
 10
12104.89184557913
 20
1234.958108020342
 30
0.0
  0
VERTEX
  5
146F
330
146B
100
AcDbEntity
  8
0
 62
     5
370
     0
100
AcDbVertex
100
AcDb2dVertex
 10
12104.89184557913
 20
1219.94124075857
 30
0.0
  0
SEQEND
  5
1470
330
146B
100
AcDbEntity
  8
0
 62
     5
370
     0
  0
POLYLINE
  5
1471
330
1F
100
AcDbEntity
  8
0
 62
     5
370
     0
100
AcDb2dPolyline
 66
     1
 10
0.0
 20
0.0
 30
0.0
 70
     1
  0
VERTEX
  5
1472
330
1471
100
AcDbEntity
  8
0
 62
     5
370
     0
100
AcDbVertex
100
AcDb2dVertex
 10
12116.24606228925
 20
1234.958108020342
 30
0.0
  0
VERTEX
  5
1473
330
1471
100
AcDbEntity
  8
0
 62
     5
370
     0
100
AcDbVertex
100
AcDb2dVertex
 10
12114.04847195826
 20
1234.225577910011
 30
0.0
  0
VERTEX
  5
1474
330
1471
100
AcDbEntity
  8
0
 62
     5
370
     0
100
AcDbVertex
100
AcDb2dVertex
 10
12113.31594184793
 20
1232.760517689351
 30
0.0
  0
VERTEX
  5
1475
330
1471
100
AcDbEntity
  8
0
 62
     5
370
     0
100
AcDbVertex
100
AcDb2dVertex
 10
12113.31594184793
 20
1231.29545746869
 30
0.0
  0
VERTEX
  5
1476
330
1471
100
AcDbEntity
  8
0
 62
     5
370
     0
100
AcDbVertex
100
AcDb2dVertex
 10
12114.04847195826
 20
1229.83039724803
 30
0.0
  0
VERTEX
  5
1477
330
1471
100
AcDbEntity
  8
0
 62
     5
370
     0
100
AcDbVertex
100
AcDb2dVertex
 10
12115.51353217892
 20
1229.097867137699
 30
0.0
  0
VERTEX
  5
1478
330
1471
100
AcDbEntity
  8
0
 62
     5
370
     0
100
AcDbVertex
100
AcDb2dVertex
 10
12118.44365262024
 20
1228.365337027369
 30
0.0
  0
VERTEX
  5
1479
330
1471
100
AcDbEntity
  8
0
 62
     5
370
     0
100
AcDbVertex
100
AcDb2dVertex
 10
12120.64124295124
 20
1227.632806917039
 30
0.0
  0
VERTEX
  5
147A
330
1471
100
AcDbEntity
  8
0
 62
     5
370
     0
100
AcDbVertex
100
AcDb2dVertex
 10
12122.10630317189
 20
1226.167746696378
 30
0.0
  0
VERTEX
  5
147B
330
1471
100
AcDbEntity
  8
0
 62
     5
370
     0
100
AcDbVertex
100
AcDb2dVertex
 10
12122.83883328222
 20
1224.702686475717
 30
0.0
  0
VERTEX
  5
147C
330
1471
100
AcDbEntity
  8
0
 62
     5
370
     0
100
AcDbVertex
100
AcDb2dVertex
 10
12122.83883328222
 20
1222.871361199891
 30
0.0
  0
VERTEX
  5
147D
330
1471
100
AcDbEntity
  8
0
 62
     5
370
     0
100
AcDbVertex
100
AcDb2dVertex
 10
12122.10630317189
 20
1221.40630097923
 30
0.0
  0
VERTEX
  5
147E
330
1471
100
AcDbEntity
  8
0
 62
     5
370
     0
100
AcDbVertex
100
AcDb2dVertex
 10
12121.37377306157
 20
1220.6737708689
 30
0.0
  0
VERTEX
  5
147F
330
1471
100
AcDbEntity
  8
0
 62
     5
370
     0
100
AcDbVertex
100
AcDb2dVertex
 10
12119.17618273057
 20
1219.94124075857
 30
0.0
  0
VERTEX
  5
1480
330
1471
100
AcDbEntity
  8
0
 62
     5
370
     0
100
AcDbVertex
100
AcDb2dVertex
 10
12116.24606228925
 20
1219.94124075857
 30
0.0
  0
VERTEX
  5
1481
330
1471
100
AcDbEntity
  8
0
 62
     5
370
     0
100
AcDbVertex
100
AcDb2dVertex
 10
12114.04847195826
 20
1220.6737708689
 30
0.0
  0
VERTEX
  5
1482
330
1471
100
AcDbEntity
  8
0
 62
     5
370
     0
100
AcDbVertex
100
AcDb2dVertex
 10
12113.31594184793
 20
1221.40630097923
 30
0.0
  0
VERTEX
  5
1483
330
1471
100
AcDbEntity
  8
0
 62
     5
370
     0
100
AcDbVertex
100
AcDb2dVertex
 10
12112.5834117376
 20
1222.871361199891
 30
0.0
  0
VERTEX
  5
1484
330
1471
100
AcDbEntity
  8
0
 62
     5
370
     0
100
AcDbVertex
100
AcDb2dVertex
 10
12112.5834117376
 20
1224.702686475717
 30
0.0
  0
VERTEX
  5
1485
330
1471
100
AcDbEntity
  8
0
 62
     5
370
     0
100
AcDbVertex
100
AcDb2dVertex
 10
12113.31594184793
 20
1226.167746696378
 30
0.0
  0
VERTEX
  5
1486
330
1471
100
AcDbEntity
  8
0
 62
     5
370
     0
100
AcDbVertex
100
AcDb2dVertex
 10
12114.78100206859
 20
1227.632806917039
 30
0.0
  0
VERTEX
  5
1487
330
1471
100
AcDbEntity
  8
0
 62
     5
370
     0
100
AcDbVertex
100
AcDb2dVertex
 10
12116.97859239958
 20
1228.365337027369
 30
0.0
  0
VERTEX
  5
1488
330
1471
100
AcDbEntity
  8
0
 62
     5
370
     0
100
AcDbVertex
100
AcDb2dVertex
 10
12119.9087128409
 20
1229.097867137699
 30
0.0
  0
VERTEX
  5
1489
330
1471
100
AcDbEntity
  8
0
 62
     5
370
     0
100
AcDbVertex
100
AcDb2dVertex
 10
12121.37377306157
 20
1229.83039724803
 30
0.0
  0
VERTEX
  5
148A
330
1471
100
AcDbEntity
  8
0
 62
     5
370
     0
100
AcDbVertex
100
AcDb2dVertex
 10
12122.10630317189
 20
1231.29545746869
 30
0.0
  0
VERTEX
  5
148B
330
1471
100
AcDbEntity
  8
0
 62
     5
370
     0
100
AcDbVertex
100
AcDb2dVertex
 10
12122.10630317189
 20
1232.760517689351
 30
0.0
  0
VERTEX
  5
148C
330
1471
100
AcDbEntity
  8
0
 62
     5
370
     0
100
AcDbVertex
100
AcDb2dVertex
 10
12121.37377306157
 20
1234.225577910011
 30
0.0
  0
VERTEX
  5
148D
330
1471
100
AcDbEntity
  8
0
 62
     5
370
     0
100
AcDbVertex
100
AcDb2dVertex
 10
12119.17618273057
 20
1234.958108020342
 30
0.0
  0
VERTEX
  5
148E
330
1471
100
AcDbEntity
  8
0
 62
     5
370
     0
100
AcDbVertex
100
AcDb2dVertex
 10
12116.24606228925
 20
1234.958108020342
 30
0.0
  0
SEQEND
  5
148F
330
1471
100
AcDbEntity
  8
0
 62
     5
370
     0
  0
POLYLINE
  5
1490
330
1F
100
AcDbEntity
  8
0
 62
     5
370
     0
100
AcDb2dPolyline
 66
     1
 10
0.0
 20
0.0
 30
0.0
  0
VERTEX
  5
1491
330
1490
100
AcDbEntity
  8
0
 62
     5
370
     0
100
AcDbVertex
100
AcDb2dVertex
 10
12126.86774888904
 20
1226.167746696378
 30
0.0
  0
VERTEX
  5
1492
330
1490
100
AcDbEntity
  8
0
 62
     5
370
     0
100
AcDbVertex
100
AcDb2dVertex
 10
12134.19304999234
 20
1226.167746696378
 30
0.0
  0
SEQEND
  5
1493
330
1490
100
AcDbEntity
  8
0
 62
     5
370
     0
  0
POLYLINE
  5
1494
330
1F
100
AcDbEntity
  8
0
 62
     5
370
     0
100
AcDb2dPolyline
 66
     1
 10
0.0
 20
0.0
 30
0.0
  0
VERTEX
  5
1495
330
1494
100
AcDbEntity
  8
0
 62
     5
370
     0
100
AcDbVertex
100
AcDb2dVertex
 10
12139.68702581982
 20
1232.02798757902
 30
0.0
  0
VERTEX
  5
1496
330
1494
100
AcDbEntity
  8
0
 62
     5
370
     0
100
AcDbVertex
100
AcDb2dVertex
 10
12141.15208604048
 20
1232.760517689351
 30
0.0
  0
VERTEX
  5
1497
330
1494
100
AcDbEntity
  8
0
 62
     5
370
     0
100
AcDbVertex
100
AcDb2dVertex
 10
12143.34967637147
 20
1234.958108020342
 30
0.0
  0
VERTEX
  5
1498
330
1494
100
AcDbEntity
  8
0
 62
     5
370
     0
100
AcDbVertex
100
AcDb2dVertex
 10
12143.34967637147
 20
1219.94124075857
 30
0.0
  0
SEQEND
  5
1499
330
1494
100
AcDbEntity
  8
0
 62
     5
370
     0
  0
POLYLINE
  5
149A
330
1F
100
AcDbEntity
  8
0
 62
     5
370
     0
100
AcDb2dPolyline
 66
     1
 10
0.0
 20
0.0
 30
0.0
  0
VERTEX
  5
149B
330
149A
100
AcDbEntity
  8
0
 62
     5
370
     0
100
AcDbVertex
100
AcDb2dVertex
 10
12151.04124252994
 20
1232.02798757902
 30
0.0
  0
VERTEX
  5
149C
330
149A
100
AcDbEntity
  8
0
 62
     5
370
     0
100
AcDbVertex
100
AcDb2dVertex
 10
12152.5063027506
 20
1232.760517689351
 30
0.0
  0
VERTEX
  5
149D
330
149A
100
AcDbEntity
  8
0
 62
     5
370
     0
100
AcDbVertex
100
AcDb2dVertex
 10
12154.70389308159
 20
1234.958108020342
 30
0.0
  0
VERTEX
  5
149E
330
149A
100
AcDbEntity
  8
0
 62
     5
370
     0
100
AcDbVertex
100
AcDb2dVertex
 10
12154.70389308159
 20
1219.94124075857
 30
0.0
  0
SEQEND
  5
149F
330
149A
100
AcDbEntity
  8
0
 62
     5
370
     0
  0
MTEXT
  5
14A0
330
1F
100
AcDbEntity
  8
0
100
AcDbMText
 10
12161.73932509576
 20
1235.755477691075
 30
0.0
 40
5.0
 41
64.45739932682773
 71
     1
 72
     5
  1
M=MS\PT=40\PQ=1
 73
     1
 44
1.0
1001
ACAD
1000
ACAD_MTEXT_COLUMN_INFO_BEGIN
1070
    75
1070
     2
1070
    79
1070
     0
1070
    76
1070
     1
1070
    78
1070
     0
1070
    48
1040
64.45739932682773
1070
    49
1040
12.5
1070
    50
1070
     1
1040
46.38365823253169
1000
ACAD_MTEXT_COLUMN_INFO_END
  0
POLYLINE
  5
14EA
330
1F
100
AcDbEntity
  8
0
 62
     5
370
     0
100
AcDb2dPolyline
 66
     1
 10
0.0
 20
0.0
 30
0.0
  0
VERTEX
  5
14EB
330
14EA
100
AcDbEntity
  8
0
 62
     5
370
     0
100
AcDbVertex
100
AcDb2dVertex
 10
12523.29545878952
 20
1214.956312208339
 30
0.0
  0
VERTEX
  5
14EC
330
14EA
100
AcDbEntity
  8
0
 62
     5
370
     0
100
AcDbVertex
100
AcDb2dVertex
 10
12525.85931417568
 20
1216.421372429
 30
0.0
  0
VERTEX
  5
14ED
330
14EA
100
AcDbEntity
  8
0
 62
     5
370
     0
100
AcDbVertex
100
AcDb2dVertex
 10
12530.25449483766
 20
1220.450288035817
 30
0.0
  0
VERTEX
  5
14EE
330
14EA
100
AcDbEntity
  8
0
 62
     5
370
     0
100
AcDbVertex
100
AcDb2dVertex
 10
12530.25449483766
 20
1190.416553512271
 30
0.0
  0
SEQEND
  5
14EF
330
14EA
100
AcDbEntity
  8
0
 62
     5
370
     0
  0
POLYLINE
  5
14F0
330
1F
100
AcDbEntity
  8
0
 62
     5
370
     0
100
AcDb2dPolyline
 66
     1
 10
0.0
 20
0.0
 30
0.0
 70
     1
  0
VERTEX
  5
14F1
330
14F0
100
AcDbEntity
  8
0
 62
     5
370
     0
100
AcDbVertex
100
AcDb2dVertex
 10
12552.96292825791
 20
1220.450288035817
 30
0.0
  0
VERTEX
  5
14F2
330
14F0
100
AcDbEntity
  8
0
 62
     5
370
     0
100
AcDbVertex
100
AcDb2dVertex
 10
12548.93401265109
 20
1218.985227815156
 30
0.0
  0
VERTEX
  5
14F3
330
14F0
100
AcDbEntity
  8
0
 62
     5
370
     0
100
AcDbVertex
100
AcDb2dVertex
 10
12547.46895243043
 20
1216.421372429
 30
0.0
  0
VERTEX
  5
14F4
330
14F0
100
AcDbEntity
  8
0
 62
     5
370
     0
100
AcDbVertex
100
AcDb2dVertex
 10
12547.46895243043
 20
1213.491251987678
 30
0.0
  0
VERTEX
  5
14F5
330
14F0
100
AcDbEntity
  8
0
 62
     5
370
     0
100
AcDbVertex
100
AcDb2dVertex
 10
12548.93401265109
 20
1210.561131546357
 30
0.0
  0
VERTEX
  5
14F6
330
14F0
100
AcDbEntity
  8
0
 62
     5
370
     0
100
AcDbVertex
100
AcDb2dVertex
 10
12551.49786803724
 20
1209.096071325696
 30
0.0
  0
VERTEX
  5
14F7
330
14F0
100
AcDbEntity
  8
0
 62
     5
370
     0
100
AcDbVertex
100
AcDb2dVertex
 10
12557.35810891989
 20
1207.631011105035
 30
0.0
  0
VERTEX
  5
14F8
330
14F0
100
AcDbEntity
  8
0
 62
     5
370
     0
100
AcDbVertex
100
AcDb2dVertex
 10
12561.75328958187
 20
1206.165950884374
 30
0.0
  0
VERTEX
  5
14F9
330
14F0
100
AcDbEntity
  8
0
 62
     5
370
     0
100
AcDbVertex
100
AcDb2dVertex
 10
12564.68341002319
 20
1203.602095498218
 30
0.0
  0
VERTEX
  5
14FA
330
14F0
100
AcDbEntity
  8
0
 62
     5
370
     0
100
AcDbVertex
100
AcDb2dVertex
 10
12565.78220518869
 20
1200.671975056896
 30
0.0
  0
VERTEX
  5
14FB
330
14F0
100
AcDbEntity
  8
0
 62
     5
370
     0
100
AcDbVertex
100
AcDb2dVertex
 10
12565.78220518869
 20
1196.276794394914
 30
0.0
  0
VERTEX
  5
14FC
330
14F0
100
AcDbEntity
  8
0
 62
     5
370
     0
100
AcDbVertex
100
AcDb2dVertex
 10
12564.68341002319
 20
1193.346673953593
 30
0.0
  0
VERTEX
  5
14FD
330
14F0
100
AcDbEntity
  8
0
 62
     5
370
     0
100
AcDbVertex
100
AcDb2dVertex
 10
12563.21834980253
 20
1191.881613732932
 30
0.0
  0
VERTEX
  5
14FE
330
14F0
100
AcDbEntity
  8
0
 62
     5
370
     0
100
AcDbVertex
100
AcDb2dVertex
 10
12558.82316914055
 20
1190.416553512271
 30
0.0
  0
VERTEX
  5
14FF
330
14F0
100
AcDbEntity
  8
0
 62
     5
370
     0
100
AcDbVertex
100
AcDb2dVertex
 10
12552.96292825791
 20
1190.416553512271
 30
0.0
  0
VERTEX
  5
1500
330
14F0
100
AcDbEntity
  8
0
 62
     5
370
     0
100
AcDbVertex
100
AcDb2dVertex
 10
12548.93401265109
 20
1191.881613732932
 30
0.0
  0
VERTEX
  5
1501
330
14F0
100
AcDbEntity
  8
0
 62
     5
370
     0
100
AcDbVertex
100
AcDb2dVertex
 10
12547.46895243043
 20
1193.346673953593
 30
0.0
  0
VERTEX
  5
1502
330
14F0
100
AcDbEntity
  8
0
 62
     5
370
     0
100
AcDbVertex
100
AcDb2dVertex
 10
12546.00389220977
 20
1196.276794394914
 30
0.0
  0
VERTEX
  5
1503
330
14F0
100
AcDbEntity
  8
0
 62
     5
370
     0
100
AcDbVertex
100
AcDb2dVertex
 10
12546.00389220977
 20
1200.671975056896
 30
0.0
  0
VERTEX
  5
1504
330
14F0
100
AcDbEntity
  8
0
 62
     5
370
     0
100
AcDbVertex
100
AcDb2dVertex
 10
12547.46895243043
 20
1203.602095498218
 30
0.0
  0
VERTEX
  5
1505
330
14F0
100
AcDbEntity
  8
0
 62
     5
370
     0
100
AcDbVertex
100
AcDb2dVertex
 10
12550.39907287175
 20
1206.165950884374
 30
0.0
  0
VERTEX
  5
1506
330
14F0
100
AcDbEntity
  8
0
 62
     5
370
     0
100
AcDbVertex
100
AcDb2dVertex
 10
12554.42798847857
 20
1207.631011105035
 30
0.0
  0
VERTEX
  5
1507
330
14F0
100
AcDbEntity
  8
0
 62
     5
370
     0
100
AcDbVertex
100
AcDb2dVertex
 10
12560.28822936121
 20
1209.096071325696
 30
0.0
  0
VERTEX
  5
1508
330
14F0
100
AcDbEntity
  8
0
 62
     5
370
     0
100
AcDbVertex
100
AcDb2dVertex
 10
12563.21834980253
 20
1210.561131546357
 30
0.0
  0
VERTEX
  5
1509
330
14F0
100
AcDbEntity
  8
0
 62
     5
370
     0
100
AcDbVertex
100
AcDb2dVertex
 10
12564.68341002319
 20
1213.491251987678
 30
0.0
  0
VERTEX
  5
150A
330
14F0
100
AcDbEntity
  8
0
 62
     5
370
     0
100
AcDbVertex
100
AcDb2dVertex
 10
12564.68341002319
 20
1216.421372429
 30
0.0
  0
VERTEX
  5
150B
330
14F0
100
AcDbEntity
  8
0
 62
     5
370
     0
100
AcDbVertex
100
AcDb2dVertex
 10
12563.21834980253
 20
1218.985227815156
 30
0.0
  0
VERTEX
  5
150C
330
14F0
100
AcDbEntity
  8
0
 62
     5
370
     0
100
AcDbVertex
100
AcDb2dVertex
 10
12558.82316914055
 20
1220.450288035817
 30
0.0
  0
VERTEX
  5
150D
330
14F0
100
AcDbEntity
  8
0
 62
     5
370
     0
100
AcDbVertex
100
AcDb2dVertex
 10
12552.96292825791
 20
1220.450288035817
 30
0.0
  0
SEQEND
  5
150E
330
14F0
100
AcDbEntity
  8
0
 62
     5
370
     0
  0
POLYLINE
  5
150F
330
1F
100
AcDbEntity
  8
0
 62
     5
370
     0
100
AcDb2dPolyline
 66
     1
 10
0.0
 20
0.0
 30
0.0
  0
VERTEX
  5
1510
330
150F
100
AcDbEntity
  8
0
 62
     5
370
     0
100
AcDbVertex
100
AcDb2dVertex
 10
12574.57256651265
 20
1203.602095498218
 30
0.0
  0
VERTEX
  5
1511
330
150F
100
AcDbEntity
  8
0
 62
     5
370
     0
100
AcDbVertex
100
AcDb2dVertex
 10
12588.85690366409
 20
1203.602095498218
 30
0.0
  0
SEQEND
  5
1512
330
150F
100
AcDbEntity
  8
0
 62
     5
370
     0
  0
POLYLINE
  5
1513
330
1F
100
AcDbEntity
  8
0
 62
     5
370
     0
100
AcDb2dPolyline
 66
     1
 10
0.0
 20
0.0
 30
0.0
  0
VERTEX
  5
1514
330
1513
100
AcDbEntity
  8
0
 62
     5
370
     0
100
AcDbVertex
100
AcDb2dVertex
 10
12617.42557796698
 20
1216.421372429
 30
0.0
  0
VERTEX
  5
1515
330
1513
100
AcDbEntity
  8
0
 62
     5
370
     0
100
AcDbVertex
100
AcDb2dVertex
 10
12615.96051774632
 20
1218.985227815156
 30
0.0
  0
VERTEX
  5
1516
330
1513
100
AcDbEntity
  8
0
 62
     5
370
     0
100
AcDbVertex
100
AcDb2dVertex
 10
12611.56533708433
 20
1220.450288035817
 30
0.0
  0
VERTEX
  5
1517
330
1513
100
AcDbEntity
  8
0
 62
     5
370
     0
100
AcDbVertex
100
AcDb2dVertex
 10
12608.63521664301
 20
1220.450288035817
 30
0.0
  0
VERTEX
  5
1518
330
1513
100
AcDbEntity
  8
0
 62
     5
370
     0
100
AcDbVertex
100
AcDb2dVertex
 10
12604.6063010362
 20
1218.985227815156
 30
0.0
  0
VERTEX
  5
1519
330
1513
100
AcDbEntity
  8
0
 62
     5
370
     0
100
AcDbVertex
100
AcDb2dVertex
 10
12601.67618059488
 20
1214.956312208339
 30
0.0
  0
VERTEX
  5
151A
330
1513
100
AcDbEntity
  8
0
 62
     5
370
     0
100
AcDbVertex
100
AcDb2dVertex
 10
12600.21112037421
 20
1207.631011105035
 30
0.0
  0
VERTEX
  5
151B
330
1513
100
AcDbEntity
  8
0
 62
     5
370
     0
100
AcDbVertex
100
AcDb2dVertex
 10
12600.21112037421
 20
1200.671975056896
 30
0.0
  0
VERTEX
  5
151C
330
1513
100
AcDbEntity
  8
0
 62
     5
370
     0
100
AcDbVertex
100
AcDb2dVertex
 10
12601.67618059488
 20
1194.811734174254
 30
0.0
  0
VERTEX
  5
151D
330
1513
100
AcDbEntity
  8
0
 62
     5
370
     0
100
AcDbVertex
100
AcDb2dVertex
 10
12604.6063010362
 20
1191.881613732932
 30
0.0
  0
VERTEX
  5
151E
330
1513
100
AcDbEntity
  8
0
 62
     5
370
     0
100
AcDbVertex
100
AcDb2dVertex
 10
12608.63521664301
 20
1190.416553512271
 30
0.0
  0
VERTEX
  5
151F
330
1513
100
AcDbEntity
  8
0
 62
     5
370
     0
100
AcDbVertex
100
AcDb2dVertex
 10
12610.10027686367
 20
1190.416553512271
 30
0.0
  0
VERTEX
  5
1520
330
1513
100
AcDbEntity
  8
0
 62
     5
370
     0
100
AcDbVertex
100
AcDb2dVertex
 10
12614.49545752566
 20
1191.881613732932
 30
0.0
  0
VERTEX
  5
1521
330
1513
100
AcDbEntity
  8
0
 62
     5
370
     0
100
AcDbVertex
100
AcDb2dVertex
 10
12617.42557796698
 20
1194.811734174254
 30
0.0
  0
VERTEX
  5
1522
330
1513
100
AcDbEntity
  8
0
 62
     5
370
     0
100
AcDbVertex
100
AcDb2dVertex
 10
12618.89063818764
 20
1199.206914836236
 30
0.0
  0
VERTEX
  5
1523
330
1513
100
AcDbEntity
  8
0
 62
     5
370
     0
100
AcDbVertex
100
AcDb2dVertex
 10
12618.89063818764
 20
1200.671975056896
 30
0.0
  0
VERTEX
  5
1524
330
1513
100
AcDbEntity
  8
0
 62
     5
370
     0
100
AcDbVertex
100
AcDb2dVertex
 10
12617.42557796698
 20
1204.700890663714
 30
0.0
  0
VERTEX
  5
1525
330
1513
100
AcDbEntity
  8
0
 62
     5
370
     0
100
AcDbVertex
100
AcDb2dVertex
 10
12614.49545752566
 20
1207.631011105035
 30
0.0
  0
VERTEX
  5
1526
330
1513
100
AcDbEntity
  8
0
 62
     5
370
     0
100
AcDbVertex
100
AcDb2dVertex
 10
12610.10027686367
 20
1209.096071325696
 30
0.0
  0
VERTEX
  5
1527
330
1513
100
AcDbEntity
  8
0
 62
     5
370
     0
100
AcDbVertex
100
AcDb2dVertex
 10
12608.63521664301
 20
1209.096071325696
 30
0.0
  0
VERTEX
  5
1528
330
1513
100
AcDbEntity
  8
0
 62
     5
370
     0
100
AcDbVertex
100
AcDb2dVertex
 10
12604.6063010362
 20
1207.631011105035
 30
0.0
  0
VERTEX
  5
1529
330
1513
100
AcDbEntity
  8
0
 62
     5
370
     0
100
AcDbVertex
100
AcDb2dVertex
 10
12601.67618059488
 20
1204.700890663714
 30
0.0
  0
VERTEX
  5
152A
330
1513
100
AcDbEntity
  8
0
 62
     5
370
     0
100
AcDbVertex
100
AcDb2dVertex
 10
12600.21112037421
 20
1200.671975056896
 30
0.0
  0
SEQEND
  5
152B
330
1513
100
AcDbEntity
  8
0
 62
     5
370
     0
  0
MTEXT
  5
152C
330
1F
100
AcDbEntity
  8
0
100
AcDbMText
 10
12567.77441686495
 20
1180.874362329677
 30
0.0
 40
5.0
 41
64.45739932682773
 71
     1
 72
     5
  1
M=MS\PT=40\PQ=1
 73
     1
 44
1.0
1001
ACAD
1000
ACAD_MTEXT_COLUMN_INFO_BEGIN
1070
    75
1070
     2
1070
    79
1070
     0
1070
    76
1070
     1
1070
    78
1070
     0
1070
    48
1040
64.45739932682773
1070
    49
1040
12.5
1070
    50
1070
     1
1040
46.38365823253169
1000
ACAD_MTEXT_COLUMN_INFO_END
  0
POLYLINE
  5
1570
330
1F
100
AcDbEntity
  8
0
 62
     5
370
     0
100
AcDb2dPolyline
 66
     1
 10
0.0
 20
0.0
 30
0.0
  0
VERTEX
  5
1571
330
1570
100
AcDbEntity
  8
0
 62
     5
370
     0
100
AcDbVertex
100
AcDb2dVertex
 10
13263.2781431396
 20
2918.196896179432
 30
0.0
  0
VERTEX
  5
1572
330
1570
100
AcDbEntity
  8
0
 62
     5
370
     0
100
AcDbVertex
100
AcDb2dVertex
 10
13266.20826358093
 20
2919.661956400092
 30
0.0
  0
VERTEX
  5
1573
330
1570
100
AcDbEntity
  8
0
 62
     5
370
     0
100
AcDbVertex
100
AcDb2dVertex
 10
13270.23717918774
 20
2924.057137062074
 30
0.0
  0
VERTEX
  5
1574
330
1570
100
AcDbEntity
  8
0
 62
     5
370
     0
100
AcDbVertex
100
AcDb2dVertex
 10
13270.23717918774
 20
2894.023402538529
 30
0.0
  0
SEQEND
  5
1575
330
1570
100
AcDbEntity
  8
0
 62
     5
370
     0
  0
POLYLINE
  5
1576
330
1F
100
AcDbEntity
  8
0
 62
     5
370
     0
100
AcDb2dPolyline
 66
     1
 10
0.0
 20
0.0
 30
0.0
 70
     1
  0
VERTEX
  5
1577
330
1576
100
AcDbEntity
  8
0
 62
     5
370
     0
100
AcDbVertex
100
AcDb2dVertex
 10
13293.31187766315
 20
2924.057137062074
 30
0.0
  0
VERTEX
  5
1578
330
1576
100
AcDbEntity
  8
0
 62
     5
370
     0
100
AcDbVertex
100
AcDb2dVertex
 10
13288.91669700117
 20
2922.592076841413
 30
0.0
  0
VERTEX
  5
1579
330
1576
100
AcDbEntity
  8
0
 62
     5
370
     0
100
AcDbVertex
100
AcDb2dVertex
 10
13287.45163678051
 20
2919.661956400092
 30
0.0
  0
VERTEX
  5
157A
330
1576
100
AcDbEntity
  8
0
 62
     5
370
     0
100
AcDbVertex
100
AcDb2dVertex
 10
13287.45163678051
 20
2916.731835958771
 30
0.0
  0
VERTEX
  5
157B
330
1576
100
AcDbEntity
  8
0
 62
     5
370
     0
100
AcDbVertex
100
AcDb2dVertex
 10
13288.91669700117
 20
2913.801715517449
 30
0.0
  0
VERTEX
  5
157C
330
1576
100
AcDbEntity
  8
0
 62
     5
370
     0
100
AcDbVertex
100
AcDb2dVertex
 10
13291.84681744249
 20
2912.702920351954
 30
0.0
  0
VERTEX
  5
157D
330
1576
100
AcDbEntity
  8
0
 62
     5
370
     0
100
AcDbVertex
100
AcDb2dVertex
 10
13297.70705832513
 20
2911.237860131293
 30
0.0
  0
VERTEX
  5
157E
330
1576
100
AcDbEntity
  8
0
 62
     5
370
     0
100
AcDbVertex
100
AcDb2dVertex
 10
13301.73597393195
 20
2909.772799910632
 30
0.0
  0
VERTEX
  5
157F
330
1576
100
AcDbEntity
  8
0
 62
     5
370
     0
100
AcDbVertex
100
AcDb2dVertex
 10
13304.66609437327
 20
2906.842679469311
 30
0.0
  0
VERTEX
  5
1580
330
1576
100
AcDbEntity
  8
0
 62
     5
370
     0
100
AcDbVertex
100
AcDb2dVertex
 10
13306.13115459393
 20
2903.912559027989
 30
0.0
  0
VERTEX
  5
1581
330
1576
100
AcDbEntity
  8
0
 62
     5
370
     0
100
AcDbVertex
100
AcDb2dVertex
 10
13306.13115459393
 20
2899.517378366007
 30
0.0
  0
VERTEX
  5
1582
330
1576
100
AcDbEntity
  8
0
 62
     5
370
     0
100
AcDbVertex
100
AcDb2dVertex
 10
13304.66609437327
 20
2896.95352297985
 30
0.0
  0
VERTEX
  5
1583
330
1576
100
AcDbEntity
  8
0
 62
     5
370
     0
100
AcDbVertex
100
AcDb2dVertex
 10
13303.20103415261
 20
2895.48846275919
 30
0.0
  0
VERTEX
  5
1584
330
1576
100
AcDbEntity
  8
0
 62
     5
370
     0
100
AcDbVertex
100
AcDb2dVertex
 10
13298.80585349063
 20
2894.023402538529
 30
0.0
  0
VERTEX
  5
1585
330
1576
100
AcDbEntity
  8
0
 62
     5
370
     0
100
AcDbVertex
100
AcDb2dVertex
 10
13293.31187766315
 20
2894.023402538529
 30
0.0
  0
VERTEX
  5
1586
330
1576
100
AcDbEntity
  8
0
 62
     5
370
     0
100
AcDbVertex
100
AcDb2dVertex
 10
13288.91669700117
 20
2895.48846275919
 30
0.0
  0
VERTEX
  5
1587
330
1576
100
AcDbEntity
  8
0
 62
     5
370
     0
100
AcDbVertex
100
AcDb2dVertex
 10
13287.45163678051
 20
2896.95352297985
 30
0.0
  0
VERTEX
  5
1588
330
1576
100
AcDbEntity
  8
0
 62
     5
370
     0
100
AcDbVertex
100
AcDb2dVertex
 10
13285.98657655985
 20
2899.517378366007
 30
0.0
  0
VERTEX
  5
1589
330
1576
100
AcDbEntity
  8
0
 62
     5
370
     0
100
AcDbVertex
100
AcDb2dVertex
 10
13285.98657655985
 20
2903.912559027989
 30
0.0
  0
VERTEX
  5
158A
330
1576
100
AcDbEntity
  8
0
 62
     5
370
     0
100
AcDbVertex
100
AcDb2dVertex
 10
13287.45163678051
 20
2906.842679469311
 30
0.0
  0
VERTEX
  5
158B
330
1576
100
AcDbEntity
  8
0
 62
     5
370
     0
100
AcDbVertex
100
AcDb2dVertex
 10
13290.38175722183
 20
2909.772799910632
 30
0.0
  0
VERTEX
  5
158C
330
1576
100
AcDbEntity
  8
0
 62
     5
370
     0
100
AcDbVertex
100
AcDb2dVertex
 10
13294.77693788381
 20
2911.237860131293
 30
0.0
  0
VERTEX
  5
158D
330
1576
100
AcDbEntity
  8
0
 62
     5
370
     0
100
AcDbVertex
100
AcDb2dVertex
 10
13300.27091371129
 20
2912.702920351954
 30
0.0
  0
VERTEX
  5
158E
330
1576
100
AcDbEntity
  8
0
 62
     5
370
     0
100
AcDbVertex
100
AcDb2dVertex
 10
13303.20103415261
 20
2913.801715517449
 30
0.0
  0
VERTEX
  5
158F
330
1576
100
AcDbEntity
  8
0
 62
     5
370
     0
100
AcDbVertex
100
AcDb2dVertex
 10
13304.66609437327
 20
2916.731835958771
 30
0.0
  0
VERTEX
  5
1590
330
1576
100
AcDbEntity
  8
0
 62
     5
370
     0
100
AcDbVertex
100
AcDb2dVertex
 10
13304.66609437327
 20
2919.661956400092
 30
0.0
  0
VERTEX
  5
1591
330
1576
100
AcDbEntity
  8
0
 62
     5
370
     0
100
AcDbVertex
100
AcDb2dVertex
 10
13303.20103415261
 20
2922.592076841413
 30
0.0
  0
VERTEX
  5
1592
330
1576
100
AcDbEntity
  8
0
 62
     5
370
     0
100
AcDbVertex
100
AcDb2dVertex
 10
13298.80585349063
 20
2924.057137062074
 30
0.0
  0
VERTEX
  5
1593
330
1576
100
AcDbEntity
  8
0
 62
     5
370
     0
100
AcDbVertex
100
AcDb2dVertex
 10
13293.31187766315
 20
2924.057137062074
 30
0.0
  0
SEQEND
  5
1594
330
1576
100
AcDbEntity
  8
0
 62
     5
370
     0
  0
POLYLINE
  5
1595
330
1F
100
AcDbEntity
  8
0
 62
     5
370
     0
100
AcDb2dPolyline
 66
     1
 10
0.0
 20
0.0
 30
0.0
  0
VERTEX
  5
1596
330
1595
100
AcDbEntity
  8
0
 62
     5
370
     0
100
AcDbVertex
100
AcDb2dVertex
 10
13314.55525086273
 20
2906.842679469311
 30
0.0
  0
VERTEX
  5
1597
330
1595
100
AcDbEntity
  8
0
 62
     5
370
     0
100
AcDbVertex
100
AcDb2dVertex
 10
13328.83958801417
 20
2906.842679469311
 30
0.0
  0
SEQEND
  5
1598
330
1595
100
AcDbEntity
  8
0
 62
     5
370
     0
  0
POLYLINE
  5
1599
330
1F
100
AcDbEntity
  8
0
 62
     5
370
     0
100
AcDb2dPolyline
 66
     1
 10
0.0
 20
0.0
 30
0.0
  0
VERTEX
  5
159A
330
1599
100
AcDbEntity
  8
0
 62
     5
370
     0
100
AcDbVertex
100
AcDb2dVertex
 10
13357.40826231706
 20
2924.057137062074
 30
0.0
  0
VERTEX
  5
159B
330
1599
100
AcDbEntity
  8
0
 62
     5
370
     0
100
AcDbVertex
100
AcDb2dVertex
 10
13343.12392516562
 20
2924.057137062074
 30
0.0
  0
VERTEX
  5
159C
330
1599
100
AcDbEntity
  8
0
 62
     5
370
     0
100
AcDbVertex
100
AcDb2dVertex
 10
13341.65886494496
 20
2911.237860131293
 30
0.0
  0
VERTEX
  5
159D
330
1599
100
AcDbEntity
  8
0
 62
     5
370
     0
100
AcDbVertex
100
AcDb2dVertex
 10
13343.12392516562
 20
2912.702920351954
 30
0.0
  0
VERTEX
  5
159E
330
1599
100
AcDbEntity
  8
0
 62
     5
370
     0
100
AcDbVertex
100
AcDb2dVertex
 10
13347.5191058276
 20
2913.801715517449
 30
0.0
  0
VERTEX
  5
159F
330
1599
100
AcDbEntity
  8
0
 62
     5
370
     0
100
AcDbVertex
100
AcDb2dVertex
 10
13351.91428648958
 20
2913.801715517449
 30
0.0
  0
VERTEX
  5
15A0
330
1599
100
AcDbEntity
  8
0
 62
     5
370
     0
100
AcDbVertex
100
AcDb2dVertex
 10
13355.9432020964
 20
2912.702920351954
 30
0.0
  0
VERTEX
  5
15A1
330
1599
100
AcDbEntity
  8
0
 62
     5
370
     0
100
AcDbVertex
100
AcDb2dVertex
 10
13358.87332253772
 20
2909.772799910632
 30
0.0
  0
VERTEX
  5
15A2
330
1599
100
AcDbEntity
  8
0
 62
     5
370
     0
100
AcDbVertex
100
AcDb2dVertex
 10
13360.33838275838
 20
2905.37761924865
 30
0.0
  0
VERTEX
  5
15A3
330
1599
100
AcDbEntity
  8
0
 62
     5
370
     0
100
AcDbVertex
100
AcDb2dVertex
 10
13360.33838275838
 20
2902.447498807328
 30
0.0
  0
VERTEX
  5
15A4
330
1599
100
AcDbEntity
  8
0
 62
     5
370
     0
100
AcDbVertex
100
AcDb2dVertex
 10
13358.87332253772
 20
2898.418583200511
 30
0.0
  0
VERTEX
  5
15A5
330
1599
100
AcDbEntity
  8
0
 62
     5
370
     0
100
AcDbVertex
100
AcDb2dVertex
 10
13355.9432020964
 20
2895.48846275919
 30
0.0
  0
VERTEX
  5
15A6
330
1599
100
AcDbEntity
  8
0
 62
     5
370
     0
100
AcDbVertex
100
AcDb2dVertex
 10
13351.91428648958
 20
2894.023402538529
 30
0.0
  0
VERTEX
  5
15A7
330
1599
100
AcDbEntity
  8
0
 62
     5
370
     0
100
AcDbVertex
100
AcDb2dVertex
 10
13347.5191058276
 20
2894.023402538529
 30
0.0
  0
VERTEX
  5
15A8
330
1599
100
AcDbEntity
  8
0
 62
     5
370
     0
100
AcDbVertex
100
AcDb2dVertex
 10
13343.12392516562
 20
2895.48846275919
 30
0.0
  0
VERTEX
  5
15A9
330
1599
100
AcDbEntity
  8
0
 62
     5
370
     0
100
AcDbVertex
100
AcDb2dVertex
 10
13341.65886494496
 20
2896.95352297985
 30
0.0
  0
VERTEX
  5
15AA
330
1599
100
AcDbEntity
  8
0
 62
     5
370
     0
100
AcDbVertex
100
AcDb2dVertex
 10
13340.19380472429
 20
2899.517378366007
 30
0.0
  0
SEQEND
  5
15AB
330
1599
100
AcDbEntity
  8
0
 62
     5
370
     0
  0
MTEXT
  5
15AC
330
1F
100
AcDbEntity
  8
0
100
AcDbMText
 10
13404.87796166096
 20
2894.279389175837
 30
0.0
 40
5.0
 41
64.45739932682773
 71
     1
 72
     5
  1
M=MS\PT=30\PQ=1
 73
     1
 44
1.0
1001
ACAD
1000
ACAD_MTEXT_COLUMN_INFO_BEGIN
1070
    75
1070
     2
1070
    79
1070
     0
1070
    76
1070
     1
1070
    78
1070
     0
1070
    48
1040
64.45739932682773
1070
    49
1040
12.5
1070
    50
1070
     1
1040
46.38365823253169
1000
ACAD_MTEXT_COLUMN_INFO_END
  0
POLYLINE
  5
15F6
330
1F
100
AcDbEntity
  8
0
 62
     5
370
     0
100
AcDb2dPolyline
 66
     1
 10
0.0
 20
0.0
 30
0.0
  0
VERTEX
  5
15F7
330
15F6
100
AcDbEntity
  8
0
 62
     5
370
     0
100
AcDbVertex
100
AcDb2dVertex
 10
13686.55911239411
 20
2623.623297967536
 30
0.0
  0
VERTEX
  5
15F8
330
15F6
100
AcDbEntity
  8
0
 62
     5
370
     0
100
AcDbVertex
100
AcDb2dVertex
 10
13689.48923283543
 20
2625.088358188195
 30
0.0
  0
VERTEX
  5
15F9
330
15F6
100
AcDbEntity
  8
0
 62
     5
370
     0
100
AcDbVertex
100
AcDb2dVertex
 10
13693.88441349741
 20
2629.117273795014
 30
0.0
  0
VERTEX
  5
15FA
330
15F6
100
AcDbEntity
  8
0
 62
     5
370
     0
100
AcDbVertex
100
AcDb2dVertex
 10
13693.88441349741
 20
2599.083539271468
 30
0.0
  0
SEQEND
  5
15FB
330
15F6
100
AcDbEntity
  8
0
 62
     5
370
     0
  0
POLYLINE
  5
15FC
330
1F
100
AcDbEntity
  8
0
 62
     5
370
     0
100
AcDb2dPolyline
 66
     1
 10
0.0
 20
0.0
 30
0.0
 70
     1
  0
VERTEX
  5
15FD
330
15FC
100
AcDbEntity
  8
0
 62
     5
370
     0
100
AcDbVertex
100
AcDb2dVertex
 10
13716.59284691765
 20
2629.117273795014
 30
0.0
  0
VERTEX
  5
15FE
330
15FC
100
AcDbEntity
  8
0
 62
     5
370
     0
100
AcDbVertex
100
AcDb2dVertex
 10
13712.56393131083
 20
2627.652213574353
 30
0.0
  0
VERTEX
  5
15FF
330
15FC
100
AcDbEntity
  8
0
 62
     5
370
     0
100
AcDbVertex
100
AcDb2dVertex
 10
13711.09887109017
 20
2625.088358188195
 30
0.0
  0
VERTEX
  5
1600
330
15FC
100
AcDbEntity
  8
0
 62
     5
370
     0
100
AcDbVertex
100
AcDb2dVertex
 10
13711.09887109017
 20
2622.158237746875
 30
0.0
  0
VERTEX
  5
1601
330
15FC
100
AcDbEntity
  8
0
 62
     5
370
     0
100
AcDbVertex
100
AcDb2dVertex
 10
13712.56393131083
 20
2619.228117305553
 30
0.0
  0
VERTEX
  5
1602
330
15FC
100
AcDbEntity
  8
0
 62
     5
370
     0
100
AcDbVertex
100
AcDb2dVertex
 10
13715.12778669699
 20
2617.763057084893
 30
0.0
  0
VERTEX
  5
1603
330
15FC
100
AcDbEntity
  8
0
 62
     5
370
     0
100
AcDbVertex
100
AcDb2dVertex
 10
13720.98802757962
 20
2616.297996864232
 30
0.0
  0
VERTEX
  5
1604
330
15FC
100
AcDbEntity
  8
0
 62
     5
370
     0
100
AcDbVertex
100
AcDb2dVertex
 10
13725.38320824162
 20
2614.832936643571
 30
0.0
  0
VERTEX
  5
1605
330
15FC
100
AcDbEntity
  8
0
 62
     5
370
     0
100
AcDbVertex
100
AcDb2dVertex
 10
13728.31332868294
 20
2612.269081257415
 30
0.0
  0
VERTEX
  5
1606
330
15FC
100
AcDbEntity
  8
0
 62
     5
370
     0
100
AcDbVertex
100
AcDb2dVertex
 10
13729.41212384843
 20
2609.338960816093
 30
0.0
  0
VERTEX
  5
1607
330
15FC
100
AcDbEntity
  8
0
 62
     5
370
     0
100
AcDbVertex
100
AcDb2dVertex
 10
13729.41212384843
 20
2604.943780154112
 30
0.0
  0
VERTEX
  5
1608
330
15FC
100
AcDbEntity
  8
0
 62
     5
370
     0
100
AcDbVertex
100
AcDb2dVertex
 10
13728.31332868294
 20
2602.01365971279
 30
0.0
  0
VERTEX
  5
1609
330
15FC
100
AcDbEntity
  8
0
 62
     5
370
     0
100
AcDbVertex
100
AcDb2dVertex
 10
13726.84826846228
 20
2600.548599492129
 30
0.0
  0
VERTEX
  5
160A
330
15FC
100
AcDbEntity
  8
0
 62
     5
370
     0
100
AcDbVertex
100
AcDb2dVertex
 10
13722.45308780029
 20
2599.083539271468
 30
0.0
  0
VERTEX
  5
160B
330
15FC
100
AcDbEntity
  8
0
 62
     5
370
     0
100
AcDbVertex
100
AcDb2dVertex
 10
13716.59284691765
 20
2599.083539271468
 30
0.0
  0
VERTEX
  5
160C
330
15FC
100
AcDbEntity
  8
0
 62
     5
370
     0
100
AcDbVertex
100
AcDb2dVertex
 10
13712.56393131083
 20
2600.548599492129
 30
0.0
  0
VERTEX
  5
160D
330
15FC
100
AcDbEntity
  8
0
 62
     5
370
     0
100
AcDbVertex
100
AcDb2dVertex
 10
13711.09887109017
 20
2602.01365971279
 30
0.0
  0
VERTEX
  5
160E
330
15FC
100
AcDbEntity
  8
0
 62
     5
370
     0
100
AcDbVertex
100
AcDb2dVertex
 10
13709.63381086951
 20
2604.943780154112
 30
0.0
  0
VERTEX
  5
160F
330
15FC
100
AcDbEntity
  8
0
 62
     5
370
     0
100
AcDbVertex
100
AcDb2dVertex
 10
13709.63381086951
 20
2609.338960816093
 30
0.0
  0
VERTEX
  5
1610
330
15FC
100
AcDbEntity
  8
0
 62
     5
370
     0
100
AcDbVertex
100
AcDb2dVertex
 10
13711.09887109017
 20
2612.269081257415
 30
0.0
  0
VERTEX
  5
1611
330
15FC
100
AcDbEntity
  8
0
 62
     5
370
     0
100
AcDbVertex
100
AcDb2dVertex
 10
13714.02899153149
 20
2614.832936643571
 30
0.0
  0
VERTEX
  5
1612
330
15FC
100
AcDbEntity
  8
0
 62
     5
370
     0
100
AcDbVertex
100
AcDb2dVertex
 10
13718.05790713831
 20
2616.297996864232
 30
0.0
  0
VERTEX
  5
1613
330
15FC
100
AcDbEntity
  8
0
 62
     5
370
     0
100
AcDbVertex
100
AcDb2dVertex
 10
13723.91814802096
 20
2617.763057084893
 30
0.0
  0
VERTEX
  5
1614
330
15FC
100
AcDbEntity
  8
0
 62
     5
370
     0
100
AcDbVertex
100
AcDb2dVertex
 10
13726.84826846228
 20
2619.228117305553
 30
0.0
  0
VERTEX
  5
1615
330
15FC
100
AcDbEntity
  8
0
 62
     5
370
     0
100
AcDbVertex
100
AcDb2dVertex
 10
13728.31332868294
 20
2622.158237746875
 30
0.0
  0
VERTEX
  5
1616
330
15FC
100
AcDbEntity
  8
0
 62
     5
370
     0
100
AcDbVertex
100
AcDb2dVertex
 10
13728.31332868294
 20
2625.088358188195
 30
0.0
  0
VERTEX
  5
1617
330
15FC
100
AcDbEntity
  8
0
 62
     5
370
     0
100
AcDbVertex
100
AcDb2dVertex
 10
13726.84826846228
 20
2627.652213574353
 30
0.0
  0
VERTEX
  5
1618
330
15FC
100
AcDbEntity
  8
0
 62
     5
370
     0
100
AcDbVertex
100
AcDb2dVertex
 10
13722.45308780029
 20
2629.117273795014
 30
0.0
  0
VERTEX
  5
1619
330
15FC
100
AcDbEntity
  8
0
 62
     5
370
     0
100
AcDbVertex
100
AcDb2dVertex
 10
13716.59284691765
 20
2629.117273795014
 30
0.0
  0
SEQEND
  5
161A
330
15FC
100
AcDbEntity
  8
0
 62
     5
370
     0
  0
POLYLINE
  5
161B
330
1F
100
AcDbEntity
  8
0
 62
     5
370
     0
100
AcDb2dPolyline
 66
     1
 10
0.0
 20
0.0
 30
0.0
  0
VERTEX
  5
161C
330
161B
100
AcDbEntity
  8
0
 62
     5
370
     0
100
AcDbVertex
100
AcDb2dVertex
 10
13738.2024851724
 20
2612.269081257415
 30
0.0
  0
VERTEX
  5
161D
330
161B
100
AcDbEntity
  8
0
 62
     5
370
     0
100
AcDbVertex
100
AcDb2dVertex
 10
13752.48682232383
 20
2612.269081257415
 30
0.0
  0
SEQEND
  5
161E
330
161B
100
AcDbEntity
  8
0
 62
     5
370
     0
  0
POLYLINE
  5
161F
330
1F
100
AcDbEntity
  8
0
 62
     5
370
     0
100
AcDb2dPolyline
 66
     1
 10
0.0
 20
0.0
 30
0.0
  0
VERTEX
  5
1620
330
161F
100
AcDbEntity
  8
0
 62
     5
370
     0
100
AcDbVertex
100
AcDb2dVertex
 10
13782.52055684739
 20
2619.228117305553
 30
0.0
  0
VERTEX
  5
1621
330
161F
100
AcDbEntity
  8
0
 62
     5
370
     0
100
AcDbVertex
100
AcDb2dVertex
 10
13781.05549662672
 20
2614.832936643571
 30
0.0
  0
VERTEX
  5
1622
330
161F
100
AcDbEntity
  8
0
 62
     5
370
     0
100
AcDbVertex
100
AcDb2dVertex
 10
13778.1253761854
 20
2612.269081257415
 30
0.0
  0
VERTEX
  5
1623
330
161F
100
AcDbEntity
  8
0
 62
     5
370
     0
100
AcDbVertex
100
AcDb2dVertex
 10
13773.73019552342
 20
2610.804021036754
 30
0.0
  0
VERTEX
  5
1624
330
161F
100
AcDbEntity
  8
0
 62
     5
370
     0
100
AcDbVertex
100
AcDb2dVertex
 10
13772.26513530276
 20
2610.804021036754
 30
0.0
  0
VERTEX
  5
1625
330
161F
100
AcDbEntity
  8
0
 62
     5
370
     0
100
AcDbVertex
100
AcDb2dVertex
 10
13768.23621969594
 20
2612.269081257415
 30
0.0
  0
VERTEX
  5
1626
330
161F
100
AcDbEntity
  8
0
 62
     5
370
     0
100
AcDbVertex
100
AcDb2dVertex
 10
13765.30609925461
 20
2614.832936643571
 30
0.0
  0
VERTEX
  5
1627
330
161F
100
AcDbEntity
  8
0
 62
     5
370
     0
100
AcDbVertex
100
AcDb2dVertex
 10
13763.84103903396
 20
2619.228117305553
 30
0.0
  0
VERTEX
  5
1628
330
161F
100
AcDbEntity
  8
0
 62
     5
370
     0
100
AcDbVertex
100
AcDb2dVertex
 10
13763.84103903396
 20
2620.693177526214
 30
0.0
  0
VERTEX
  5
1629
330
161F
100
AcDbEntity
  8
0
 62
     5
370
     0
100
AcDbVertex
100
AcDb2dVertex
 10
13765.30609925461
 20
2625.088358188195
 30
0.0
  0
VERTEX
  5
162A
330
161F
100
AcDbEntity
  8
0
 62
     5
370
     0
100
AcDbVertex
100
AcDb2dVertex
 10
13768.23621969594
 20
2627.652213574353
 30
0.0
  0
VERTEX
  5
162B
330
161F
100
AcDbEntity
  8
0
 62
     5
370
     0
100
AcDbVertex
100
AcDb2dVertex
 10
13772.26513530276
 20
2629.117273795014
 30
0.0
  0
VERTEX
  5
162C
330
161F
100
AcDbEntity
  8
0
 62
     5
370
     0
100
AcDbVertex
100
AcDb2dVertex
 10
13773.73019552342
 20
2629.117273795014
 30
0.0
  0
VERTEX
  5
162D
330
161F
100
AcDbEntity
  8
0
 62
     5
370
     0
100
AcDbVertex
100
AcDb2dVertex
 10
13778.1253761854
 20
2627.652213574353
 30
0.0
  0
VERTEX
  5
162E
330
161F
100
AcDbEntity
  8
0
 62
     5
370
     0
100
AcDbVertex
100
AcDb2dVertex
 10
13781.05549662672
 20
2625.088358188195
 30
0.0
  0
VERTEX
  5
162F
330
161F
100
AcDbEntity
  8
0
 62
     5
370
     0
100
AcDbVertex
100
AcDb2dVertex
 10
13782.52055684739
 20
2619.228117305553
 30
0.0
  0
VERTEX
  5
1630
330
161F
100
AcDbEntity
  8
0
 62
     5
370
     0
100
AcDbVertex
100
AcDb2dVertex
 10
13782.52055684739
 20
2612.269081257415
 30
0.0
  0
VERTEX
  5
1631
330
161F
100
AcDbEntity
  8
0
 62
     5
370
     0
100
AcDbVertex
100
AcDb2dVertex
 10
13781.05549662672
 20
2604.943780154112
 30
0.0
  0
VERTEX
  5
1632
330
161F
100
AcDbEntity
  8
0
 62
     5
370
     0
100
AcDbVertex
100
AcDb2dVertex
 10
13778.1253761854
 20
2600.548599492129
 30
0.0
  0
VERTEX
  5
1633
330
161F
100
AcDbEntity
  8
0
 62
     5
370
     0
100
AcDbVertex
100
AcDb2dVertex
 10
13773.73019552342
 20
2599.083539271468
 30
0.0
  0
VERTEX
  5
1634
330
161F
100
AcDbEntity
  8
0
 62
     5
370
     0
100
AcDbVertex
100
AcDb2dVertex
 10
13770.8000750821
 20
2599.083539271468
 30
0.0
  0
VERTEX
  5
1635
330
161F
100
AcDbEntity
  8
0
 62
     5
370
     0
100
AcDbVertex
100
AcDb2dVertex
 10
13766.77115947528
 20
2600.548599492129
 30
0.0
  0
VERTEX
  5
1636
330
161F
100
AcDbEntity
  8
0
 62
     5
370
     0
100
AcDbVertex
100
AcDb2dVertex
 10
13765.30609925461
 20
2603.478719933451
 30
0.0
  0
SEQEND
  5
1637
330
161F
100
AcDbEntity
  8
0
 62
     5
370
     0
  0
MTEXT
  5
1638
330
1F
100
AcDbEntity
  8
0
100
AcDbMText
 10
13648.43510462689
 20
2688.254071753741
 30
0.0
 40
5.0
 41
64.45739932682773
 71
     1
 72
     5
  1
M=MS\PT=30\PQ=1
 73
     1
 44
1.0
1001
ACAD
1000
ACAD_MTEXT_COLUMN_INFO_BEGIN
1070
    75
1070
     2
1070
    79
1070
     0
1070
    76
1070
     1
1070
    78
1070
     0
1070
    48
1040
64.45739932682773
1070
    49
1040
12.5
1070
    50
1070
     1
1040
46.38365823253169
1000
ACAD_MTEXT_COLUMN_INFO_END
  0
ENDSEC
  0
SECTION
  2
OBJECTS
  0
DICTIONARY
  5
C
330
0
100
AcDbDictionary
281
     1
  3
ACAD_CIP_PREVIOUS_PRODUCT_INFO
350
216
  3
ACAD_COLOR
350
6B
  3
ACAD_DETAILVIEWSTYLE
350
21B
  3
ACAD_GROUP
350
D
  3
ACAD_LAYOUT
350
1A
  3
ACAD_MATERIAL
350
6A
  3
ACAD_MLEADERSTYLE
350
12D
  3
ACAD_MLINESTYLE
350
17
  3
ACAD_PLOTSETTINGS
350
19
  3
ACAD_PLOTSTYLENAME
350
E
  3
ACAD_SCALELIST
350
10C
  3
ACAD_SECTIONVIEWSTYLE
350
219
  3
ACAD_TABLESTYLE
350
7E
  3
ACAD_VISUALSTYLE
350
EF
  3
ACDB_RECOMPOSE_DATA
350
163D
  3
AcDbVariableDictionary
350
5E
  0
DICTIONARY
  5
1FF
330
2
100
AcDbDictionary
280
     1
281
     1
  3
ACAD_LAYERSTATES
360
200
  0
DICTIONARY
  5
13C
330
10
100
AcDbDictionary
280
     1
281
     1
  0
DICTIONARY
  5
1CE
330
1F
100
AcDbDictionary
280
     1
281
     1
  3
ACAD_SORTENTS
360
1024
  0
DICTIONARY
  5
59D
330
59C
100
AcDbDictionary
280
     1
281
     1
  3
ACAD_MTEXT_2008_RT
360
1673
  0
DICTIONARY
  5
5FF
330
5FE
100
AcDbDictionary
280
     1
281
     1
  3
ACAD_DIMASSOC
360
600
  0
XRECORD
  5
216
102
{ACAD_REACTORS
330
C
102
}
330
C
100
AcDbXrecord
280
     1
300
ACD
300
2018
300
ACD_F_S
  0
DICTIONARY
  5
6B
102
{ACAD_REACTORS
330
C
102
}
330
C
100
AcDbDictionary
281
     1
  0
DICTIONARY
  5
21B
102
{ACAD_REACTORS
330
C
102
}
330
C
100
AcDbDictionary
281
     1
  3
Metric50
350
21C
  0
DICTIONARY
  5
D
102
{ACAD_REACTORS
330
C
102
}
330
C
100
AcDbDictionary
281
     1
  0
DICTIONARY
  5
1A
102
{ACAD_REACTORS
330
C
102
}
330
C
100
AcDbDictionary
281
     1
  3
Model
350
22
  3
布局1
350
D3
  3
布局2
350
D7
  0
DICTIONARY
  5
6A
102
{ACAD_REACTORS
330
C
102
}
330
C
100
AcDbDictionary
281
     1
  3
ByBlock
350
ED
  3
ByLayer
350
EC
  3
Global
350
EE
  0
DICTIONARY
  5
12D
102
{ACAD_REACTORS
330
C
102
}
330
C
100
AcDbDictionary
281
     1
  3
Annotative
350
13B
  3
Standard
350
12E
  0
DICTIONARY
  5
17
102
{ACAD_REACTORS
330
C
102
}
330
C
100
AcDbDictionary
281
     1
  3
Standard
350
18
  0
DICTIONARY
  5
19
102
{ACAD_REACTORS
330
C
102
}
330
C
100
AcDbDictionary
281
     1
  0
ACDBDICTIONARYWDFLT
  5
E
102
{ACAD_REACTORS
330
C
102
}
330
C
100
AcDbDictionary
281
     1
  3
Normal
350
F
100
AcDbDictionaryWithDefault
340
F
  0
DICTIONARY
  5
10C
102
{ACAD_REACTORS
330
C
102
}
330
C
100
AcDbDictionary
281
     1
  3
A0
350
10D
  3
A1
350
1BE
  3
A2
350
1BF
  3
A3
350
1C0
  3
A4
350
1C1
  3
A5
350
1C2
  3
A6
350
1C3
  3
A7
350
1C4
  3
A8
350
1C5
  3
A9
350
1C6
  3
B0
350
1C7
  3
B1
350
1C8
  3
B2
350
1C9
  3
B3
350
1CA
  3
B4
350
1CB
  3
B5
350
1CC
  3
B6
350
1CD
  0
DICTIONARY
  5
219
102
{ACAD_REACTORS
330
C
102
}
330
C
100
AcDbDictionary
281
     1
  3
Metric50
350
21A
  0
DICTIONARY
  5
7E
102
{ACAD_REACTORS
330
C
102
}
330
C
100
AcDbDictionary
281
     1
  3
Standard
350
7F
  0
DICTIONARY
  5
EF
102
{ACAD_REACTORS
330
C
102
}
330
C
100
AcDbDictionary
281
     1
  3
2dWireframe
350
F5
  3
Basic
350
F4
  3
Brighten
350
FB
  3
ColorChange
350
FF
  3
Conceptual
350
F8
  3
Dim
350
FA
  3
EdgeColorOff
350
1E6
  3
Facepattern
350
FE
  3
Flat
350
F0
  3
FlatWithEdges
350
F1
  3
Gouraud
350
F2
  3
GouraudWithEdges
350
F3
  3
Hidden
350
F7
  3
JitterOff
350
1E4
  3
Linepattern
350
FD
  3
OverhangOff
350
1E5
  3
Realistic
350
F9
  3
Shaded
350
1F3
  3
Shaded with edges
350
1F2
  3
Shades of Gray
350
1EF
  3
Sketchy
350
1F0
  3
Thicken
350
FC
  3
Wireframe
350
F6
  3
X-Ray
350
1F1
  0
XRECORD
  5
163D
102
{ACAD_REACTORS
330
C
102
}
330
C
100
AcDbXrecord
280
     1
 90
        1
330
7F
330
59B
330
59C
330
1025
330
102D
330
1035
330
104D
330
1055
330
105D
330
1065
330
106D
330
1075
330
107D
330
1085
330
108D
330
1095
330
109D
330
10A5
330
10AD
330
10B5
330
10BD
330
10C5
330
1177
330
133F
330
13B7
330
142E
330
14A0
330
152C
330
15AC
330
1638
  0
DICTIONARY
  5
5E
102
{ACAD_REACTORS
330
C
102
}
330
C
100
AcDbDictionary
281
     1
  3
CANNOSCALE
350
146
  3
CENTEREXE
350
259
  3
CENTERLTYPEFILE
350
25A
  3
CMLEADERSTYLE
350
145
  3
CTABLESTYLE
350
84
  3
CVIEWDETAILSTYLE
350
227
  3
CVIEWSECTIONSTYLE
350
228
  3
DIMASSOC
350
5F
  3
HIDETEXT
350
63
  3
LAYEREVAL
350
1AE
  3
LAYERNOTIFY
350
1AF
  3
LIGHTINGUNITS
350
11A1
  3
MSLTSCALE
350
11A0
  3
PSOLHEIGHT
350
163A
  3
PSOLWIDTH
350
1639
  3
XCLIPFRAME
350
163B
  0
DICTIONARY
  5
200
102
{ACAD_REACTORS
330
1FF
102
}
330
1FF
100
AcDbDictionary
281
     1
  0
SORTENTSTABLE
  5
1024
102
{ACAD_REACTORS
330
1CE
102
}
330
1CE
100
AcDbSortentsTable
330
1F
331
EF5
  5
EF5
331
4DA
  5
4DA
331
FE1
  5
FE1
331
4DE
  5
4DE
331
FE5
  5
FE5
331
529
  5
529
331
52D
  5
52D
331
4E2
  5
4E2
331
562
  5
562
331
531
  5
531
331
4E6
  5
4E6
331
E7A
  5
E7A
331
566
  5
566
331
535
  5
535
331
E7E
  5
E7E
331
56A
  5
56A
331
5C9
  5
5C9
331
56E
  5
56E
331
4A2
  5
4A2
331
D51
  5
D51
331
463
  5
463
331
4A6
  5
4A6
331
C69
  5
C69
331
467
  5
467
331
E0A
  5
E0A
331
46B
  5
46B
331
4AA
  5
4AA
331
4AE
  5
4AE
331
E0E
  5
E0E
331
46F
  5
46F
331
BA1
  5
BA1
331
B6A
  5
B6A
331
B6E
  5
B6E
331
51E
  5
51E
331
559
  5
559
331
55D
  5
55D
331
522
  5
522
331
5B2
  5
5B2
331
526
  5
526
331
B2D
  5
B2D
331
5BA
  5
5BA
331
EB6
  5
EB6
331
45A
  5
45A
331
45E
  5
45E
331
4D2
  5
4D2
331
493
  5
493
331
C5A
  5
C5A
331
4D6
  5
4D6
331
C5E
  5
C5E
331
497
  5
497
331
49B
  5
49B
331
E75
  5
E75
331
49F
  5
49F
331
502
  5
502
331
5A6
  5
5A6
331
5ED
  5
5ED
331
5AA
  5
5AA
331
ED9
  5
ED9
331
F8E
  5
F8E
331
CC2
  5
CC2
331
5F5
  5
5F5
331
DF1
  5
DF1
331
4C2
  5
4C2
331
483
  5
483
331
452
  5
452
331
4C6
  5
4C6
331
487
  5
487
331
456
  5
456
331
48B
  5
48B
331
4CA
  5
4CA
331
48F
  5
48F
331
4CE
  5
4CE
331
4EB
  5
4EB
331
53A
  5
53A
331
4EF
  5
4EF
331
53E
  5
53E
331
542
  5
542
331
4F3
  5
4F3
331
546
  5
546
331
5DA
  5
5DA
331
597
  5
597
331
59B
  5
59B
331
FBA
  5
FBA
331
5E6
  5
5E6
331
59F
  5
59F
331
D23
  5
D23
331
4B3
  5
4B3
331
470
  5
470
331
E56
  5
E56
331
478
  5
478
331
4BB
  5
4BB
331
4BF
  5
4BF
331
47C
  5
47C
331
B33
  5
B33
331
EFA
  5
EFA
331
EFE
  5
EFE
331
52A
  5
52A
331
4DB
  5
4DB
331
4DF
  5
4DF
331
FEA
  5
FEA
331
52E
  5
52E
331
532
  5
532
331
FEE
  5
FEE
331
563
  5
563
331
536
  5
536
331
4E7
  5
4E7
331
567
  5
567
331
5CA
  5
5CA
331
56B
  5
56B
331
C9F
  5
C9F
331
4A3
  5
4A3
331
5F8
  5
5F8
331
D56
  5
D56
331
460
  5
460
331
D5A
  5
D5A
331
464
  5
464
331
468
  5
468
331
4AB
  5
4AB
331
4AF
  5
4AF
331
46C
  5
46C
331
55A
  5
55A
331
51F
  5
51F
331
55E
  5
55E
331
523
  5
523
331
527
  5
527
331
5B7
  5
5B7
331
5BB
  5
5BB
331
45B
  5
45B
331
FA7
  5
FA7
331
45F
  5
45F
331
4D3
  5
4D3
331
490
  5
490
331
4D7
  5
4D7
331
494
  5
494
331
D4B
  5
D4B
331
498
  5
498
331
49C
  5
49C
331
B5F
  5
B5F
331
4FF
  5
4FF
331
556
  5
556
331
5A7
  5
5A7
331
5EE
  5
5EE
331
E9F
  5
E9F
331
5F6
  5
5F6
331
5AF
  5
5AF
331
FD6
  5
FD6
331
C47
  5
C47
331
4C3
  5
4C3
331
480
  5
480
331
453
  5
453
331
4C7
  5
4C7
331
E27
  5
E27
331
484
  5
484
331
457
  5
457
331
488
  5
488
331
4CB
  5
4CB
331
4CF
  5
4CF
331
48C
  5
48C
331
B87
  5
B87
331
B8B
  5
B8B
331
4E8
  5
4E8
331
53B
  5
53B
331
53F
  5
53F
331
4EC
  5
4EC
331
543
  5
543
331
4F0
  5
4F0
331
4F4
  5
4F4
331
5DB
  5
5DB
331
5E3
  5
5E3
331
598
  5
598
331
E90
  5
E90
331
59C
  5
59C
331
FBF
  5
FBF
331
BB8
  5
BB8
331
FC3
  5
FC3
331
4B0
  5
4B0
331
D28
  5
D28
331
4B4
  5
4B4
331
4B8
  5
4B8
331
479
  5
479
331
D2C
  5
D2C
331
4BC
  5
4BC
331
47D
  5
47D
331
B38
  5
B38
331
B3C
  5
B3C
331
4D8
  5
4D8
331
52B
  5
52B
331
4DC
  5
4DC
331
52F
  5
52F
331
533
  5
533
331
4E0
  5
4E0
331
560
  5
560
331
537
  5
537
331
5C3
  5
5C3
331
564
  5
564
331
CDB
  5
CDB
331
5CB
  5
5CB
331
568
  5
568
331
FAB
  5
FAB
331
56C
  5
56C
331
E84
  5
E84
331
C63
  5
C63
331
4A0
  5
4A0
331
BB4
  5
BB4
331
461
  5
461
331
465
  5
465
331
4A4
  5
4A4
331
469
  5
469
331
4AC
  5
4AC
331
46D
  5
46D
331
55B
  5
55B
331
51C
  5
51C
331
55F
  5
55F
331
520
  5
520
331
5B0
  5
5B0
331
524
  5
524
331
EEF
  5
EEF
331
5B8
  5
5B8
331
EB0
  5
EB0
331
458
  5
458
331
45C
  5
45C
331
4D0
  5
4D0
331
491
  5
491
331
4D4
  5
4D4
331
495
  5
495
331
499
  5
499
331
49D
  5
49D
331
B9B
  5
B9B
331
1007
  5
1007
331
100B
  5
100B
331
500
  5
500
331
5A0
  5
5A0
331
557
  5
557
331
5EF
  5
5EF
331
CB8
  5
CB8
331
EDF
  5
EDF
331
5A8
  5
5A8
331
CFB
  5
CFB
331
CBC
  5
CBC
331
5F7
  5
5F7
331
F94
  5
F94
331
DF7
  5
DF7
331
4C0
  5
4C0
331
481
  5
481
331
450
  5
450
331
4C4
  5
4C4
331
485
  5
485
331
454
  5
454
331
489
  5
489
331
4C8
  5
4C8
331
4CC
  5
4CC
331
48D
  5
48D
331
E6F
  5
E6F
331
4E9
  5
4E9
331
FF4
  5
FF4
331
538
  5
538
331
53C
  5
53C
331
4ED
  5
4ED
331
540
  5
540
331
4F1
  5
4F1
331
544
  5
544
331
4F5
  5
4F5
331
5DC
  5
5DC
331
595
  5
595
331
599
  5
599
331
5E4
  5
5E4
331
E95
  5
E95
331
D60
  5
D60
331
E50
  5
E50
331
4B1
  5
4B1
331
C7C
  5
C7C
331
47A
  5
47A
331
4B5
  5
4B5
331
4B9
  5
4B9
331
47E
  5
47E
331
4BD
  5
4BD
331
B74
  5
B74
331
4D9
  5
4D9
331
528
  5
528
331
52C
  5
52C
331
4DD
  5
4DD
331
530
  5
530
331
4E1
  5
4E1
331
561
  5
561
331
534
  5
534
331
5C4
  5
5C4
331
565
  5
565
331
569
  5
569
331
56D
  5
56D
331
CE0
  5
CE0
331
FB0
  5
FB0
331
CA5
  5
CA5
331
CE4
  5
CE4
331
FB4
  5
FB4
331
462
  5
462
331
4A1
  5
4A1
331
5FE
  5
5FE
331
466
  5
466
331
46A
  5
46A
331
4A5
  5
4A5
331
4A9
  5
4A9
331
46E
  5
46E
331
D1D
  5
D1D
331
E4C
  5
E4C
331
4AD
  5
4AD
331
B65
  5
B65
331
558
  5
558
331
51D
  5
51D
331
55C
  5
55C
331
521
  5
521
331
5B1
  5
5B1
331
525
  5
525
331
5B9
  5
5B9
331
FDC
  5
FDC
331
CD5
  5
CD5
331
459
  5
459
331
492
  5
492
331
45D
  5
45D
331
4D1
  5
4D1
331
496
  5
496
331
49A
  5
49A
331
4D5
  5
4D5
331
49E
  5
49E
331
B55
  5
B55
331
B59
  5
B59
331
501
  5
501
331
5A1
  5
5A1
331
505
  5
505
331
5EC
  5
5EC
331
E99
  5
E99
331
5A9
  5
5A9
331
D00
  5
D00
331
D04
  5
D04
331
C80
  5
C80
331
C41
  5
C41
331
482
  5
482
331
4C1
  5
4C1
331
486
  5
486
331
451
  5
451
331
4C5
  5
4C5
331
455
  5
455
331
48A
  5
48A
331
48E
  5
48E
331
4C9
  5
4C9
331
4CD
  5
4CD
331
E2D
  5
E2D
331
B42
  5
B42
331
4EA
  5
4EA
331
4EE
  5
4EE
331
539
  5
539
331
53D
  5
53D
331
4F2
  5
4F2
331
541
  5
541
331
4F6
  5
4F6
331
E8A
  5
E8A
331
596
  5
596
331
545
  5
545
331
5DD
  5
5DD
331
59E
  5
59E
331
5E5
  5
5E5
331
ED5
  5
ED5
331
CF5
  5
CF5
331
4B2
  5
4B2
331
47B
  5
47B
331
4BA
  5
4BA
331
4BE
  5
4BE
331
47F
  5
47F
  0
XRECORD
  5
1673
102
{ACAD_REACTORS
330
59D
102
}
330
59D
100
AcDbXrecord
280
     1
 40
2852.0
  1
1块
  0
DIMASSOC
  5
600
102
{ACAD_REACTORS
330
5FF
102
}
330
5FF
100
AcDbDimAssoc
330
5FE
 90
        3
 70
     0
 71
     0
  1
AcDbOsnapPointRef
 72
     1
331
5E6
 73
     2
 91
        0
 40
1.0
 10
13686.31696132088
 20
0.0
 30
-4569.282948088501
 75
     0
  1
AcDbOsnapPointRef
 72
    13
331
5E4
 73
     2
 91
        0
 40
0.0
 10
13686.31696132087
 20
0.0
 30
-4689.282948088501
 75
     0
  0
ACDBDETAILVIEWSTYLE
  5
21C
102
{ACAD_XDICTIONARY
360
1671
102
}
102
{ACAD_REACTORS
330
21B
102
}
330
21B
100
AcDbModelDocViewStyle
 70
     0
  3
Metric50
290
     0
100
AcDbDetailViewStyle
 70
     0
 71
     0
 90
        3
 71
     1
340
11
 62
   256
 40
5.0
340
0
 62
   256
 40
5.0
300

 40
0.0
280
     1
 71
     2
340
16
 90
       25
 62
   256
 71
     3
340
11
 62
   256
 40
5.0
 90
        0
 40
15.0
 90
        1
300
%<\AcVar ViewDetailId>% (%<\AcVar ViewScale \f "%sn">%)
 71
     4
340
16
 90
       25
 62
   256
340
16
 90
       25
 62
   256
280
     0
  0
LAYOUT
  5
22
102
{ACAD_XDICTIONARY
360
205
102
}
102
{ACAD_REACTORS
330
1A
102
}
330
1A
100
AcDbPlotSettings
  1

  2
none_device
  4
ISO_A4_(210.00_x_297.00_MM)
  6

 40
7.5
 41
20.0
 42
7.5
 43
20.0
 44
210.0
 45
297.0
 46
11.54999923706054
 47
-13.65000009536743
 48
0.0
 49
0.0
140
0.0
141
0.0
142
1.0
143
8.704084754739808
 70
 11952
 72
     1
 73
     0
 74
     0
  7

 75
     0
147
0.1148885871608098
 76
     0
 77
     2
 78
   300
148
0.0
149
0.0
100
AcDbLayout
  1
Model
 70
     1
 71
     0
 10
0.0
 20
0.0
 11
12.0
 21
9.0
 12
0.0
 22
0.0
 32
0.0
 14
0.0
 24
0.0
 34
0.0
 15
0.0
 25
0.0
 35
0.0
146
0.0
 13
0.0
 23
0.0
 33
0.0
 16
1.0
 26
0.0
 36
0.0
 17
0.0
 27
1.0
 37
0.0
 76
     0
330
1F
331
EA
1001
ACAD_PSEXT
1000
None
1000
None
1000
Not applicable
1000
The layout will not be plotted unless a new plotter configuration name is selected.
1070
     0
  0
LAYOUT
  5
D3
102
{ACAD_REACTORS
330
1A
102
}
330
1A
100
AcDbPlotSettings
  1

  2
C:\Documents and Settings\basas\Application Data\Autodesk\AutoCAD 2005\R16.1\enu\plotters\Default Windows System Printer.pc3
  4

  6

 40
0.0
 41
0.0
 42
0.0
 43
0.0
 44
0.0
 45
0.0
 46
0.0
 47
0.0
 48
0.0
 49
0.0
140
0.0
141
0.0
142
1.0
143
1.0
 70
   688
 72
     0
 73
     0
 74
     5
  7

 75
    16
147
1.0
 76
     0
 77
     2
 78
   300
148
0.0
149
0.0
100
AcDbLayout
  1
布局1
 70
     1
 71
     1
 10
0.0
 20
0.0
 11
12.0
 21
9.0
 12
0.0
 22
0.0
 32
0.0
 14
0.0
 24
0.0
 34
0.0
 15
0.0
 25
0.0
 35
0.0
146
0.0
 13
0.0
 23
0.0
 33
0.0
 16
1.0
 26
0.0
 36
0.0
 17
0.0
 27
1.0
 37
0.0
 76
     0
330
D2
  0
LAYOUT
  5
D7
102
{ACAD_REACTORS
330
1A
102
}
330
1A
100
AcDbPlotSettings
  1

  2
C:\Documents and Settings\basas\Application Data\Autodesk\AutoCAD 2005\R16.1\enu\plotters\Default Windows System Printer.pc3
  4

  6

 40
0.0
 41
0.0
 42
0.0
 43
0.0
 44
0.0
 45
0.0
 46
0.0
 47
0.0
 48
0.0
 49
0.0
140
0.0
141
0.0
142
1.0
143
1.0
 70
   688
 72
     0
 73
     0
 74
     5
  7

 75
    16
147
1.0
 76
     0
 77
     2
 78
   300
148
0.0
149
0.0
100
AcDbLayout
  1
布局2
 70
     1
 71
     2
 10
0.0
 20
0.0
 11
12.0
 21
9.0
 12
0.0
 22
0.0
 32
0.0
 14
0.0
 24
0.0
 34
0.0
 15
0.0
 25
0.0
 35
0.0
146
0.0
 13
0.0
 23
0.0
 33
0.0
 16
1.0
 26
0.0
 36
0.0
 17
0.0
 27
1.0
 37
0.0
 76
     0
330
D6
  0
MATERIAL
  5
ED
102
{ACAD_XDICTIONARY
360
1F9
102
}
102
{ACAD_REACTORS
330
6A
102
}
330
6A
100
AcDbMaterial
  1
ByBlock
  0
MATERIAL
  5
EC
102
{ACAD_XDICTIONARY
360
1F7
102
}
102
{ACAD_REACTORS
330
6A
102
}
330
6A
100
AcDbMaterial
  1
ByLayer
  0
MATERIAL
  5
EE
102
{ACAD_XDICTIONARY
360
173
102
}
102
{ACAD_REACTORS
330
6A
102
}
330
6A
100
AcDbMaterial
  1
Global
 43
0.0007999999797903
 43
0.0
 43
0.0
 43
0.0
 43
0.0
 43
0.0007999999797903
 43
0.0
 43
0.0
 43
0.0
 43
0.0
 43
1.0
 43
0.0
 43
0.0
 43
0.0
 43
0.0
 43
1.0
 49
0.0007999999797903
 49
0.0
 49
0.0
 49
0.0
 49
0.0
 49
0.0007999999797903
 49
0.0
 49
0.0
 49
0.0
 49
0.0
 49
1.0
 49
0.0
 49
0.0
 49
0.0
 49
0.0
 49
1.0
142
0.0007999999797903
142
0.0
142
0.0
142
0.0
142
0.0
142
0.0007999999797903
142
0.0
142
0.0
142
0.0
142
0.0
142
1.0
142
0.0
142
0.0
142
0.0
142
0.0
142
1.0
144
0.0007999999797903
144
0.0
144
0.0
144
0.0
144
0.0
144
0.0007999999797903
144
0.0
144
0.0
144
0.0
144
0.0
144
1.0
144
0.0
144
0.0
144
0.0
144
0.0
144
1.0
1001
ACAD
1070
    -1
1070
     3
1070
     0
1000

1071
        0
1070
     0
  0
MLEADERSTYLE
  5
13B
102
{ACAD_REACTORS
330
12D
102
}
330
12D
100
AcDbMLeaderStyle
170
     2
171
     1
172
     0
 90
        2
 40
0.0
 41
0.0
173
     1
 91
-1056964608
340
14
 92
       -2
290
     1
 42
2.0
291
     1
 43
8.0
  3
Standard
 44
4.0
300

342
11
174
     1
178
     1
175
     1
176
     0
 93
-1056964608
 45
4.0
292
     0
297
     0
 46
4.0
 94
-1056964608
 47
1.0
 49
1.0
140
1.0
293
     1
141
0.0
294
     1
177
     0
142
1.0
295
     0
296
     1
143
3.75
1001
ACAD_MLEADERVER
1070
     2
  0
MLEADERSTYLE
  5
12E
102
{ACAD_REACTORS
330
12D
102
}
330
12D
100
AcDbMLeaderStyle
170
     2
171
     1
172
     0
 90
        2
 40
0.0
 41
0.0
173
     1
 91
-1056964608
340
14
 92
       -2
290
     1
 42
2.0
291
     1
 43
8.0
  3
Standard
 44
4.0
300

342
11
174
     1
178
     1
175
     1
176
     0
 93
-1056964608
 45
4.0
292
     0
297
     0
 46
4.0
 94
-1056964608
 47
1.0
 49
1.0
140
1.0
293
     1
141
0.0
294
     1
177
     0
142
1.0
295
     0
296
     0
143
3.75
1001
ACAD_MLEADERVER
1070
     2
  0
MLINESTYLE
  5
18
102
{ACAD_REACTORS
330
17
102
}
330
17
100
AcDbMlineStyle
  2
STANDARD
 70
     0
  3

 62
   256
 51
90.0
 52
90.0
 71
     2
 49
0.5
 62
   256
  6
BYLAYER
 49
-0.5
 62
   256
  6
BYLAYER
  0
ACDBPLACEHOLDER
  5
F
102
{ACAD_REACTORS
330
E
102
}
330
E
  0
SCALE
  5
10D
102
{ACAD_REACTORS
330
10C
102
}
330
10C
100
AcDbScale
 70
     0
300
1:1
140
1.0
141
1.0
290
     1
  0
SCALE
  5
1BE
102
{ACAD_REACTORS
330
10C
102
}
330
10C
100
AcDbScale
 70
     0
300
1:2
140
1.0
141
2.0
290
     0
  0
SCALE
  5
1BF
102
{ACAD_REACTORS
330
10C
102
}
330
10C
100
AcDbScale
 70
     0
300
1:4
140
1.0
141
4.0
290
     0
  0
SCALE
  5
1C0
102
{ACAD_REACTORS
330
10C
102
}
330
10C
100
AcDbScale
 70
     0
300
1:5
140
1.0
141
5.0
290
     0
  0
SCALE
  5
1C1
102
{ACAD_REACTORS
330
10C
102
}
330
10C
100
AcDbScale
 70
     0
300
1:8
140
1.0
141
8.0
290
     0
  0
SCALE
  5
1C2
102
{ACAD_REACTORS
330
10C
102
}
330
10C
100
AcDbScale
 70
     0
300
1:10
140
1.0
141
10.0
290
     0
  0
SCALE
  5
1C3
102
{ACAD_REACTORS
330
10C
102
}
330
10C
100
AcDbScale
 70
     0
300
1:16
140
1.0
141
16.0
290
     0
  0
SCALE
  5
1C4
102
{ACAD_REACTORS
330
10C
102
}
330
10C
100
AcDbScale
 70
     0
300
1:20
140
1.0
141
20.0
290
     0
  0
SCALE
  5
1C5
102
{ACAD_REACTORS
330
10C
102
}
330
10C
100
AcDbScale
 70
     0
300
1:30
140
1.0
141
30.0
290
     0
  0
SCALE
  5
1C6
102
{ACAD_REACTORS
330
10C
102
}
330
10C
100
AcDbScale
 70
     0
300
1:40
140
1.0
141
40.0
290
     0
  0
SCALE
  5
1C7
102
{ACAD_REACTORS
330
10C
102
}
330
10C
100
AcDbScale
 70
     0
300
1:50
140
1.0
141
50.0
290
     0
  0
SCALE
  5
1C8
102
{ACAD_REACTORS
330
10C
102
}
330
10C
100
AcDbScale
 70
     0
300
1:100
140
1.0
141
100.0
290
     0
  0
SCALE
  5
1C9
102
{ACAD_REACTORS
330
10C
102
}
330
10C
100
AcDbScale
 70
     0
300
2:1
140
2.0
141
1.0
290
     0
  0
SCALE
  5
1CA
102
{ACAD_REACTORS
330
10C
102
}
330
10C
100
AcDbScale
 70
     0
300
4:1
140
4.0
141
1.0
290
     0
  0
SCALE
  5
1CB
102
{ACAD_REACTORS
330
10C
102
}
330
10C
100
AcDbScale
 70
     0
300
8:1
140
8.0
141
1.0
290
     0
  0
SCALE
  5
1CC
102
{ACAD_REACTORS
330
10C
102
}
330
10C
100
AcDbScale
 70
     0
300
10:1
140
10.0
141
1.0
290
     0
  0
SCALE
  5
1CD
102
{ACAD_REACTORS
330
10C
102
}
330
10C
100
AcDbScale
 70
     0
300
100:1
140
100.0
141
1.0
290
     0
  0
ACDBSECTIONVIEWSTYLE
  5
21A
102
{ACAD_XDICTIONARY
360
166F
102
}
102
{ACAD_REACTORS
330
219
102
}
330
219
100
AcDbModelDocViewStyle
 70
     0
  3
Metric50
290
     0
100
AcDbSectionViewStyle
 70
     0
 71
     0
 90
      102
 71
     1
340
11
 62
   256
 40
5.0
340
0
340
0
 62
   256
 40
5.0
300
I, O, Q, S, X, Z
 40
10.0
 90
        0
 40
2.5
 90
        0
 71
     2
340
16
 90
       25
 62
   256
340
16
 90
       50
 62
   256
 40
5.0
 40
2.5
 40
5.0
 71
     3
340
11
 62
   256
 40
5.0
 90
        0
 40
15.0
 90
        1
300
%<\AcVar ViewSectionStartId>%-%<\AcVar ViewSectionEndId>% (%<\AcVar ViewScale \f "%sn">%)
 71
     4
 62
   256
 62
   257
300
ANSI31
 40
1.0
 90
        0
290
     0
290
     0
 90
        6
 40
0.0
 40
1.570796326794896
 40
0.2617993877991494
 40
1.308996938995747
 40
-0.2617993877991494
 40
1.832595714594045
  0
TABLESTYLE
  5
7F
102
{ACAD_XDICTIONARY
360
162
102
}
102
{ACAD_REACTORS
330
7E
102
}
330
7E
100
AcDbTableStyle
  3
Standard
 70
     0
 71
     0
 40
1.5
 41
1.5
280
     0
281
     0
  7
Standard
140
4.5
170
     2
 62
     0
 63
     7
283
     0
274
    -2
284
     1
 64
     0
275
    -2
285
     1
 65
     0
276
    -2
286
     1
 66
     0
277
    -2
287
     1
 67
     0
278
    -2
288
     1
 68
     0
279
    -2
289
     1
 69
     0
  7
Standard
140
6.0
170
     5
 62
     0
 63
     7
283
     0
274
    -2
284
     1
 64
     0
275
    -2
285
     1
 65
     0
276
    -2
286
     1
 66
     0
277
    -2
287
     1
 67
     0
278
    -2
288
     1
 68
     0
279
    -2
289
     1
 69
     0
  7
Standard
140
4.5
170
     5
 62
     0
 63
     7
283
     0
274
    -2
284
     1
 64
     0
275
    -2
285
     1
 65
     0
276
    -2
286
     1
 66
     0
277
    -2
287
     1
 67
     0
278
    -2
288
     1
 68
     0
279
    -2
289
     1
 69
     0
  0
VISUALSTYLE
  5
F5
102
{ACAD_XDICTIONARY
360
1649
102
}
102
{ACAD_REACTORS
330
EF
102
}
330
EF
100
AcDbVisualStyle
  2

 70
     4
 71
     0
 72
     2
 73
     1
 90
        0
 40
-0.6
 41
-30.0
 62
     5
 63
     7
421
 16777215
 74
     1
 91
        4
 64
     7
 65
   257
 75
     1
175
     1
 42
1.0
 92
        0
 66
   257
 43
1.0
 76
     1
 77
     6
 78
     2
 67
     7
 79
     5
170
     0
171
     0
290
     0
174
     0
 93
        1
 44
0.0
173
     0
291
     0
 45
0.0
1001
ACAD
1000
AcDbSavedByObjectVersion
1070
     0
  0
VISUALSTYLE
  5
F4
102
{ACAD_XDICTIONARY
360
1647
102
}
102
{ACAD_REACTORS
330
EF
102
}
330
EF
100
AcDbVisualStyle
  2

 70
     7
 71
     1
 72
     0
 73
     1
 90
        0
 40
-0.6
 41
-30.0
 62
     5
 63
     7
421
 16777215
 74
     0
 91
        4
 64
     7
 65
   257
 75
     1
175
     1
 42
1.0
 92
        8
 66
     7
 43
1.0
 76
     1
 77
     6
 78
     2
 67
     7
 79
     5
170
     0
171
     0
290
     0
174
     0
 93
        1
 44
0.0
173
     0
291
     1
 45
0.0
1001
ACAD
1000
AcDbSavedByObjectVersion
1070
     0
  0
VISUALSTYLE
  5
FB
102
{ACAD_XDICTIONARY
360
1655
102
}
102
{ACAD_REACTORS
330
EF
102
}
330
EF
100
AcDbVisualStyle
  2

 70
    12
 71
     2
 72
     2
 73
     1
 90
        0
 40
-0.6
 41
-30.0
 62
     5
 63
     7
421
 16777215
 74
     1
 91
        4
 64
     7
 65
   257
 75
     1
175
     1
 42
1.0
 92
        8
 66
     7
 43
1.0
 76
     1
 77
     6
 78
     2
 67
     7
 79
     5
170
     0
171
     0
290
     0
174
     0
 93
        1
 44
50.0
173
     0
291
     1
 45
0.0
1001
ACAD
1000
AcDbSavedByObjectVersion
1070
     0
  0
VISUALSTYLE
  5
FF
102
{ACAD_XDICTIONARY
360
165D
102
}
102
{ACAD_REACTORS
330
EF
102
}
330
EF
100
AcDbVisualStyle
  2

 70
    16
 71
     2
 72
     2
 73
     3
 90
        0
 40
-0.6
 41
-30.0
 62
     5
 63
     8
421
  8421504
 74
     1
 91
        4
 64
     7
 65
   257
 75
     1
175
     1
 42
1.0
 92
        8
 66
     8
424
  8421504
 43
1.0
 76
     1
 77
     6
 78
     2
 67
     7
 79
     5
170
     0
171
     0
290
     0
174
     0
 93
        1
 44
0.0
173
     0
291
     1
 45
0.0
1001
ACAD
1000
AcDbSavedByObjectVersion
1070
     0
  0
VISUALSTYLE
  5
F8
102
{ACAD_XDICTIONARY
360
164F
102
}
102
{ACAD_REACTORS
330
EF
102
}
330
EF
100
AcDbVisualStyle
  2

 70
     9
 71
     3
 72
     2
 73
     1
 90
        0
 40
-0.6
 41
-30.0
 62
     5
 63
     7
421
 16777215
 74
     2
 91
        2
 64
     7
 65
   257
 75
     1
175
     1
 42
40.0
 92
        8
 66
     7
 43
1.0
 76
     1
 77
     6
 78
     2
 67
     7
 79
     3
170
     0
171
     0
290
     0
174
     0
 93
        1
 44
0.0
173
     0
291
     0
 45
0.0
1001
ACAD
1000
AcDbSavedByObjectVersion
1070
     0
  0
VISUALSTYLE
  5
FA
102
{ACAD_XDICTIONARY
360
1653
102
}
102
{ACAD_REACTORS
330
EF
102
}
330
EF
100
AcDbVisualStyle
  2

 70
    11
 71
     2
 72
     2
 73
     1
 90
        0
 40
-0.6
 41
-30.0
 62
     5
 63
     7
421
 16777215
 74
     1
 91
        4
 64
     7
 65
   257
 75
     1
175
     1
 42
1.0
 92
        8
 66
     7
 43
1.0
 76
     1
 77
     6
 78
     2
 67
     7
 79
     5
170
     0
171
     0
290
     0
174
     0
 93
        1
 44
-50.0
173
     0
291
     1
 45
0.0
1001
ACAD
1000
AcDbSavedByObjectVersion
1070
     0
  0
VISUALSTYLE
  5
1E6
102
{ACAD_XDICTIONARY
360
1663
102
}
102
{ACAD_REACTORS
330
EF
102
}
330
EF
100
AcDbVisualStyle
  2

 70
    22
 71
     2
 72
     2
 73
     0
 90
        0
 40
-0.6
 41
-30.0
 62
     5
 63
     7
421
 16777215
 74
     1
 91
        4
 64
     7
 65
   257
 75
     1
175
     1
 42
1.0
 92
        8
 66
     7
 43
1.0
 76
     1
 77
     6
 78
     2
 67
     7
 79
     5
170
     0
171
     0
290
     0
174
     0
 93
        1
 44
0.0
173
     0
291
     1
 45
0.0
1001
ACAD
1000
AcDbSavedByObjectVersion
1070
     0
  0
VISUALSTYLE
  5
FE
102
{ACAD_XDICTIONARY
360
165B
102
}
102
{ACAD_REACTORS
330
EF
102
}
330
EF
100
AcDbVisualStyle
  2

 70
    15
 71
     2
 72
     2
 73
     1
 90
        0
 40
-0.6
 41
-30.0
 62
     5
 63
     7
421
 16777215
 74
     1
 91
        4
 64
     7
 65
   257
 75
     1
175
     1
 42
1.0
 92
        8
 66
     7
 43
1.0
 76
     1
 77
     6
 78
     2
 67
     7
 79
     5
170
     0
171
     0
290
     0
174
     0
 93
        1
 44
0.0
173
     0
291
     1
 45
0.0
1001
ACAD
1000
AcDbSavedByObjectVersion
1070
     0
  0
VISUALSTYLE
  5
F0
102
{ACAD_XDICTIONARY
360
163F
102
}
102
{ACAD_REACTORS
330
EF
102
}
330
EF
100
AcDbVisualStyle
  2

 70
     0
 71
     2
 72
     1
 73
     1
 90
        2
 40
-0.6
 41
30.0
 62
     5
 63
     7
421
 16777215
 74
     0
 91
        0
 64
     7
 65
   257
 75
     1
175
     1
 42
1.0
 92
        8
 66
     7
 43
1.0
 76
     1
 77
     6
 78
     2
 67
     7
 79
     5
170
     0
171
     0
290
     0
174
     0
 93
       13
 44
0.0
173
     0
291
     1
 45
0.0
1001
ACAD
1000
AcDbSavedByObjectVersion
1070
     0
  0
VISUALSTYLE
  5
F1
102
{ACAD_XDICTIONARY
360
1641
102
}
102
{ACAD_REACTORS
330
EF
102
}
330
EF
100
AcDbVisualStyle
  2

 70
     1
 71
     2
 72
     1
 73
     1
 90
        2
 40
-0.6
 41
30.0
 62
     5
 63
     7
421
 16777215
 74
     1
 91
        0
 64
     7
 65
   257
 75
     1
175
     1
 42
1.0
 92
        0
 66
   257
 43
1.0
 76
     1
 77
     6
 78
     2
 67
     7
 79
     5
170
     0
171
     0
290
     0
174
     0
 93
       13
 44
0.0
173
     0
291
     1
 45
0.0
1001
ACAD
1000
AcDbSavedByObjectVersion
1070
     0
  0
VISUALSTYLE
  5
F2
102
{ACAD_XDICTIONARY
360
1643
102
}
102
{ACAD_REACTORS
330
EF
102
}
330
EF
100
AcDbVisualStyle
  2

 70
     2
 71
     2
 72
     2
 73
     1
 90
        2
 40
-0.6
 41
30.0
 62
     5
 63
     7
421
 16777215
 74
     0
 91
        0
 64
     7
 65
   257
 75
     1
175
     1
 42
1.0
 92
        0
 66
     7
 43
1.0
 76
     1
 77
     6
 78
     2
 67
     7
 79
     5
170
     0
171
     0
290
     0
174
     0
 93
       13
 44
0.0
173
     0
291
     1
 45
0.0
1001
ACAD
1000
AcDbSavedByObjectVersion
1070
     0
  0
VISUALSTYLE
  5
F3
102
{ACAD_XDICTIONARY
360
1645
102
}
102
{ACAD_REACTORS
330
EF
102
}
330
EF
100
AcDbVisualStyle
  2

 70
     3
 71
     2
 72
     2
 73
     1
 90
        2
 40
-0.6
 41
30.0
 62
     5
 63
     7
421
 16777215
 74
     1
 91
        0
 64
     7
 65
   257
 75
     1
175
     1
 42
1.0
 92
        0
 66
   257
 43
1.0
 76
     1
 77
     6
 78
     2
 67
     7
 79
     5
170
     0
171
     0
290
     0
174
     0
 93
       13
 44
0.0
173
     0
291
     1
 45
0.0
1001
ACAD
1000
AcDbSavedByObjectVersion
1070
     0
  0
VISUALSTYLE
  5
F7
102
{ACAD_XDICTIONARY
360
164D
102
}
102
{ACAD_REACTORS
330
EF
102
}
330
EF
100
AcDbVisualStyle
  2

 70
     6
 71
     1
 72
     2
 73
     2
 90
        0
 40
-0.6
 41
-30.0
 62
     5
 63
     7
421
 16777215
 74
     2
 91
        2
 64
     7
 65
   257
 75
     2
175
     1
 42
40.0
 92
        0
 66
   257
 43
1.0
 76
     1
 77
     6
 78
     2
 67
     7
 79
     3
170
     0
171
     0
290
     0
174
     0
 93
        1
 44
0.0
173
     0
291
     0
 45
0.0
1001
ACAD
1000
AcDbSavedByObjectVersion
1070
     0
  0
VISUALSTYLE
  5
1E4
102
{ACAD_XDICTIONARY
360
165F
102
}
102
{ACAD_REACTORS
330
EF
102
}
330
EF
100
AcDbVisualStyle
  2

 70
    20
 71
     2
 72
     2
 73
     0
 90
        0
 40
-0.6
 41
-30.0
 62
     5
 63
     7
421
 16777215
 74
     1
 91
        4
 64
     7
 65
   257
 75
     1
175
     1
 42
1.0
 92
       10
 66
     7
 43
1.0
 76
     1
 77
     6
 78
     2
 67
     7
 79
     5
170
     0
171
     0
290
     0
174
     0
 93
        1
 44
0.0
173
     0
291
     1
 45
0.0
1001
ACAD
1000
AcDbSavedByObjectVersion
1070
     0
  0
VISUALSTYLE
  5
FD
102
{ACAD_XDICTIONARY
360
1659
102
}
102
{ACAD_REACTORS
330
EF
102
}
330
EF
100
AcDbVisualStyle
  2

 70
    14
 71
     2
 72
     2
 73
     1
 90
        0
 40
-0.6
 41
-30.0
 62
     5
 63
     7
421
 16777215
 74
     1
 91
        4
 64
     7
 65
   257
 75
     7
175
     7
 42
1.0
 92
        8
 66
     7
 43
1.0
 76
     1
 77
     6
 78
     2
 67
     7
 79
     5
170
     0
171
     0
290
     0
174
     0
 93
        1
 44
0.0
173
     0
291
     1
 45
0.0
1001
ACAD
1000
AcDbSavedByObjectVersion
1070
     0
  0
VISUALSTYLE
  5
1E5
102
{ACAD_XDICTIONARY
360
1661
102
}
102
{ACAD_REACTORS
330
EF
102
}
330
EF
100
AcDbVisualStyle
  2

 70
    21
 71
     2
 72
     2
 73
     0
 90
        0
 40
-0.6
 41
-30.0
 62
     5
 63
     7
421
 16777215
 74
     1
 91
        4
 64
     7
 65
   257
 75
     1
175
     1
 42
1.0
 92
        9
 66
     7
 43
1.0
 76
     1
 77
     6
 78
     2
 67
     7
 79
     5
170
     0
171
     0
290
     0
174
     0
 93
        1
 44
0.0
173
     0
291
     1
 45
0.0
1001
ACAD
1000
AcDbSavedByObjectVersion
1070
     0
  0
VISUALSTYLE
  5
F9
102
{ACAD_XDICTIONARY
360
1651
102
}
102
{ACAD_REACTORS
330
EF
102
}
330
EF
100
AcDbVisualStyle
  2

 70
     8
 71
     2
 72
     3
 73
     0
 90
        2
 40
-0.6
 41
30.0
 62
     5
 63
     7
421
 16777215
 74
     0
 91
        0
 64
     7
 65
   257
 75
     1
175
     1
 42
1.0
 92
        8
 66
   257
 43
1.0
 76
     1
 77
     6
 78
     2
 67
     7
 79
     3
170
     0
171
     0
290
     0
174
     0
 93
       13
 44
0.0
173
     0
291
     0
 45
0.0
1001
ACAD
1000
AcDbSavedByObjectVersion
1070
     0
  0
VISUALSTYLE
  5
1F3
102
{ACAD_XDICTIONARY
360
166D
102
}
102
{ACAD_REACTORS
330
EF
102
}
330
EF
100
AcDbVisualStyle
  2

 70
    27
 71
     2
 72
     2
 73
     1
 90
        2
 40
-0.6
 41
30.0
 62
     5
 63
     7
421
 16777215
 74
     0
 91
        4
 64
     7
 65
   257
 75
     1
175
     1
 42
1.0
 92
        8
 66
   257
 43
1.0
 76
     1
 77
     6
 78
     2
 67
     8
425
  7895160
 79
     3
170
     0
171
     0
290
     0
174
     0
 93
        5
 44
0.0
173
     0
291
     0
 45
0.0
1001
ACAD
1000
AcDbSavedByObjectVersion
1070
     0
  0
VISUALSTYLE
  5
1F2
102
{ACAD_XDICTIONARY
360
166B
102
}
102
{ACAD_REACTORS
330
EF
102
}
330
EF
100
AcDbVisualStyle
  2

 70
    26
 71
     2
 72
     2
 73
     1
 90
        2
 40
-0.6
 41
30.0
 62
     5
 63
     7
421
 16777215
 74
     1
 91
        2
 64
     7
 65
   257
 75
     2
175
     1
 42
1.0
 92
        8
 66
   257
 43
1.0
 76
     1
 77
     6
 78
     2
 67
     7
 79
     3
170
     0
171
     0
290
     0
174
     0
 93
        5
 44
0.0
173
     0
291
     0
 45
0.0
1001
ACAD
1000
AcDbSavedByObjectVersion
1070
     0
  0
VISUALSTYLE
  5
1EF
102
{ACAD_XDICTIONARY
360
1665
102
}
102
{ACAD_REACTORS
330
EF
102
}
330
EF
100
AcDbVisualStyle
  2

 70
    23
 71
     2
 72
     2
 73
     3
 90
        0
 40
-0.6
 41
-30.0
 62
     5
 63
     7
421
 16777215
 74
     2
 91
        2
 64
     7
 65
     7
 75
     1
175
     1
 42
40.0
 92
        8
 66
     7
 43
1.0
 76
     1
 77
     6
 78
     2
 67
     7
 79
     3
170
     0
171
     0
290
     0
174
     0
 93
        1
 44
0.0
173
     0
291
     0
 45
0.0
1001
ACAD
1000
AcDbSavedByObjectVersion
1070
     0
  0
VISUALSTYLE
  5
1F0
102
{ACAD_XDICTIONARY
360
1667
102
}
102
{ACAD_REACTORS
330
EF
102
}
330
EF
100
AcDbVisualStyle
  2

 70
    24
 71
     1
 72
     2
 73
     2
 90
        0
 40
-0.6
 41
-30.0
 62
     5
 63
     7
421
 16777215
 74
     2
 91
        2
 64
     7
 65
     7
 75
     1
175
     1
 42
40.0
 92
       11
 66
     7
 43
1.0
 76
     1
 77
     6
 78
     2
 67
     7
 79
     6
170
     0
171
     0
290
     0
174
     0
 93
        1
 44
0.0
173
     0
291
     0
 45
0.0
1001
ACAD
1000
AcDbSavedByObjectVersion
1070
     0
  0
VISUALSTYLE
  5
FC
102
{ACAD_XDICTIONARY
360
1657
102
}
102
{ACAD_REACTORS
330
EF
102
}
330
EF
100
AcDbVisualStyle
  2

 70
    13
 71
     2
 72
     2
 73
     1
 90
        0
 40
-0.6
 41
-30.0
 62
     5
 63
     7
421
 16777215
 74
     1
 91
        4
 64
     7
 65
   257
 75
     1
175
     1
 42
1.0
 92
       12
 66
     7
 43
1.0
 76
     1
 77
     6
 78
     2
 67
     7
 79
     5
170
     0
171
     0
290
     0
174
     0
 93
        1
 44
0.0
173
     0
291
     1
 45
0.0
1001
ACAD
1000
AcDbSavedByObjectVersion
1070
     0
  0
VISUALSTYLE
  5
F6
102
{ACAD_XDICTIONARY
360
164B
102
}
102
{ACAD_REACTORS
330
EF
102
}
330
EF
100
AcDbVisualStyle
  2

 70
     5
 71
     0
 72
     2
 73
     0
 90
        0
 40
-0.6
 41
-30.0
 62
     5
 63
     7
421
 16777215
 74
     1
 91
        4
 64
     7
 65
   257
 75
     1
175
     1
 42
1.0
 92
        0
 66
   257
 43
1.0
 76
     1
 77
     6
 78
     2
 67
     7
 79
     3
170
     0
171
     0
290
     0
174
     0
 93
        1
 44
0.0
173
     0
291
     0
 45
0.0
1001
ACAD
1000
AcDbSavedByObjectVersion
1070
     0
  0
VISUALSTYLE
  5
1F1
102
{ACAD_XDICTIONARY
360
1669
102
}
102
{ACAD_REACTORS
330
EF
102
}
330
EF
100
AcDbVisualStyle
  2

 70
    25
 71
     2
 72
     2
 73
     1
 90
        1
 40
0.5
 41
-30.0
 62
     5
 63
     7
421
 16777215
 74
     1
 91
        0
 64
     7
 65
   257
 75
     1
175
     1
 42
1.0
 92
        8
 66
     7
 43
1.0
 76
     1
 77
     6
 78
     2
 67
     7
 79
     3
170
     0
171
     0
290
     0
174
     0
 93
       13
 44
0.0
173
     0
291
     0
 45
0.0
1001
ACAD
1000
AcDbSavedByObjectVersion
1070
     0
  0
DICTIONARYVAR
  5
146
102
{ACAD_REACTORS
330
5E
102
}
330
5E
100
DictionaryVariables
280
     0
  1
1:1
  0
DICTIONARYVAR
  5
259
102
{ACAD_REACTORS
330
5E
102
}
330
5E
100
DictionaryVariables
280
     0
  1
3.500000
  0
DICTIONARYVAR
  5
25A
102
{ACAD_REACTORS
330
5E
102
}
330
5E
100
DictionaryVariables
280
     0
  1
acadiso.lin
  0
DICTIONARYVAR
  5
145
102
{ACAD_REACTORS
330
5E
102
}
330
5E
100
DictionaryVariables
280
     0
  1
STANDARD
  0
DICTIONARYVAR
  5
84
102
{ACAD_REACTORS
330
5E
102
}
330
5E
100
DictionaryVariables
280
     0
  1
STANDARD
  0
DICTIONARYVAR
  5
227
102
{ACAD_REACTORS
330
5E
102
}
330
5E
100
DictionaryVariables
280
     0
  1
Metric50
  0
DICTIONARYVAR
  5
228
102
{ACAD_REACTORS
330
5E
102
}
330
5E
100
DictionaryVariables
280
     0
  1
Metric50
  0
DICTIONARYVAR
  5
5F
102
{ACAD_REACTORS
330
5E
102
}
330
5E
100
DictionaryVariables
280
     0
  1
2
  0
DICTIONARYVAR
  5
63
102
{ACAD_REACTORS
330
5E
102
}
330
5E
100
DictionaryVariables
280
     0
  1
1
  0
DICTIONARYVAR
  5
1AE
102
{ACAD_REACTORS
330
5E
102
}
330
5E
100
DictionaryVariables
280
     0
  1
0
  0
DICTIONARYVAR
  5
1AF
102
{ACAD_REACTORS
330
5E
102
}
330
5E
100
DictionaryVariables
280
     0
  1
0
  0
DICTIONARYVAR
  5
11A1
102
{ACAD_REACTORS
330
5E
102
}
330
5E
100
DictionaryVariables
280
     0
  1
2
  0
DICTIONARYVAR
  5
11A0
102
{ACAD_REACTORS
330
5E
102
}
330
5E
100
DictionaryVariables
280
     0
  1
1
  0
DICTIONARYVAR
  5
163A
102
{ACAD_REACTORS
330
5E
102
}
330
5E
100
DictionaryVariables
280
     0
  1
80.000000
  0
DICTIONARYVAR
  5
1639
102
{ACAD_REACTORS
330
5E
102
}
330
5E
100
DictionaryVariables
280
     0
  1
5.000000
  0
DICTIONARYVAR
  5
163B
102
{ACAD_REACTORS
330
5E
102
}
330
5E
100
DictionaryVariables
280
     0
  1
2
  0
DICTIONARY
  5
1671
330
21C
100
AcDbDictionary
280
     1
281
     1
  3
ACAD_XREC_ROUNDTRIP
360
1672
  0
DICTIONARY
  5
205
330
22
100
AcDbDictionary
280
     1
281
     1
  0
DICTIONARY
  5
1F9
330
ED
100
AcDbDictionary
280
     1
281
     1
  3
ACAD_XREC_ROUNDTRIP
360
11B1
  3
FBXASSET
360
1FA
  0
DICTIONARY
  5
1F7
330
EC
100
AcDbDictionary
280
     1
281
     1
  3
ACAD_XREC_ROUNDTRIP
360
11B0
  3
FBXASSET
360
1F8
  0
DICTIONARY
  5
173
330
EE
100
AcDbDictionary
280
     1
281
     1
  3
ACAD_XREC_ROUNDTRIP
360
11B2
  3
BUMPTILE
360
175
  3
DIFFUSETILE
360
174
  3
FBXASSET
360
1FB
  3
OPACITYTILE
360
176
  3
REFLECTIONTILE
360
177
  0
DICTIONARY
  5
166F
330
21A
100
AcDbDictionary
280
     1
281
     1
  3
ACAD_XREC_ROUNDTRIP
360
1670
  0
DICTIONARY
  5
162
330
7F
100
AcDbDictionary
280
     1
281
     1
  3
ACAD_ROUNDTRIP_2008_TABLESTYLE_CELLSTYLEMAP
360
163C
  3
ACAD_XREC_ROUNDTRIP
360
163E
  0
DICTIONARY
  5
1649
330
F5
100
AcDbDictionary
280
     1
281
     1
  3
ACAD_XREC_ROUNDTRIP
360
164A
  0
DICTIONARY
  5
1647
330
F4
100
AcDbDictionary
280
     1
281
     1
  3
ACAD_XREC_ROUNDTRIP
360
1648
  0
DICTIONARY
  5
1655
330
FB
100
AcDbDictionary
280
     1
281
     1
  3
ACAD_XREC_ROUNDTRIP
360
1656
  0
DICTIONARY
  5
165D
330
FF
100
AcDbDictionary
280
     1
281
     1
  3
ACAD_XREC_ROUNDTRIP
360
165E
  0
DICTIONARY
  5
164F
330
F8
100
AcDbDictionary
280
     1
281
     1
  3
ACAD_XREC_ROUNDTRIP
360
1650
  0
DICTIONARY
  5
1653
330
FA
100
AcDbDictionary
280
     1
281
     1
  3
ACAD_XREC_ROUNDTRIP
360
1654
  0
DICTIONARY
  5
1663
330
1E6
100
AcDbDictionary
280
     1
281
     1
  3
ACAD_XREC_ROUNDTRIP
360
1664
  0
DICTIONARY
  5
165B
330
FE
100
AcDbDictionary
280
     1
281
     1
  3
ACAD_XREC_ROUNDTRIP
360
165C
  0
DICTIONARY
  5
163F
330
F0
100
AcDbDictionary
280
     1
281
     1
  3
ACAD_XREC_ROUNDTRIP
360
1640
  0
DICTIONARY
  5
1641
330
F1
100
AcDbDictionary
280
     1
281
     1
  3
ACAD_XREC_ROUNDTRIP
360
1642
  0
DICTIONARY
  5
1643
330
F2
100
AcDbDictionary
280
     1
281
     1
  3
ACAD_XREC_ROUNDTRIP
360
1644
  0
DICTIONARY
  5
1645
330
F3
100
AcDbDictionary
280
     1
281
     1
  3
ACAD_XREC_ROUNDTRIP
360
1646
  0
DICTIONARY
  5
164D
330
F7
100
AcDbDictionary
280
     1
281
     1
  3
ACAD_XREC_ROUNDTRIP
360
164E
  0
DICTIONARY
  5
165F
330
1E4
100
AcDbDictionary
280
     1
281
     1
  3
ACAD_XREC_ROUNDTRIP
360
1660
  0
DICTIONARY
  5
1659
330
FD
100
AcDbDictionary
280
     1
281
     1
  3
ACAD_XREC_ROUNDTRIP
360
165A
  0
DICTIONARY
  5
1661
330
1E5
100
AcDbDictionary
280
     1
281
     1
  3
ACAD_XREC_ROUNDTRIP
360
1662
  0
DICTIONARY
  5
1651
330
F9
100
AcDbDictionary
280
     1
281
     1
  3
ACAD_XREC_ROUNDTRIP
360
1652
  0
DICTIONARY
  5
166D
330
1F3
100
AcDbDictionary
280
     1
281
     1
  3
ACAD_XREC_ROUNDTRIP
360
166E
  0
DICTIONARY
  5
166B
330
1F2
100
AcDbDictionary
280
     1
281
     1
  3
ACAD_XREC_ROUNDTRIP
360
166C
  0
DICTIONARY
  5
1665
330
1EF
100
AcDbDictionary
280
     1
281
     1
  3
ACAD_XREC_ROUNDTRIP
360
1666
  0
DICTIONARY
  5
1667
330
1F0
100
AcDbDictionary
280
     1
281
     1
  3
ACAD_XREC_ROUNDTRIP
360
1668
  0
DICTIONARY
  5
1657
330
FC
100
AcDbDictionary
280
     1
281
     1
  3
ACAD_XREC_ROUNDTRIP
360
1658
  0
DICTIONARY
  5
164B
330
F6
100
AcDbDictionary
280
     1
281
     1
  3
ACAD_XREC_ROUNDTRIP
360
164C
  0
DICTIONARY
  5
1669
330
1F1
100
AcDbDictionary
280
     1
281
     1
  3
ACAD_XREC_ROUNDTRIP
360
166A
  0
XRECORD
  5
1672
102
{ACAD_REACTORS
330
1671
102
}
330
1671
100
AcDbXrecord
280
     1
102
DISPLAYNAME
  1
Metric50
102
FLAGS
 90
        0
  0
XRECORD
  5
11B1
102
{ACAD_REACTORS
330
1F9
102
}
330
1F9
100
AcDbXrecord
280
     1
102
MATERIAL
148
0.0
149
0.0
149
0.0
 93
        0
 94
      127
282
     0
 72
     1
 77
     1
171
     1
175
     1
179
     1
273
     0
  0
XRECORD
  5
1FA
102
{ACAD_REACTORS
330
1F9
102
}
330
1F9
100
AcDbXrecord
280
     1
 70
     1
 90
429727718
  1
D62C5603-E3A1-4AEA-B7FB-FE5D8D0755AF
310
504B03040A0000080000CC70623B3DEE336E79000000790000001B0000006175746F6465736B2D64657369676E2D7061636B6167652E786D6C3C3F786D6C2076657273696F6E3D22312E302220656E636F64696E673D227574662D3822203F3E3C666F726D6174733E3C666F726D61743E687474703A2F2F736368656D612E
310
6175746F6465736B2E636F6D2F64657369676E2D7061636B6167652F323030393C2F666F726D61743E3C2F666F726D6174733E504B0304140006080800CC70623BD486FD9CA0000000F4000000130000005B436F6E74656E745F54797065735D2E786D6C7D8EC10E82300C865F65E91D8A1E8C310C0EEA1BF002731658846E
310
D98AC1B77784ABF1D8FE5FBFBF75BBCE937A534CCEB38643598122B6FEE978D0B0485F9C41B54DDD7D022595594E1A469170414C76A4D9A4D207E29CF43ECE46F218070CC6BECC4078ACAA135ACF422C856C0E68EA1BF5669944DDD7BCDE7B1F8E415D77AECB980613C2E4AC91FC167A2B244592486606FC29C8FD7F045B9A
310
EF7053A7E60B504B0304140006080800CC70623B853B8169EB0000007C01000008000000636F72652E786D6C8D90416EC3201045AF62CDB6C206821CC7C244919D9CA01740401C94182C03558F5F9C3852BBEB6A467FFE9B197D7EFC9E1EC5975982F5AE035262288C535E5B377690E21535501C055FBC8FBF6C503839990E
310
5619041F179FE64D52DE45E362569DD7661365082642A11EB9E920A89B99642953CC8E702F67A9EE7234257977194EC9EAE275C4EABCCF5EAD5940D4AC6F0E35A568B8F43562CD7046CD199FD07E60174276A7BE677B5EADB0E0D14EEFFB6A31321A0D82627C4084204C3F096B71DD52F6819B16635EADF63F509AF53FA164
310
5DDCD1EDDD17164090FCC8732078B56691CB33A85CD7DCC40F504B0304140006080800CC70623B55019EA25F0000007C00000007000000636E782E786D6C4DCB3B0E80201045D1AD90E915ED2CF8AC45050C11660C8261F98AB1B07AC9C97D42D718D865D3E909258CFD00CCE24AC6E326A164D74DC0B4128928FF32603847
310
2BA13128B1252AC747C6BAB984FC68F0B87FE8960A5C09FE86CFB69FBA01504B0304140006080800CC70623BDBABAAF470010000D40300000C0000006662782F636F72652E786D6CC553D16E823014FD95A6AF4B694182CC941A83FA05FB810A9511A125A5257EFE2E82712ECEB8A7F100CD39F7F69E734AF9FADC366850B6
310
AF8DCE7018308C942E4C59EB2AC3DE1D498AD15A706B8CFB56869196ADCAF00863C12B6B7C374385D14E6907A836A59A41D9F7CA615434B0C8705F7CAA5606D23BA8E84F41278B93AC54100640439DE0BDB320004D43C63716C7C399D30917DCFBBA9CD9BA8469F5B156168B24CED3F7248AC8769F27244EB73B92EED8862C
310
B7F13E0C179B3C8F979C8ECD82BBBABDAA2BAC924E9558448CBD9330242CFA08E3154B5651FCC6D215639C8EE5774DBE2B5F6CF2B5768B68963BB5F5588420E442FC700B1139D4CB01F450C1E918227C2E09DF070D8140C84E1E9AAB8F1340832A9CB13130A5F1376A908D57309505ECF2A0DF179C4E9D30F5B239B87E3823
310
7A79C6F31DE1A8A5AEC08474B03C7837EAE4938639B44E5932B833D2C6B6B279CDC613877FA26EE21F4A2A4C63EC7F29A2F301D1F9F7A0E37D145F504B0304140006080800CC70623B9C113CC27E0000009D0000000B0000006662782F636E782E786D6C4DCCDF0A83201C86E15B91DFB94BFB330DD428C8FB886521330DA7
310
6397BF1A1DECE883878F57749FCDA1B7892F1BBC047A23808C7F84D9FA55424E0BE6803A256208E9EF06C84F9B91703228B1C690F78B66B34CD9A5439DF5CF0BFBF65E35BCA1B8D6A5C6F540381E886698B5741C695F9503EBA150A2F8958E3DC3EA0B504B0304140006080800CC70623B7DF2F77C2A010000120200003100
310
00006662782F41393633353835312D344632462D344230382D423046372D3739314545314133324237412F636F72652E786D6C8D51DB8EC22014FC15C2939B0D2DB4B45643319AE817EC0F6041255A68B86CFCFC856D4D76DF7CE190393373060EDB3DC707F856CE6B6B7A480A0C81328395DA5C7B18C3057510EC3873D686
310
3F34088C18550F330C39BB3A1BA7051AAC09CA84841A2BD5020AEF55806078A44B0FFD7053A328440C89E1EFC52486BBB8AA8214A99D789CF9E05200300FC927E4FB4D5B375D43103D5527440FB843077C5AA3F5861C8F645F5787F59E95B390B318B55CE45AA638FAA2957BD7248B390B7A7CC51F9C124149C82B8C378810
310
84AB2F42B7B8DD56F413775B8C5999E9FF4471926F8AA236A1AE96B8B3CC434E5839373893369E1FAF30EA395917409EB7F26AF8801C171837A4A6AC9C89E9F9C9B1A58BA30FD6A5EF5DDDCF894B9AD9B6A59C957943A9FCAE2FD5BC4DFE03504B0304140006080800CC70623BAD7543B64E01000033030000300000006662
310
782F41393633353835312D344632462D344230382D423046372D3739314545314133324237412F636E782E786D6CD593CD6EC32010845F0571AD6CE3D48AD20813A9873E410FBD12D82434182C7EAAE6EDBB2424CD25871E7B41D6EC30B3FA84F9E67BB2E40B4234DE8DB46F1925E094D7C6ED479AD3AE5951B2113C789FEE
310
6C943839C1488B4C05DF079FE72A69D8C96C13AAD6B8631503449F83828872B949AC57D26200B826A308D316B4064D6E46FCDA41C05550DC9E483A00797BFD207EFB092A45DE9514C1BBD22178396BD39D891265658C238DEA00936C654E5E433CB65A26D9F6EDB5EBC14EBF49A45CB856E66048291F6939A9A81BB5C89177
310
38143CA680F4AA299D66A042CEB3354A2684DC9D8D178FE0D9B8B41CAAD720F880EE7EF93C0C18769E099ECC04D5A102C8049A8A05632F4DDF376CF1DE0F6BB65C2F8627B65A33C6BB62177CEBBDAD973006829F89F22E814B54F4BC2BE347F8AA8F681390B50FA73F804400B5F542E796F19FF974E7F78DB802FE05E20750
310
4B0304140006080800CC70623BE75B7789680500003C100000340000006662782F41393633353835312D344632462D344230382D423046372D3739314545314133324237412F6F626A656374732E786D6CAD575B8F9B3818FD2B887D06C22499CB8AA1CA655245D5B455A356FB305264C061D8018C6C3393D95FBFC7600890
310
A4CD5EF210B0B1BFEBF98E3F7B1FF6596ABC522E1296DF9BAE3D320D9A872C4AF2F8DE2CE5CEBA358D0FBEC719939D65A691938CDE9B6ADAF4BD98B3B2D05311DD91329583D9D5FC0F438434A7A611A644887B5384CF34233629258BA878B12322891DEFF6B66BD70BFB62634E8AE781D082709A4B588AF91C528CDA28B73F
310
1C998EEF39EABBEFA97FBD6A7C7E9553F9D3D79FE442923C3C523610337627CB87ABE99D359D4CC6D6E4FACAB5E6ABF9D2726FC6A3C5F56271377BB88362213924694B38DD99FE47C48627A1E7D49F5A8BB5E1A74C0A599ED3B0F21F1E56366B89112D681E218F0915D0D6F17AD41FBA2A369DCF6335D62ABBD39779D5DDD1
310
11D4D8DE3CBB96B2E04FB8202E41051754A1AA8E8F76B4C6DFE810B580B1547F4B84911149794252234D024EF8BBE963A95AE27B3D310A9D5C215C7960FAEE415ED75694C6AFB17BCACA5D99A60A9AA65F217B0BFC53292ACB92BF283FAD0D3621576592CB5BED907C2FA8E9DF794E35E97BEA31BED21FEB401ABB94C44839
310
DCACBF0E1C5DA8DA5B2F4DFFD32AD86F543D9E565E7056502E157C00AD2671CD534549AB752FCA9CDA00677A313F04E51B22FF19E57B300579E3C97EB29F682D92935CEC18CF901B7B54FD8C51F362B56FC72FE0B3C1EAE335EDCCBF5AEC39ADB17DC238973F804BA5E6F6BFE7AF1FB32E523BE9F3BD571418E3631DCA4D48
310
5250CF639223210A9446CA30052EDF057BD35F8329C1ECD84552BF0DC8D18BE7BCE23BFE6BD960AB4A7DE79923A103BEBD80F911CBAA2C60DB19B01CF164A5583B772EE6D3FFA56666CBCDA74DC97724A48F9A58967497E489C4D979006FD7A05E227A1EBDD0F737C623387A9C844D3709995625106D157315F8B8392CD4E0
310
A0B9A720C4BE9829CEF37EA1E13111214D53925356365ADA634861B52519DD27A00AEB808EAF0628E6F435519D446F45CF2C9CF5214F0A15B2F6D06B79DA3EE3CBF7F56780D2F4E7EF73A0F5E5B02A38D07DC852C6B7C1FBB6664213E0C39E3EBA7FF4E1AD23EA2829407C85E586727488B751B2DB9502BC7B228A3FD68B6E
310
A65A22397E690AA8D158D7E404EC8CDA235CC3B7D1898680131CEC2CDF2638C65196279577750F15884AEE19F94199155B92B13297978469D4F8D358DF0AEF7631E28DC8F0D9F437D5D39A83B2231A1D52D543813A824EF8D44BCFF2FA6A31BD1E8DAD87F1CCB526B3879935BF59CDADD5C37479BB1CDD4CA7B3556B516589
310
EF352754B706114D9C885EC9131DE6EFEB43D99AFE2391C2F958179413D7CFEF6B1B6DB1E7600F00DE6E5C67454A339A4BA2E0FBA85ED26F045D454F463DBFCE484C2F90F2E5E3666003662ED8F755951A7D1BECD5B30B550B2785C8E7320B7292A4838DDA71BBC863ED7613CAF659337A3354231D4FF4A182A54904C2898C
310
98B28C4AD0CE056CCF332A80986E571EE9DBC305BB5FEB7E509220A58D25CF042D712A806AC0AD0C657FDEF80D2D9CEAA2EE4D1C76F60BFE74219A06527D6F82DF6412526107381E55E353090704D085B52408A8913C4ED159D79BDA71BB4BC506F4831350EB6F975CD22D69BF7AC49B91A2C0A9DDA3D5CA36AD20FC478E37
310
E61844E2352865EBCB61A275A65283CAAA9DD27703B4102F5AF51EF5F573B75CBB5AD38BC845F7A49F82A0966A49C2E3EA5EA0ECD326CD965F1DB402C6FA8B51A4658C5C5E2EC9E214602E55810345408596591009A82E7E7FFACA19EEA299B14A0081A705CB3296EBC14CDF658DCD336EA6D1136881AAEB87B81AB9EE53D5
310
F5EB8BC8362082DA24122F98680A4E7930C01A0079749CEA14382A0783E5EBA5A10F8C098456A03D6A4AEB6BB881E2513747552A5DB22C7EDAF83BD5528081A365F7FF06504B0304140006080000CC70623B000000000000000000000000350000006662782F41393633353835312D344632462D344230382D423046372D37
310
39314545314133324237412F76657274696365732E62696E504B0304140006080800CC70623BF270F1330600000004000000360000006662782F41393633353835312D344632462D344230382D423046372D3739314545314133324237412F747269616E676C65732E62696E636660600000504B0304140006080000CC7062
310
3B000000000000000000000000370000006662782F41393633353835312D344632462D344230382D423046372D3739314545314133324237412F617474726962757465732E62696E504B0304140006080800CC70623B08DA0BD19000000041010000360000006662782F41393633353835312D344632462D344230382D4230
310
46372D3739314545314133324237412F6469726563746F72792E786D6C858F410AC3201045AF22B36F53E9A60B35CBEEBAE80D244E44489C6234F4F835464A48035D0DF398FF9F8AF63D0E6CC63039F212F8F9020C7D47C6792B21C5FE7403D62A1188E2E60C98D7234A5830286103A55745067B9D86B8A3CF9C7F90C11DE6
310
07FB144396D7B6A82D282E9A152AD114D5EF2CB866EEE831B8EEA07A7BB5A8D7D61A2BAAEB7FD5F70921FF497D00504B0304140006080800CC70623BEDD1DC58FD000000A00100003B0000006662782F41393633353835312D344632462D344230382D423046372D3739314545314133324237412F7265736F75726365732F
310
636F72652E786D6C8D504B6E833010BD0A9A6D65B00922041947112427E8052C33A156828DFCA97AFC9A40A576D7CDCCE87D344F8F9FBFE667F689CE6B6B3A6039850C8DB2A336530731DC4903D95970676DF82583CCC8193B5861107C72362E3BA4AC096842428D1D7107A5F7182053CF7474E0D507CE32973124857FE48B
310
540F3961CEF244279DE03EB81420DB9EAC1384436FA353E879B1B182C7A8C75DA3C7F453DF353A1075D537A7BA6464B8F535A99AE14A9A2BBD90E350DD183B5CFABE3AF262350B1EF4FC9351399401471025A527C218A1E53BAB5A5AB765F5469B96525EACF23FA6B88CFF34456DC2A1DCE36E360F82A5202F42F062ED2BAD
310
579969AFDD8A6F504B010214000A0000080000CC70623B3DEE336E79000000790000001B00000000000000000000000000000000006175746F6465736B2D64657369676E2D7061636B6167652E786D6C504B01021400140006080800CC70623BD486FD9CA0000000F40000001300000000000000000000000000B20000005B
310
436F6E74656E745F54797065735D2E786D6C504B01021400140006080800CC70623B853B8169EB0000007C010000080000000000000000000000000083010000636F72652E786D6C504B01021400140006080800CC70623B55019EA25F0000007C000000070000000000000000000000000094020000636E782E786D6C504B
310
01021400140006080800CC70623BDBABAAF470010000D40300000C00000000000000000000000000180300006662782F636F72652E786D6C504B01021400140006080800CC70623B9C113CC27E0000009D0000000B00000000000000000000000000B20400006662782F636E782E786D6C504B01021400140006080800CC70
310
623B7DF2F77C2A010000120200003100000000000000000000000000590500006662782F41393633353835312D344632462D344230382D423046372D3739314545314133324237412F636F72652E786D6C504B01021400140006080800CC70623BAD7543B64E010000330300003000000000000000000000000000D2060000
310
6662782F41393633353835312D344632462D344230382D423046372D3739314545314133324237412F636E782E786D6C504B01021400140006080800CC70623BE75B7789680500003C10000034000000000000000000000000006E0800006662782F41393633353835312D344632462D344230382D423046372D3739314545
310
314133324237412F6F626A656374732E786D6C504B01021400140006080000CC70623B0000000000000000000000003500000000000000000000000000280E00006662782F41393633353835312D344632462D344230382D423046372D3739314545314133324237412F76657274696365732E62696E504B01021400140006
310
080800CC70623BF270F133060000000400000036000000000000000000000000007B0E00006662782F41393633353835312D344632462D344230382D423046372D3739314545314133324237412F747269616E676C65732E62696E504B01021400140006080000CC70623B0000000000000000000000003700000000000000
310
000000000000D50E00006662782F41393633353835312D344632462D344230382D423046372D3739314545314133324237412F617474726962757465732E62696E504B01021400140006080800CC70623B08DA0BD1900000004101000036000000000000000000000000002A0F00006662782F41393633353835312D344632
310
462D344230382D423046372D3739314545314133324237412F6469726563746F72792E786D6C504B01021400140006080800CC70623BEDD1DC58FD000000A00100003B000000000000000000000000000E1000006662782F41393633353835312D344632462D344230382D423046372D3739314545314133324237412F7265
310
736F75726365732F636F72652E786D6C504B0506000000000E000E0080040000641100000000
  0
XRECORD
  5
11B0
102
{ACAD_REACTORS
330
1F7
102
}
330
1F7
100
AcDbXrecord
280
     1
102
MATERIAL
148
0.0
149
0.0
149
0.0
 93
        0
 94
      127
282
     0
 72
     1
 77
     1
171
     1
175
     1
179
     1
273
     0
  0
XRECORD
  5
1F8
102
{ACAD_REACTORS
330
1F7
102
}
330
1F7
100
AcDbXrecord
280
     1
 70
     1
 90
429727718
  1
30362254-06B7-45E0-A893-8CFA70E3D6BC
310
504B03040A0000080000CC70623B3DEE336E79000000790000001B0000006175746F6465736B2D64657369676E2D7061636B6167652E786D6C3C3F786D6C2076657273696F6E3D22312E302220656E636F64696E673D227574662D3822203F3E3C666F726D6174733E3C666F726D61743E687474703A2F2F736368656D612E
310
6175746F6465736B2E636F6D2F64657369676E2D7061636B6167652F323030393C2F666F726D61743E3C2F666F726D6174733E504B0304140006080800CC70623BD486FD9CA0000000F4000000130000005B436F6E74656E745F54797065735D2E786D6C7D8EC10E82300C865F65E91D8A1E8C310C0EEA1BF002731658846E
310
D98AC1B77784ABF1D8FE5FBFBF75BBCE937A534CCEB38643598122B6FEE978D0B0485F9C41B54DDD7D022595594E1A469170414C76A4D9A4D207E29CF43ECE46F218070CC6BECC4078ACAA135ACF422C856C0E68EA1BF5669944DDD7BCDE7B1F8E415D77AECB980613C2E4AC91FC167A2B244592486606FC29C8FD7F045B9A
310
EF7053A7E60B504B0304140006080800CC70623B1EC5D7A3EB0000007C01000008000000636F72652E786D6C8D90416EC3201045AF82665B6103C6756C6122AB4D4ED00B204C5C94182C03558F5F9C3852BBEB6A467FFE9B197D71FC9E6FE8CBACC17AD7032D0820E3B41FAD9B7A48F1820F808E52ACDEC75F36404ECDA687
310
4D0629A6D5A76597B477D1B89855E747B38B2A041301E95B6E7A08FAD3CCAA50296647B8168BD2573599823EBB0CA76447F43862C7BCCF5EAC59410E4DDD9C7973C2755553CCCFA4C603E3040F1565ED3B1FDE4E432BCA0D9622DAF9795FAF464533826484B498524CD807E51D79ED187F21878E10516EF63F505AC67F42C9
310
BA58B1FDDD071640D2FCC87D2045B96591CB3DA85CB7DCE40F504B0304140006080800CC70623B55019EA25F0000007C00000007000000636E782E786D6C4DCB3B0E80201045D1AD90E915ED2CF8AC45050C11660C8261F98AB1B07AC9C97D42D718D865D3E909258CFD00CCE24AC6E326A164D74DC0B4128928FF32603847
310
2BA13128B1252AC747C6BAB984FC68F0B87FE8960A5C09FE86CFB69FBA01504B0304140006080800CC70623B8C9102E971010000D40300000C0000006662782F636F72652E786D6CC5535B6E833010BC8AE5DF0A6C08340F1947A84D4ED00B38C6A128602363A31CBFCB234A53A551FA553EC09AD9F5CE8C31DB9E9B1AF5CA
310
7695D1198E428A91D2D214952E33ECDD315861B4E5CC1AE3BE9561A445A3323CC098B3D21ADFCE9034DA29ED00D5A6503328BA4E398C640D8B0C77F253352214DE4145770A5B214FA2546114020D759C75CE8200340D19DE981F0F6746269C33EFAB6266AB02A655C74A59CCF365BADC27CB5D902ED22848F6340DF238A141
310
BE88E2F57B92BFEDF23523433367AE6A2EEAA455C2A902F398D2751045018D3FA264435F3771F242571B4A1919CA6F9A7C5B3CD9E42BED16F12C776AEB308F40C848FC700B1139D4891EF410CEC810227CC6846F8386402064270EF5C5C709A05E49676C024C61FC95EA45ED154CA5211D1FF4FB8291A913A68E9B83EBBB33
310
E2A7673CDE118E5AE8124C0807CB8377834E366998436B950D7A7746DAD846D4CFD978E0F04FD455FC5D49D2D4C6FE9722321F10997F0F32DC47FE05504B0304140006080800CC70623BFFEA85907E0000009D0000000B0000006662782F636E782E786D6C4DCCD10A83201886E15B91FFDC95D95A811AB6F23E625948A6C3
310
E9D8E5AF46073BFAE0E1E365ED67B3E8ADC3CB78C7815C7240DA3DFC64DCC221C519D7805AC182F7F1EF06C88D9BE6703008B6049F9E274D7A1E938DBB5AE3D6131B2589BA0D3D965551E0B2EA732C9B9A624AAEB41E3A557677029960D9AFB4EF11165F504B0304140006080800CC70623B4FEEA4082C0100001202000031
310
0000006662782F39464131463745442D413632322D343644302D413938332D3331353338454246344243312F636F72652E786D6C8D515B6EC32010BC0AE2AB55850DD871ED0813254D72825EC00192A2C460F1A872FC42ED48ED5F7E00CDCECCCEB26C731F6FE05B39AFADE921293004CA082BB5B9F43086336A21D870E6AC
310
0D7F68109861543DCC30E4ECE26C9C164858139409093556AA051CBC570102714B8F1E7AF1A5C6A11862480C7F2DA6415C878B2A4891CA89C7990F2E050073937C42DE1DB7E4F87ED8A36D4329AA9B3D46DBAEAD504556557BD81DEBDD0761E52CE42C462D17B996298E3E6BE59E35C962CE821E1FF18553435012728A7187
310
0841987E927A8D9B35ADDF70BBC6989599FE4F1427F9A4286A132ABAC49D651EF234CD5CE04CDA78BA3DC2A8FB645D00B9DF8B57E215725C60BCA2A463E54C4CE327C7A65E1C7DB02E7DEFCBF594B864C5CA6CDBD49C957943E9FA5D5FBAF336F90F504B0304140006080800CC70623BAD7543B64E01000033030000300000
310
006662782F39464131463745442D413632322D343644302D413938332D3331353338454246344243312F636E782E786D6CD593CD6EC32010845F0571AD6CE3D48AD20813A9873E410FBD12D82434182C7EAAE6EDBB2424CD25871E7B41D6EC30B3FA84F9E67BB2E40B4234DE8DB46F1925E094D7C6ED479AD3AE5951B2113C
310
789FEE6C943839C1488B4C05DF079FE72A69D8C96C13AAD6B8631503449F83828872B949AC57D26200B826A308D316B4064D6E46FCDA41C05550DC9E483A00797BFD207EFB092A45DE9514C1BBD22178396BD39D891265658C238DEA00936C654E5E433CB65A26D9F6EDB5EBC14EBF49A45CB856E66048291F6939A9A81BB5
310
C8917738143CA680F4AA299D66A042CEB3354A2684DC9D8D178FE0D9B8B41CAAD720F880EE7EF93C0C18769E099ECC04D5A102C8049A8A05632F4DDF376CF1DE0F6BB65C2F8627B65A33C6BB62177CEBBDAD973006829F89F22E814B54F4BC2BE347F8AA8F681390B50FA73F804400B5F542E796F19FF974E7F78DB802FE05
310
E207504B0304140006080800CC70623B16AB87BA640500003C100000340000006662782F39464131463745442D413632322D343644302D413938332D3331353338454246344243312F6F626A656374732E786D6CAD575B6FA33818FD2B887DE6924B3BED8A326A92B68A663B534DD4D13E548A0C38942D60649B369D5FBFC7
310
600890A493BDE42160637FD7F31D7FF63E6FB3D478A55C242CBF3247B66B1A340F5994E4F19559CA8D75611A9F7D8F33263BCB4C232719BD32D5B4E97B316765A1A722BA21652A07B3B7B33F0D11D29C9A46981221AE4C113ED38CD8A4942CA2E2C58E882476BCD9DA23BB5ED8171B73523C0F841684D35CC252CCE79062D4
310
468DFA43D7747CCF51DF7D4FFDEB5593E3AB9CCA9FBEFE241792E4E19EB28198C968BAB8199F5D5A67D3E9C49A9E8F47D6EC76B6B0469F26EEFC7C3EBFBCBEB98462213924694B38DD98FE1D62C393D073EA4FADC5DAF04326852CCF6958F90F0F2B9BB5C48816348F90C7840A68EB78EDF68723159BCEE7891A6B95DDE9D3
310
BCEAEEE8086A6C6F9E5D4B59F0175C10A7A0820BAA5055C7473B5AE3CFDD452D602CD5DF12616444529E90D448938013FE6EFA58AA96F85E4F8C42275708571E98FE6827AF6B2B4AE3D7D83D64E5A64C53054DD3AF90BD06FEA9149565C94FCA0F6B834DC85599E4F2423B24DF0B6AFA979E534DFA9E7A4CC6FA631D486393
310
921829879BF5D781A373557BCB85E97FB90DB62B558F8795179C15944B051F40AB495CF35451D26A4727654E6D8033BD98EF82F21D91FF8AF2DD9982BCF1643BDD4EB516C9492E368C67C88DED563FC36D5EACF66DFF057C3658BDBFA69DF9578B3DA735B64F18C7F20770A9D45CFCF7FCF563D6456A277DBEF78A02637CA2
310
43B90A490AEAB94F72244481D24819A6C0E59B606BFA4B3025981DBB48EAB701D97BF19C577CC77F2D1B6C55A9EF3C732474C0B727303F625995056C3B02963D9EAC146BE78EC5FCEC7FA999EBC5EACBAAE41B12D27B4D2C0BBA49F244E2ECDC81B76B502F113D8F5EE8FB1BE3111CDD4FC2AA9B844CAB1288B68AB90A7CDC
310
1C166AB0D3DC5310625FCC14E779BFD0709F8890A629C9292B1B2DED31A4B0DA928CEE135085754027E3018A397D4D5427D15BD1330B677DC8934285AC3DF45A9EB68FF8F2B8FC0A509AFEECFD0FF2DE25CC6047F7214B195F07EFEB9A094D800F7BFAE8FED187B78EA8A3A400F115961BCAD1215E47C966530AF0EE8128FE
310
58CEBB996A8964FFA529A046635D9353B0336A8F700DDF46271A024E70B0B37C9DE01847591E54DED53D54202AB947E4076556AC49C6CA5C9E1226B7F1A7B1BE15DEED62C41B91E1B3E9AFAAA735036547343A925075041DF0A9979E893B391F8FCFA6967B3EFB644DCF6E5CEBFAE272625DCC6FAF3FB93793C5F90CE1EF57
310
407342756B10D1C489E8953CD1617E5CEECAD6F4EF8914CE5D5D504E5C3F1F9736DA62CFC11E00BCDDB8CC8A9466349744C1F75EBDA4DF09BA8A9E8C7A7E9991989E20E5DBDD6A6003664ED8F7A04A8DBE0DF6EAD9B9AA858342E47399053949D2C146EDB85DE4B176BB0965FBAC19BD19AA918E27FA50C1D22402E144464C
310
59462568E704B6E71915404CB72B8FF4EDE184DDAF753F284990D2C6926782963815403548A70C657FDEF80D2D9CEAA2AE4C1C76F60BFE74219A06527D6582DF6412526107381E55E353090704D085B52408D0933C4ED159D79BDA71BB4BC506F4831350EB6F979CD22D69BF7AC49B91A2C0A9DDA3D5CA36AD20FC478E37E6
310
1844E2352865EBCB6EA275A652E3836BE04EFB400BF1A2556F515F1FBB35B2AB35BD889C744FFA1004B5544B121E57F70215746DD2F5E2C1412B602CBF19455AC6C8E5E9922C4E01E65215385004546899059180EAFCF7A707CE7017CD8CDB0410789AB32C63B91E5CEBBBACB17AC6CD347A022D5075FD106377347AAABA7E
310
7D11590744509B44E205134DC1290F06580320F78E537D3D73540E06CB970B431F185308AD40BBD794D6D77003C5A36E8EAA54BA64597CD8F83BD552A080A365F7FF06504B0304140006080000CC70623B000000000000000000000000350000006662782F39464131463745442D413632322D343644302D413938332D3331
310
353338454246344243312F76657274696365732E62696E504B0304140006080800CC70623BF270F1330600000004000000360000006662782F39464131463745442D413632322D343644302D413938332D3331353338454246344243312F747269616E676C65732E62696E636660600000504B0304140006080000CC70623B
310
000000000000000000000000370000006662782F39464131463745442D413632322D343644302D413938332D3331353338454246344243312F617474726962757465732E62696E504B0304140006080800CC70623B08DA0BD19000000041010000360000006662782F39464131463745442D413632322D343644302D413938
310
332D3331353338454246344243312F6469726563746F72792E786D6C858F410AC3201045AF22B36F53E9A60B35CBEEBAE80D244E44489C6234F4F835464A48035D0DF398FF9F8AF63D0E6CC63039F212F8F9020C7D47C6792B21C5FE7403D62A1188E2E60C98D7234A5830286103A55745067B9D86B8A3CF9C7F90C11DE607
310
FB144396D7B6A82D282E9A152AD114D5EF2CB866EEE831B8EEA07A7BB5A8D7D61A2BAAEB7FD5F70921FF497D00504B0304140006080800CC70623B0D6EF93BFE000000A00100003B0000006662782F39464131463745442D413632322D343644302D413938332D3331353338454246344243312F7265736F75726365732F63
310
6F72652E786D6C8D50596E833010BD0A9ADFCA60B334011947A8694ED00B586642AC041B79A97AFC9A40A5F6AF3F33A3B7689E1E3F7DCD8FEC139DD7D6F4C0720A191A65476DA61E62B892236427C19DB5E1970C322367EC618541F0C9D9B8EC90B226A009093576C41D94DE63804C3DD2D18357379C652E63480A7FCF17A9
310
EE72C29CE5894E3AC17D702940B63D59270887DE46A7D0F36263058F518FBB468FE9A7BE6A7420864373B8D4873369AA8691FA421B3294352543C5CAF65C0F6FEF43CB8BD52C78D0F34F46E550061C419494B6843142CB0F5677F4B52BEB177AEC28E5C52AFF638ACBF84F53D42654E51E77B379102C05791282176B5F693D
310
CB4C7BED567C03504B010214000A0000080000CC70623B3DEE336E79000000790000001B00000000000000000000000000000000006175746F6465736B2D64657369676E2D7061636B6167652E786D6C504B01021400140006080800CC70623BD486FD9CA0000000F40000001300000000000000000000000000B20000005B
310
436F6E74656E745F54797065735D2E786D6C504B01021400140006080800CC70623B1EC5D7A3EB0000007C010000080000000000000000000000000083010000636F72652E786D6C504B01021400140006080800CC70623B55019EA25F0000007C000000070000000000000000000000000094020000636E782E786D6C504B
310
01021400140006080800CC70623B8C9102E971010000D40300000C00000000000000000000000000180300006662782F636F72652E786D6C504B01021400140006080800CC70623BFFEA85907E0000009D0000000B00000000000000000000000000B30400006662782F636E782E786D6C504B01021400140006080800CC70
310
623B4FEEA4082C0100001202000031000000000000000000000000005A0500006662782F39464131463745442D413632322D343644302D413938332D3331353338454246344243312F636F72652E786D6C504B01021400140006080800CC70623BAD7543B64E010000330300003000000000000000000000000000D5060000
310
6662782F39464131463745442D413632322D343644302D413938332D3331353338454246344243312F636E782E786D6C504B01021400140006080800CC70623B16AB87BA640500003C1000003400000000000000000000000000710800006662782F39464131463745442D413632322D343644302D413938332D3331353338
310
454246344243312F6F626A656374732E786D6C504B01021400140006080000CC70623B0000000000000000000000003500000000000000000000000000270E00006662782F39464131463745442D413632322D343644302D413938332D3331353338454246344243312F76657274696365732E62696E504B01021400140006
310
080800CC70623BF270F133060000000400000036000000000000000000000000007A0E00006662782F39464131463745442D413632322D343644302D413938332D3331353338454246344243312F747269616E676C65732E62696E504B01021400140006080000CC70623B0000000000000000000000003700000000000000
310
000000000000D40E00006662782F39464131463745442D413632322D343644302D413938332D3331353338454246344243312F617474726962757465732E62696E504B01021400140006080800CC70623B08DA0BD190000000410100003600000000000000000000000000290F00006662782F39464131463745442D413632
310
322D343644302D413938332D3331353338454246344243312F6469726563746F72792E786D6C504B01021400140006080800CC70623B0D6EF93BFE000000A00100003B000000000000000000000000000D1000006662782F39464131463745442D413632322D343644302D413938332D3331353338454246344243312F7265
310
736F75726365732F636F72652E786D6C504B0506000000000E000E0080040000641100000000
  0
XRECORD
  5
11B2
102
{ACAD_REACTORS
330
173
102
}
330
173
100
AcDbXrecord
280
     1
102
MATERIAL
148
0.0
149
0.0
149
0.0
 93
        0
 94
      127
282
     0
 72
     1
 77
     1
171
     1
175
     1
179
     1
273
     0
  0
XRECORD
  5
175
102
{ACAD_REACTORS
330
173
102
}
330
173
100
AcDbXrecord
280
     1
270
     1
271
     1
  0
XRECORD
  5
174
102
{ACAD_REACTORS
330
173
102
}
330
173
100
AcDbXrecord
280
     1
270
     1
271
     1
  0
XRECORD
  5
1FB
102
{ACAD_REACTORS
330
173
102
}
330
173
100
AcDbXrecord
280
     1
 70
     0
 90
1673772943
  1
ECE7A1D2-D628-4531-984C-D00F80459256
310
504B03040A0000080000CC70623B3DEE336E79000000790000001B0000006175746F6465736B2D64657369676E2D7061636B6167652E786D6C3C3F786D6C2076657273696F6E3D22312E302220656E636F64696E673D227574662D3822203F3E3C666F726D6174733E3C666F726D61743E687474703A2F2F736368656D612E
310
6175746F6465736B2E636F6D2F64657369676E2D7061636B6167652F323030393C2F666F726D61743E3C2F666F726D6174733E504B0304140006080800CC70623BD486FD9CA0000000F4000000130000005B436F6E74656E745F54797065735D2E786D6C7D8EC10E82300C865F65E91D8A1E8C310C0EEA1BF002731658846E
310
D98AC1B77784ABF1D8FE5FBFBF75BBCE937A534CCEB38643598122B6FEE978D0B0485F9C41B54DDD7D022595594E1A469170414C76A4D9A4D207E29CF43ECE46F218070CC6BECC4078ACAA135ACF422C856C0E68EA1BF5669944DDD7BCDE7B1F8E415D77AECB980613C2E4AC91FC167A2B244592486606FC29C8FD7F045B9A
310
EF7053A7E60B504B0304140006080800CC70623BD9DDAED0EC0000007C01000008000000636F72652E786D6C8D90416EC3201045AF82665B61836D9CD8C2444DD39CA01740405C94182C03558F5F9C3852BBEB6A467FFE9B197D7EF89E6EE8CB2CC17A37002D0820E394D7D68D03A478C17B4007C117EFE32F1B20272733C0
310
2A83E0E3E2D3BC49CABB685CCCAAF3DA6CA20CC14440EA969B0182FA34932C648AD911AEC52CD5558EA6A0CF2EC329598D1E47ACCEFBECC59A050463A7EA5833865FEBDD0E37353BE3EE8DBDE3F6786A48D375FBF6CC78B9C282473B3DEFABC5C86834888A900E538A49F5419B9EB47DD5BC907D4F082F57FB1F28CDFA9F50
310
B22ED6D5F6EE030B20687EE43E10BC5CB3C8E51E54AE6B6EE207504B0304140006080800CC70623B55019EA25F0000007C00000007000000636E782E786D6C4DCB3B0E80201045D1AD90E915ED2CF8AC45050C11660C8261F98AB1B07AC9C97D42D718D865D3E909258CFD00CCE24AC6E326A164D74DC0B4128928FF326038
310
472BA13128B1252AC747C6BAB984FC68F0B87FE8960A5C09FE86CFB69FBA01504B0304140006080800CC70623BA24EB22D72010000D40300000C0000006662782F636F72652E786D6CC5535B6E833010BC8AE5DF0A6C5E49888CA3A6694ED00B38E05014B091B1518EDFE511A5A9D228FD2A1F60CDEC7A67C6986DCE4D8D7A
310
69BA4AAB0C073EC548AA5C17952A33ECECD15B61B4E1CC686DBF9561A44423333CC098B3D268D7CE50AE9595CA02AA74216750749DB418E5352C32DCE59FB211BE70162ABA93DF8AFC244AE9073ED050C759670D0840D390E18DF9F1706664C23973AE2A66B62A605A75ACA4C13C4976E1364A12EF355A2EBD384AF65EFA96
310
BC7B8BED2EA6719AAE16FB8491A199335B351775B991C2CA02F390D2D40B028F861F41BCA68B7518BFD0D59A524686F29B26D7164F36B94AD9289CE54E6D1DE6010819891F6E21228B3AD1831EC219194284CF98F06DD01008846CC5A1BEF83801D4CBDC6A1303536877A57A513B0953A94FC707FDBE6064EA84A9E3E6E0FA
310
EE8CF0E9198F7784A316AA0413C2C2F2E0ECA0934D1AE6D05A69BCDE9E91D2A611F573361E38FC1375157F5752AE6B6DFE4B11990F88CCBF0719EE23FF02504B0304140006080800CC70623B408A7D3B7C0000009D0000000B0000006662782F636E782E786D6C4DCCD10A83201886E15B91FFDC552A92A0064DBC8F581632
310
D3703A76F9ABD1C18E3E78F878E5F0D9027ABBFCF2292AE86E2D20171F69F6715550CB827B40839639A5F2770314A7CD293819B45C73AAFB45B35BA61ACAA1C1C7E7855C58C15BC331339661262CC762340413D68D77DA5B42298546CBE6573AF60CEB2F504B0304140006080800CC70623B449FB9BD290100001202000031
310
0000006662782F36394639363044362D344446342D343946362D394244322D3234314243333846323333332F636F72652E786D6C8D515B6EC32010BC0AE22B55850D98B871848994463E412FE002495162B07854397EA176A4F62F3F2C9A9D991D587EB84F37F0AD7D30CEF6905418026DA553C65E7A98E219ED203808EE9D
310
8B7F6810D871D23D2C3014FCE25D9A57483A1BB58D19B54EE9151C43D0110279CB971E06F9A5A7B11A53CC8C70ADE6515EC78BAE4895DB992778883E0700CB907242D17643D7E2538BD869608875438BBAE38922CAC8F1BDD90DB4691A5E2F42C153326A951B95E398B3D1FE599322163C9AE9115F7A3D46ADA0A018778810
310
84E907617BDCEE297BC5BB3DC6BC2EF47FA234AB2745C9D8D8D035EE220B50105E2F0DC1954B9FB747187D9F9D8FA0CCDB042D5FA0C015C65B42DF78BD10F3F3B363CB56C7109DCFDFBBB97E662ED92EB62D13BC2E1BCAE5777DB9966D8A1F504B0304140006080800CC70623BAD7543B64E01000033030000300000006662
310
782F36394639363044362D344446342D343946362D394244322D3234314243333846323333332F636E782E786D6CD593CD6EC32010845F0571AD6CE3D48AD20813A9873E410FBD12D82434182C7EAAE6EDBB2424CD25871E7B41D6EC30B3FA84F9E67BB2E40B4234DE8DB46F1925E094D7C6ED479AD3AE5951B2113C789FEE
310
6C943839C1488B4C05DF079FE72A69D8C96C13AAD6B8631503449F83828872B949AC57D26200B826A308D316B4064D6E46FCDA41C05550DC9E483A00797BFD207EFB092A45DE9514C1BBD22178396BD39D891265658C238DEA00936C654E5E433CB65A26D9F6EDB5EBC14EBF49A45CB856E66048291F6939A9A81BB5C89177
310
38143CA680F4AA299D66A042CEB3354A2684DC9D8D178FE0D9B8B41CAAD720F880EE7EF93C0C18769E099ECC04D5A102C8049A8A05632F4DDF376CF1DE0F6BB65C2F8627B65A33C6BB62177CEBBDAD973006829F89F22E814B54F4BC2BE347F8AA8F681390B50FA73F804400B5F542E796F19FF974E7F78DB802FE05E20750
310
4B0304140006080800CC70623B8D05915C650500003B100000340000006662782F36394639363044362D344446342D343946362D394244322D3234314243333846323333332F6F626A656374732E786D6CAD575B6FA33814FE2B887D06429276DA1565D4266D158D3A339A6846FB502932E050B66023DB74D2FDF5FB190C01
310
9276B2973C046C8ECFF53B17071F77456EBD502133CEAE6CDF9DD81665314F32965ED995DA3A17B6F5310C04E7AA47665B8C14F4CAD6DB7618A48257A5D94AE89654B91AEDDEDDFC61C998326A5B714EA4BCB265FC440BE2924AF184CA6737218AB8E976E7FA6E4338649B0A523E8D98964450A6A029F619B8588D52FE7039
310
B1BD30F0F4F730D0FF866AF6369557DB33949F31A9088B0F848DD8CCFCF9F2767A76E99CCDE733677E3EF59D9BBB9BA5E37F984D16E78BC5E5F5ED25044B25C0C96822E8D60EEFE11B91C581D77CEA34368A1F5329E68CD1B8B61F16D63A1B8E092D294B10C78C4A48EB593D192E7DED9BDEE7995E1B91FDEDD3ACEA9FE831
310
6A756F9F7D4D79F4274C90A7A04248AA51D5F8C718DAE06FB2F75AC4796EBE65D22A88A22223B995679120E2D50E41AA49C260C046A35368846B0BECD0DFF3EBEB8AD4F835768F69B9ADF25C43D30E6B646F807FAA64AD59F61715C7A54127C4AACA98BA3006A9D792DAE165E0D59B61A01FB3A9F9D838D2DAE62445C86166
310
F37564E842E7DE6A69879FEEA2DD5AE7E371E1A5E025154AC307D06A03D73EB5978C58FFA4C8E9033066E0F3BD53BEC1F39F91BE7B55103791EDE6BBB991A2046172CB4581D8B893FA674DDA17A77B3B7C413D1B511FD2743BFF8A38F03A658705E3ADF8015C3A3417FF3D7E439FF591DA0B5F18BC20C1B8981957AE6392A3
310
F43C640C01D1A0B4728E2DD4F26DB4B3C3152A252A3B4E913CEC1C72F012782FF88EFF8637AA552DBEF76408E8A8DE9E50F9E1CB3A2DA0DB1B6039A893B56063DC5B3E3FFB5F72E67AB9FEB4AEC496C4F4C1149625DD662C53E89D7BF0F6151A046260D1337DFDC94502430F83B0EE07A130A224BCAD7DAE1D9FB6CD422FF6
310
920702629C4BB9AE79C12F243C6432A6794E18E5552BA56B431AAB5D91317302B2B071E86C3A42B1A02F999E24061403B5D0EB639195DA655DD3EBEAB4FB862DDF579F014AD0E73C22F99E28DA57FB98E75C6CA2D74D53086D600F4786E0FE3144B771A8A7B900F03594DB8A633CBC49B2EDB69228BB479CF863B5E807AAAB
310
23872F6DFEB4129B949CA33823F58830E86D65621E10047D9DB34D862E8EAC3C2ABC2F7B2C40D67CDFE01F5545B92105AF983AC54D93D69E56FB8E797F88913F898A9FEC705D3F9D1B54EC8426FB500D40A03BD0119B06E1B95DDC7EB8F6975367793EBD70E66733DFB9BC982F9CE564727731999F5D4ECFCE3B8D6A4DC2A0
310
6D50FD148437D110834A64C6CDDF57FBACB5C307A2A477DFE4939736CFEF2B175371E0E10CF0DD1D5C15654E0BCA14D1E87DD02FF93782A162C0A3D95F1524A52770F972BF1EE9809D13CE7DD599467F8ECE9ADD85CE85A34CD45355448C64F9E8A031DC2D596ACC6E5DD93D9B82DE2EF5CAF81363A8E47996A0DE24564A79
310
4115AACE09C55E14540231FDA13C319787134EBF34E3A022514E5B4D9E0826E25C02D5805B15ABE1BEF51B26383D445DD9E875EE33FE4C22DA16427D65A3BCA92CA6D28DD01DF5DC53330704308475351050232CCD31583787BA75774AFB06E5070DD0C8EF484E19968C5D83BA5B90B244D31E54D55A372320FE4786B7EA58
310
44E135AA5467CB7EA333A61683CC6A8C3257034C10CF46F40EF9F5BE59BE5BD30C3C72D235E95D10345C1D45445A5F0BB47E46A5EBE5570F9380B5FA629579952296A773720405982B9DE04011506178964401AA8BDF1FBF0A8EAB6861DD6580C0E38217056766716DAEB2D6FA0917D3E4116581EADB879C4E7CFFB11EFACD
310
3D641311495D92C8676CB409A72D18610D803CE8A626049E8EC1887CB5B44CC39883690DDA8399B4B9855B481E7D71D4A9D22F96E5BB73BF5793020C02137BF837504B0304140006080000CC70623B000000000000000000000000350000006662782F36394639363044362D344446342D343946362D394244322D32343142
310
43333846323333332F76657274696365732E62696E504B0304140006080800CC70623BF270F1330600000004000000360000006662782F36394639363044362D344446342D343946362D394244322D3234314243333846323333332F747269616E676C65732E62696E636660600000504B0304140006080000CC70623B0000
310
00000000000000000000370000006662782F36394639363044362D344446342D343946362D394244322D3234314243333846323333332F617474726962757465732E62696E504B0304140006080800CC70623B08DA0BD19000000041010000360000006662782F36394639363044362D344446342D343946362D394244322D
310
3234314243333846323333332F6469726563746F72792E786D6C858F410AC3201045AF22B36F53E9A60B35CBEEBAE80D244E44489C6234F4F835464A48035D0DF398FF9F8AF63D0E6CC63039F212F8F9020C7D47C6792B21C5FE7403D62A1188E2E60C98D7234A5830286103A55745067B9D86B8A3CF9C7F90C11DE607FB14
310
4396D7B6A82D282E9A152AD114D5EF2CB866EEE831B8EEA07A7BB5A8D7D61A2BAAEB7FD5F70921FF497D00504B0304140006080800CC70623BCA768048FE000000A00100003B0000006662782F36394639363044362D344446342D343946362D394244322D3234314243333846323333332F7265736F75726365732F636F72
310
652E786D6C8D50596E833010BD0A9ADFCA60D600328E9AA639412F609909B1126CE4A5EAF16B0295DABFFECC8CDEA2797AECF8353F924FB44E193D409E5248504B332A3D0D10FC95B4901C39B3C6F85F3248B49871801506CE266BC2B243D2688FDA47549B11775038871E12F988C7004EDE7016A9083E2ADC3D5D84BC8B09
310
D33C8D74D471E6BC8D0192EDC93A815B742658898E651BCB59086ADC356A8C3FD555A1055ED7E7E254D615792D0F075295F585746FF53B694EE78A565DD736979A65AB9933AFE69F8CD2A2F038022F28ED489E135A7CE4554F9BBEA85E68DB53CAB255FEC71496F19FA6A0B42F8B3DEE6673C0F318E4497096AD7DC5F52C33
310
EEB55BFE0D504B010214000A0000080000CC70623B3DEE336E79000000790000001B00000000000000000000000000000000006175746F6465736B2D64657369676E2D7061636B6167652E786D6C504B01021400140006080800CC70623BD486FD9CA0000000F40000001300000000000000000000000000B20000005B436F
310
6E74656E745F54797065735D2E786D6C504B01021400140006080800CC70623BD9DDAED0EC0000007C010000080000000000000000000000000083010000636F72652E786D6C504B01021400140006080800CC70623B55019EA25F0000007C000000070000000000000000000000000095020000636E782E786D6C504B0102
310
1400140006080800CC70623BA24EB22D72010000D40300000C00000000000000000000000000190300006662782F636F72652E786D6C504B01021400140006080800CC70623B408A7D3B7C0000009D0000000B00000000000000000000000000B50400006662782F636E782E786D6C504B01021400140006080800CC70623B
310
449FB9BD290100001202000031000000000000000000000000005A0500006662782F36394639363044362D344446342D343946362D394244322D3234314243333846323333332F636F72652E786D6C504B01021400140006080800CC70623BAD7543B64E010000330300003000000000000000000000000000D20600006662
310
782F36394639363044362D344446342D343946362D394244322D3234314243333846323333332F636E782E786D6C504B01021400140006080800CC70623B8D05915C650500003B10000034000000000000000000000000006E0800006662782F36394639363044362D344446342D343946362D394244322D32343142433338
310
46323333332F6F626A656374732E786D6C504B01021400140006080000CC70623B0000000000000000000000003500000000000000000000000000250E00006662782F36394639363044362D344446342D343946362D394244322D3234314243333846323333332F76657274696365732E62696E504B010214001400060808
310
00CC70623BF270F13306000000040000003600000000000000000000000000780E00006662782F36394639363044362D344446342D343946362D394244322D3234314243333846323333332F747269616E676C65732E62696E504B01021400140006080000CC70623B00000000000000000000000037000000000000000000
310
00000000D20E00006662782F36394639363044362D344446342D343946362D394244322D3234314243333846323333332F617474726962757465732E62696E504B01021400140006080800CC70623B08DA0BD190000000410100003600000000000000000000000000270F00006662782F36394639363044362D344446342D
310
343946362D394244322D3234314243333846323333332F6469726563746F72792E786D6C504B01021400140006080800CC70623BCA768048FE000000A00100003B000000000000000000000000000B1000006662782F36394639363044362D344446342D343946362D394244322D3234314243333846323333332F7265736F
310
75726365732F636F72652E786D6C504B0506000000000E000E0080040000621100000000
  0
XRECORD
  5
176
102
{ACAD_REACTORS
330
173
102
}
330
173
100
AcDbXrecord
280
     1
270
     1
271
     1
  0
XRECORD
  5
177
102
{ACAD_REACTORS
330
173
102
}
330
173
100
AcDbXrecord
280
     1
270
     1
271
     1
  0
XRECORD
  5
1670
102
{ACAD_REACTORS
330
166F
102
}
330
166F
100
AcDbXrecord
280
     1
102
DISPLAYNAME
  1
Metric50
102
FLAGS
 90
        0
  0
CELLSTYLEMAP
  5
163C
102
{ACAD_REACTORS
330
162
102
}
330
162
100
AcDbCellStyleMap
 90
        3
300
CELLSTYLE
  1
TABLEFORMAT_BEGIN
 90
        5
170
     1
 91
        0
 92
    32768
 62
   257
 93
        1
300
CONTENTFORMAT
  1
CONTENTFORMAT_BEGIN
 90
        0
 91
        0
 92
      512
 93
        0
300

 40
0.0
140
1.0
 94
        5
 62
     0
340
11
144
6.0
309
CONTENTFORMAT_END
171
     1
301
MARGIN
  1
CELLMARGIN_BEGIN
 40
1.5
 40
1.5
 40
1.5
 40
1.5
 40
0.18
 40
0.18
309
CELLMARGIN_END
 94
        6
 95
        1
302
GRIDFORMAT
  1
GRIDFORMAT_BEGIN
 90
        0
 91
        1
 62
     0
 92
       -2
340
14
 93
        0
 40
1.125
309
GRIDFORMAT_END
 95
        2
302
GRIDFORMAT
  1
GRIDFORMAT_BEGIN
 90
        0
 91
        1
 62
     0
 92
       -2
340
14
 93
        0
 40
1.125
309
GRIDFORMAT_END
 95
        4
302
GRIDFORMAT
  1
GRIDFORMAT_BEGIN
 90
        0
 91
        1
 62
     0
 92
       -2
340
14
 93
        0
 40
1.125
309
GRIDFORMAT_END
 95
        8
302
GRIDFORMAT
  1
GRIDFORMAT_BEGIN
 90
        0
 91
        1
 62
     0
 92
       -2
340
14
 93
        0
 40
1.125
309
GRIDFORMAT_END
 95
       16
302
GRIDFORMAT
  1
GRIDFORMAT_BEGIN
 90
        0
 91
        1
 62
     0
 92
       -2
340
14
 93
        0
 40
1.125
309
GRIDFORMAT_END
 95
       32
302
GRIDFORMAT
  1
GRIDFORMAT_BEGIN
 90
        0
 91
        1
 62
     0
 92
       -2
340
14
 93
        0
 40
1.125
309
GRIDFORMAT_END
309
TABLEFORMAT_END
  1
CELLSTYLE_BEGIN
 90
        1
 91
        1
300
_TITLE
309
CELLSTYLE_END
300
CELLSTYLE
  1
TABLEFORMAT_BEGIN
 90
        5
170
     1
 91
        0
 92
        0
 62
   257
 93
        1
300
CONTENTFORMAT
  1
CONTENTFORMAT_BEGIN
 90
        0
 91
        0
 92
      512
 93
        0
300

 40
0.0
140
1.0
 94
        5
 62
     0
340
11
144
4.5
309
CONTENTFORMAT_END
171
     1
301
MARGIN
  1
CELLMARGIN_BEGIN
 40
1.5
 40
1.5
 40
1.5
 40
1.5
 40
0.18
 40
0.18
309
CELLMARGIN_END
 94
        6
 95
        1
302
GRIDFORMAT
  1
GRIDFORMAT_BEGIN
 90
        0
 91
        1
 62
     0
 92
       -2
340
14
 93
        0
 40
1.125
309
GRIDFORMAT_END
 95
        2
302
GRIDFORMAT
  1
GRIDFORMAT_BEGIN
 90
        0
 91
        1
 62
     0
 92
       -2
340
14
 93
        0
 40
1.125
309
GRIDFORMAT_END
 95
        4
302
GRIDFORMAT
  1
GRIDFORMAT_BEGIN
 90
        0
 91
        1
 62
     0
 92
       -2
340
14
 93
        0
 40
1.125
309
GRIDFORMAT_END
 95
        8
302
GRIDFORMAT
  1
GRIDFORMAT_BEGIN
 90
        0
 91
        1
 62
     0
 92
       -2
340
14
 93
        0
 40
1.125
309
GRIDFORMAT_END
 95
       16
302
GRIDFORMAT
  1
GRIDFORMAT_BEGIN
 90
        0
 91
        1
 62
     0
 92
       -2
340
14
 93
        0
 40
1.125
309
GRIDFORMAT_END
 95
       32
302
GRIDFORMAT
  1
GRIDFORMAT_BEGIN
 90
        0
 91
        1
 62
     0
 92
       -2
340
14
 93
        0
 40
1.125
309
GRIDFORMAT_END
309
TABLEFORMAT_END
  1
CELLSTYLE_BEGIN
 90
        2
 91
        1
300
_HEADER
309
CELLSTYLE_END
300
CELLSTYLE
  1
TABLEFORMAT_BEGIN
 90
        5
170
     1
 91
        0
 92
        0
 62
   257
 93
        1
300
CONTENTFORMAT
  1
CONTENTFORMAT_BEGIN
 90
        0
 91
        0
 92
      512
 93
        0
300

 40
0.0
140
1.0
 94
        2
 62
     0
340
11
144
4.5
309
CONTENTFORMAT_END
171
     1
301
MARGIN
  1
CELLMARGIN_BEGIN
 40
1.5
 40
1.5
 40
1.5
 40
1.5
 40
0.18
 40
0.18
309
CELLMARGIN_END
 94
        6
 95
        1
302
GRIDFORMAT
  1
GRIDFORMAT_BEGIN
 90
        0
 91
        1
 62
     0
 92
       -2
340
14
 93
        0
 40
1.125
309
GRIDFORMAT_END
 95
        2
302
GRIDFORMAT
  1
GRIDFORMAT_BEGIN
 90
        0
 91
        1
 62
     0
 92
       -2
340
14
 93
        0
 40
1.125
309
GRIDFORMAT_END
 95
        4
302
GRIDFORMAT
  1
GRIDFORMAT_BEGIN
 90
        0
 91
        1
 62
     0
 92
       -2
340
14
 93
        0
 40
1.125
309
GRIDFORMAT_END
 95
        8
302
GRIDFORMAT
  1
GRIDFORMAT_BEGIN
 90
        0
 91
        1
 62
     0
 92
       -2
340
14
 93
        0
 40
1.125
309
GRIDFORMAT_END
 95
       16
302
GRIDFORMAT
  1
GRIDFORMAT_BEGIN
 90
        0
 91
        1
 62
     0
 92
       -2
340
14
 93
        0
 40
1.125
309
GRIDFORMAT_END
 95
       32
302
GRIDFORMAT
  1
GRIDFORMAT_BEGIN
 90
        0
 91
        1
 62
     0
 92
       -2
340
14
 93
        0
 40
1.125
309
GRIDFORMAT_END
309
TABLEFORMAT_END
  1
CELLSTYLE_BEGIN
 90
        3
 91
        2
300
_DATA
309
CELLSTYLE_END
  0
XRECORD
  5
163E
102
{ACAD_REACTORS
330
162
102
}
330
162
100
AcDbXrecord
280
     1
102
ACAD_ROUNDTRIP_PRE2007_TABLESTYLE
 90
      512
 91
        0
  1

 92
      512
 93
        0
  2

 94
      512
 95
        0
  3

  0
XRECORD
  5
164A
102
{ACAD_REACTORS
330
1649
102
}
330
1649
100
AcDbXrecord
280
     1
102
RTVSPost2010Prop28
280
     1
102
RTVSPost2010PropOp28
 70
     1
102
RTVSPost2010Prop29
280
     1
102
RTVSPost2010PropOp29
 70
     1
102
RTVSPost2010Prop30
280
     0
102
RTVSPost2010PropOp30
 70
     1
102
RTVSPost2010Prop31
280
     0
102
RTVSPost2010PropOp31
 70
     1
102
RTVSPost2010Prop32
280
     0
102
RTVSPost2010PropOp32
 70
     1
102
RTVSPost2010Prop33
280
     0
102
RTVSPost2010PropOp33
 70
     1
102
RTVSPost2010Prop34
280
     0
102
RTVSPost2010PropOp34
 70
     1
102
RTVSPost2010Prop35
280
     0
102
RTVSPost2010PropOp35
 70
     1
102
RTVSPost2010Prop36
280
     0
102
RTVSPost2010PropOp36
 70
     1
102
RTVSPost2010Prop37
 90
       50
102
RTVSPost2010PropOp37
 70
     1
102
RTVSPost2010Prop38
140
0.0
102
RTVSPost2010PropOp38
 70
     1
102
RTVSPost2010Prop39
140
1.0
102
RTVSPost2010PropOp39
 70
     1
102
RTVSPost2010Prop40
 90
        0
102
RTVSPost2010PropOp40
 70
     1
102
RTVSPost2010Prop41ColorIndex
 90
       18
102
RTVSPost2010Prop41ColorRGB
 90
        0
102
RTVSPost2010PropOp41
 70
     1
102
RTVSPost2010Prop42
 90
       50
102
RTVSPost2010PropOp42
 70
     1
102
RTVSPost2010Prop43
 90
        3
102
RTVSPost2010PropOp43
 70
     1
102
RTVSPost2010Prop44ColorIndex
 90
        5
102
RTVSPost2010Prop44ColorRGB
 90
      255
102
RTVSPost2010PropOp44
 70
     1
102
RTVSPost2010Prop45
280
     0
102
RTVSPost2010PropOp45
 70
     1
102
RTVSPost2010Prop46
 90
       50
102
RTVSPost2010PropOp46
 70
     1
102
RTVSPost2010Prop47
 90
       50
102
RTVSPost2010PropOp47
 70
     1
102
RTVSPost2010Prop48
 90
       50
102
RTVSPost2010PropOp48
 70
     1
102
RTVSPost2010Prop49
280
     0
102
RTVSPost2010PropOp49
 70
     1
102
RTVSPost2010Prop50
 90
       50
102
RTVSPost2010PropOp50
 70
     1
102
RTVSPost2010Prop51ColorIndex
 90
      256
102
RTVSPost2010Prop51ColorRGB
 90
-16777216
102
RTVSPost2010PropOp51
 70
     0
102
RTVSPost2010Prop52
140
1.0
102
RTVSPost2010PropOp52
 70
     0
102
RTVSPost2010Prop53
 90
        2
102
RTVSPost2010PropOp53
 70
     1
102
RTVSPost2010Prop54
  1
strokes_ogs.tif
102
RTVSPost2010PropOp54
 70
     1
102
RTVSPost2010Prop55
280
     0
102
RTVSPost2010PropOp55
 70
     1
102
RTVSPost2010Prop56
140
1.0
102
RTVSPost2010PropOp56
 70
     1
102
RTVSPost2010Prop57
140
1.0
102
RTVSPost2010PropOp57
 70
     1
102
RTVSPropertyOp0
 70
     1
102
RTVSPropertyOp1
 70
     1
102
RTVSPropertyOp2
 70
     1
102
RTVSPropertyOp3
 70
     1
102
RTVSPropertyOp4
 70
     1
102
RTVSPropertyOp5
 70
     1
102
RTVSPropertyOp6
 70
     1
102
RTVSPropertyOp7
 70
     1
102
RTVSPropertyOp8
 70
     1
102
RTVSPropertyOp9
 70
     1
102
RTVSPropertyOp10
 70
     1
102
RTVSPropertyOp11
 70
     1
102
RTVSPropertyOp12
 70
     1
102
RTVSPropertyOp13
 70
     1
102
RTVSPropertyOp14
 70
     1
102
RTVSPropertyOp15
 70
     1
102
RTVSPropertyOp16
 70
     1
102
RTVSPropertyOp17
 70
     1
102
RTVSPropertyOp18
 70
     1
102
RTVSPropertyOp19
 70
     1
102
RTVSPropertyOp20
 70
     1
102
RTVSPropertyOp21
 70
     1
102
RTVSPropertyOp22
 70
     1
102
RTVSPropertyOp23
 70
     1
102
RTVSPropertyOp24
 70
     1
102
RTVSPropertyOp25
 70
     1
102
RTVSPropertyOp26
 70
     1
102
RTVSPropertyOp27
 70
     1
102
RTVSPropertyOp28
 70
     1
102
RTVSPropertyOp29
 70
     1
102
RTVSPropertyOp30
 70
     1
102
RTVSPropertyOp31
 70
     1
102
RTVSPropertyOp32
 70
     1
102
RTVSPropertyOp33
 70
     1
102
RTVSPropertyOp34
 70
     1
102
RTVSPropertyOp35
 70
     1
102
RTVSPropertyOp36
 70
     1
102
RTVSPropertyOp37
 70
     1
102
RTVSPropertyOp38
 70
     1
102
RTVSPropertyOp39
 70
     1
102
RTVSPropertyOp40
 70
     1
102
RTVSPropertyOp41
 70
     1
102
RTVSPropertyOp42
 70
     1
102
RTVSPropertyOp43
 70
     1
102
RTVSPropertyOp44
 70
     1
102
RTVSPropertyOp45
 70
     1
102
RTVSPropertyOp46
 70
     1
102
RTVSPropertyOp47
 70
     1
102
RTVSPropertyOp48
 70
     1
102
RTVSPropertyOp49
 70
     1
102
RTVSPropertyOp50
 70
     1
102
RTVSPropertyOp51
 70
     0
102
RTVSPropertyOp52
 70
     0
102
RTVSPropertyOp53
 70
     1
102
RTVSPropertyOp54
 70
     1
102
RTVSPropertyOp55
 70
     1
102
RTVSPropertyOp56
 70
     1
102
RTVSPropertyOp57
 70
     1
102
RTVSPropertyOp58
 70
     1
102
RTVSPropertyOp59
 70
     1
102
RTVSPropertyOp60
 70
     1
102
RTVSPropertyOp61
 70
     1
102
RTVSPropertyOp62
 70
     1
  0
XRECORD
  5
1648
102
{ACAD_REACTORS
330
1647
102
}
330
1647
100
AcDbXrecord
280
     1
102
RTVSPost2010Prop28
280
     0
102
RTVSPost2010PropOp28
 70
     1
102
RTVSPost2010Prop29
280
     1
102
RTVSPost2010PropOp29
 70
     1
102
RTVSPost2010Prop30
280
     1
102
RTVSPost2010PropOp30
 70
     1
102
RTVSPost2010Prop31
280
     0
102
RTVSPost2010PropOp31
 70
     1
102
RTVSPost2010Prop32
280
     0
102
RTVSPost2010PropOp32
 70
     1
102
RTVSPost2010Prop33
280
     0
102
RTVSPost2010PropOp33
 70
     1
102
RTVSPost2010Prop34
280
     0
102
RTVSPost2010PropOp34
 70
     1
102
RTVSPost2010Prop35
280
     0
102
RTVSPost2010PropOp35
 70
     1
102
RTVSPost2010Prop36
280
     0
102
RTVSPost2010PropOp36
 70
     1
102
RTVSPost2010Prop37
 90
       50
102
RTVSPost2010PropOp37
 70
     1
102
RTVSPost2010Prop38
140
0.0
102
RTVSPost2010PropOp38
 70
     1
102
RTVSPost2010Prop39
140
1.0
102
RTVSPost2010PropOp39
 70
     1
102
RTVSPost2010Prop40
 90
        0
102
RTVSPost2010PropOp40
 70
     1
102
RTVSPost2010Prop41ColorIndex
 90
       18
102
RTVSPost2010Prop41ColorRGB
 90
        0
102
RTVSPost2010PropOp41
 70
     1
102
RTVSPost2010Prop42
 90
       50
102
RTVSPost2010PropOp42
 70
     1
102
RTVSPost2010Prop43
 90
        3
102
RTVSPost2010PropOp43
 70
     1
102
RTVSPost2010Prop44ColorIndex
 90
        5
102
RTVSPost2010Prop44ColorRGB
 90
      255
102
RTVSPost2010PropOp44
 70
     1
102
RTVSPost2010Prop45
280
     0
102
RTVSPost2010PropOp45
 70
     1
102
RTVSPost2010Prop46
 90
       50
102
RTVSPost2010PropOp46
 70
     1
102
RTVSPost2010Prop47
 90
       50
102
RTVSPost2010PropOp47
 70
     1
102
RTVSPost2010Prop48
 90
       50
102
RTVSPost2010PropOp48
 70
     1
102
RTVSPost2010Prop49
280
     0
102
RTVSPost2010PropOp49
 70
     1
102
RTVSPost2010Prop50
 90
       50
102
RTVSPost2010PropOp50
 70
     1
102
RTVSPost2010Prop51ColorIndex
 90
      256
102
RTVSPost2010Prop51ColorRGB
 90
-16777216
102
RTVSPost2010PropOp51
 70
     0
102
RTVSPost2010Prop52
140
1.0
102
RTVSPost2010PropOp52
 70
     0
102
RTVSPost2010Prop53
 90
        2
102
RTVSPost2010PropOp53
 70
     1
102
RTVSPost2010Prop54
  1
strokes_ogs.tif
102
RTVSPost2010PropOp54
 70
     1
102
RTVSPost2010Prop55
280
     0
102
RTVSPost2010PropOp55
 70
     1
102
RTVSPost2010Prop56
140
1.0
102
RTVSPost2010PropOp56
 70
     1
102
RTVSPost2010Prop57
140
1.0
102
RTVSPost2010PropOp57
 70
     1
102
RTVSPropertyOp0
 70
     1
102
RTVSPropertyOp1
 70
     1
102
RTVSPropertyOp2
 70
     1
102
RTVSPropertyOp3
 70
     1
102
RTVSPropertyOp4
 70
     1
102
RTVSPropertyOp5
 70
     1
102
RTVSPropertyOp6
 70
     1
102
RTVSPropertyOp7
 70
     1
102
RTVSPropertyOp8
 70
     1
102
RTVSPropertyOp9
 70
     1
102
RTVSPropertyOp10
 70
     1
102
RTVSPropertyOp11
 70
     1
102
RTVSPropertyOp12
 70
     1
102
RTVSPropertyOp13
 70
     1
102
RTVSPropertyOp14
 70
     1
102
RTVSPropertyOp15
 70
     1
102
RTVSPropertyOp16
 70
     1
102
RTVSPropertyOp17
 70
     1
102
RTVSPropertyOp18
 70
     1
102
RTVSPropertyOp19
 70
     1
102
RTVSPropertyOp20
 70
     1
102
RTVSPropertyOp21
 70
     1
102
RTVSPropertyOp22
 70
     1
102
RTVSPropertyOp23
 70
     1
102
RTVSPropertyOp24
 70
     1
102
RTVSPropertyOp25
 70
     1
102
RTVSPropertyOp26
 70
     1
102
RTVSPropertyOp27
 70
     1
102
RTVSPropertyOp28
 70
     1
102
RTVSPropertyOp29
 70
     1
102
RTVSPropertyOp30
 70
     1
102
RTVSPropertyOp31
 70
     1
102
RTVSPropertyOp32
 70
     1
102
RTVSPropertyOp33
 70
     1
102
RTVSPropertyOp34
 70
     1
102
RTVSPropertyOp35
 70
     1
102
RTVSPropertyOp36
 70
     1
102
RTVSPropertyOp37
 70
     1
102
RTVSPropertyOp38
 70
     1
102
RTVSPropertyOp39
 70
     1
102
RTVSPropertyOp40
 70
     1
102
RTVSPropertyOp41
 70
     1
102
RTVSPropertyOp42
 70
     1
102
RTVSPropertyOp43
 70
     1
102
RTVSPropertyOp44
 70
     1
102
RTVSPropertyOp45
 70
     1
102
RTVSPropertyOp46
 70
     1
102
RTVSPropertyOp47
 70
     1
102
RTVSPropertyOp48
 70
     1
102
RTVSPropertyOp49
 70
     1
102
RTVSPropertyOp50
 70
     1
102
RTVSPropertyOp51
 70
     0
102
RTVSPropertyOp52
 70
     0
102
RTVSPropertyOp53
 70
     1
102
RTVSPropertyOp54
 70
     1
102
RTVSPropertyOp55
 70
     1
102
RTVSPropertyOp56
 70
     1
102
RTVSPropertyOp57
 70
     1
102
RTVSPropertyOp58
 70
     1
102
RTVSPropertyOp59
 70
     1
102
RTVSPropertyOp60
 70
     1
102
RTVSPropertyOp61
 70
     1
102
RTVSPropertyOp62
 70
     1
  0
XRECORD
  5
1656
102
{ACAD_REACTORS
330
1655
102
}
330
1655
100
AcDbXrecord
280
     1
102
RTVSPost2010Prop28
280
     0
102
RTVSPost2010PropOp28
 70
     1
102
RTVSPost2010Prop29
280
     1
102
RTVSPost2010PropOp29
 70
     1
102
RTVSPost2010Prop30
280
     1
102
RTVSPost2010PropOp30
 70
     1
102
RTVSPost2010Prop31
280
     0
102
RTVSPost2010PropOp31
 70
     1
102
RTVSPost2010Prop32
280
     0
102
RTVSPost2010PropOp32
 70
     1
102
RTVSPost2010Prop33
280
     0
102
RTVSPost2010PropOp33
 70
     1
102
RTVSPost2010Prop34
280
     0
102
RTVSPost2010PropOp34
 70
     1
102
RTVSPost2010Prop35
280
     0
102
RTVSPost2010PropOp35
 70
     1
102
RTVSPost2010Prop36
280
     0
102
RTVSPost2010PropOp36
 70
     1
102
RTVSPost2010Prop37
 90
       50
102
RTVSPost2010PropOp37
 70
     1
102
RTVSPost2010Prop38
140
0.0
102
RTVSPost2010PropOp38
 70
     1
102
RTVSPost2010Prop39
140
1.0
102
RTVSPost2010PropOp39
 70
     1
102
RTVSPost2010Prop40
 90
        0
102
RTVSPost2010PropOp40
 70
     1
102
RTVSPost2010Prop41ColorIndex
 90
       18
102
RTVSPost2010Prop41ColorRGB
 90
        0
102
RTVSPost2010PropOp41
 70
     1
102
RTVSPost2010Prop42
 90
       50
102
RTVSPost2010PropOp42
 70
     1
102
RTVSPost2010Prop43
 90
        3
102
RTVSPost2010PropOp43
 70
     1
102
RTVSPost2010Prop44ColorIndex
 90
        5
102
RTVSPost2010Prop44ColorRGB
 90
      255
102
RTVSPost2010PropOp44
 70
     1
102
RTVSPost2010Prop45
280
     0
102
RTVSPost2010PropOp45
 70
     1
102
RTVSPost2010Prop46
 90
       50
102
RTVSPost2010PropOp46
 70
     1
102
RTVSPost2010Prop47
 90
       50
102
RTVSPost2010PropOp47
 70
     1
102
RTVSPost2010Prop48
 90
       50
102
RTVSPost2010PropOp48
 70
     1
102
RTVSPost2010Prop49
280
     0
102
RTVSPost2010PropOp49
 70
     1
102
RTVSPost2010Prop50
 90
       50
102
RTVSPost2010PropOp50
 70
     1
102
RTVSPost2010Prop51ColorIndex
 90
      256
102
RTVSPost2010Prop51ColorRGB
 90
-16777216
102
RTVSPost2010PropOp51
 70
     0
102
RTVSPost2010Prop52
140
1.0
102
RTVSPost2010PropOp52
 70
     0
102
RTVSPost2010Prop53
 90
        2
102
RTVSPost2010PropOp53
 70
     1
102
RTVSPost2010Prop54
  1
strokes_ogs.tif
102
RTVSPost2010PropOp54
 70
     1
102
RTVSPost2010Prop55
280
     0
102
RTVSPost2010PropOp55
 70
     1
102
RTVSPost2010Prop56
140
1.0
102
RTVSPost2010PropOp56
 70
     1
102
RTVSPost2010Prop57
140
1.0
102
RTVSPost2010PropOp57
 70
     1
102
RTVSPropertyOp0
 70
     1
102
RTVSPropertyOp1
 70
     1
102
RTVSPropertyOp2
 70
     1
102
RTVSPropertyOp3
 70
     1
102
RTVSPropertyOp4
 70
     1
102
RTVSPropertyOp5
 70
     1
102
RTVSPropertyOp6
 70
     1
102
RTVSPropertyOp7
 70
     1
102
RTVSPropertyOp8
 70
     1
102
RTVSPropertyOp9
 70
     1
102
RTVSPropertyOp10
 70
     1
102
RTVSPropertyOp11
 70
     1
102
RTVSPropertyOp12
 70
     1
102
RTVSPropertyOp13
 70
     1
102
RTVSPropertyOp14
 70
     1
102
RTVSPropertyOp15
 70
     1
102
RTVSPropertyOp16
 70
     1
102
RTVSPropertyOp17
 70
     1
102
RTVSPropertyOp18
 70
     1
102
RTVSPropertyOp19
 70
     1
102
RTVSPropertyOp20
 70
     1
102
RTVSPropertyOp21
 70
     1
102
RTVSPropertyOp22
 70
     1
102
RTVSPropertyOp23
 70
     1
102
RTVSPropertyOp24
 70
     1
102
RTVSPropertyOp25
 70
     1
102
RTVSPropertyOp26
 70
     1
102
RTVSPropertyOp27
 70
     1
102
RTVSPropertyOp28
 70
     1
102
RTVSPropertyOp29
 70
     1
102
RTVSPropertyOp30
 70
     1
102
RTVSPropertyOp31
 70
     1
102
RTVSPropertyOp32
 70
     1
102
RTVSPropertyOp33
 70
     1
102
RTVSPropertyOp34
 70
     1
102
RTVSPropertyOp35
 70
     1
102
RTVSPropertyOp36
 70
     1
102
RTVSPropertyOp37
 70
     1
102
RTVSPropertyOp38
 70
     1
102
RTVSPropertyOp39
 70
     1
102
RTVSPropertyOp40
 70
     1
102
RTVSPropertyOp41
 70
     1
102
RTVSPropertyOp42
 70
     1
102
RTVSPropertyOp43
 70
     1
102
RTVSPropertyOp44
 70
     1
102
RTVSPropertyOp45
 70
     1
102
RTVSPropertyOp46
 70
     1
102
RTVSPropertyOp47
 70
     1
102
RTVSPropertyOp48
 70
     1
102
RTVSPropertyOp49
 70
     1
102
RTVSPropertyOp50
 70
     1
102
RTVSPropertyOp51
 70
     0
102
RTVSPropertyOp52
 70
     0
102
RTVSPropertyOp53
 70
     1
102
RTVSPropertyOp54
 70
     1
102
RTVSPropertyOp55
 70
     1
102
RTVSPropertyOp56
 70
     1
102
RTVSPropertyOp57
 70
     1
102
RTVSPropertyOp58
 70
     1
102
RTVSPropertyOp59
 70
     1
102
RTVSPropertyOp60
 70
     1
102
RTVSPropertyOp61
 70
     1
102
RTVSPropertyOp62
 70
     1
  0
XRECORD
  5
165E
102
{ACAD_REACTORS
330
165D
102
}
330
165D
100
AcDbXrecord
280
     1
102
RTVSPost2010Prop28
280
     0
102
RTVSPost2010PropOp28
 70
     1
102
RTVSPost2010Prop29
280
     1
102
RTVSPost2010PropOp29
 70
     1
102
RTVSPost2010Prop30
280
     1
102
RTVSPost2010PropOp30
 70
     1
102
RTVSPost2010Prop31
280
     0
102
RTVSPost2010PropOp31
 70
     1
102
RTVSPost2010Prop32
280
     0
102
RTVSPost2010PropOp32
 70
     1
102
RTVSPost2010Prop33
280
     0
102
RTVSPost2010PropOp33
 70
     1
102
RTVSPost2010Prop34
280
     0
102
RTVSPost2010PropOp34
 70
     1
102
RTVSPost2010Prop35
280
     0
102
RTVSPost2010PropOp35
 70
     1
102
RTVSPost2010Prop36
280
     0
102
RTVSPost2010PropOp36
 70
     1
102
RTVSPost2010Prop37
 90
       50
102
RTVSPost2010PropOp37
 70
     1
102
RTVSPost2010Prop38
140
0.0
102
RTVSPost2010PropOp38
 70
     1
102
RTVSPost2010Prop39
140
1.0
102
RTVSPost2010PropOp39
 70
     1
102
RTVSPost2010Prop40
 90
        0
102
RTVSPost2010PropOp40
 70
     1
102
RTVSPost2010Prop41ColorIndex
 90
       18
102
RTVSPost2010Prop41ColorRGB
 90
        0
102
RTVSPost2010PropOp41
 70
     1
102
RTVSPost2010Prop42
 90
       50
102
RTVSPost2010PropOp42
 70
     1
102
RTVSPost2010Prop43
 90
        3
102
RTVSPost2010PropOp43
 70
     1
102
RTVSPost2010Prop44ColorIndex
 90
        5
102
RTVSPost2010Prop44ColorRGB
 90
      255
102
RTVSPost2010PropOp44
 70
     1
102
RTVSPost2010Prop45
280
     0
102
RTVSPost2010PropOp45
 70
     1
102
RTVSPost2010Prop46
 90
       50
102
RTVSPost2010PropOp46
 70
     1
102
RTVSPost2010Prop47
 90
       50
102
RTVSPost2010PropOp47
 70
     1
102
RTVSPost2010Prop48
 90
       50
102
RTVSPost2010PropOp48
 70
     1
102
RTVSPost2010Prop49
280
     0
102
RTVSPost2010PropOp49
 70
     1
102
RTVSPost2010Prop50
 90
       50
102
RTVSPost2010PropOp50
 70
     1
102
RTVSPost2010Prop51ColorIndex
 90
      256
102
RTVSPost2010Prop51ColorRGB
 90
-16777216
102
RTVSPost2010PropOp51
 70
     0
102
RTVSPost2010Prop52
140
1.0
102
RTVSPost2010PropOp52
 70
     0
102
RTVSPost2010Prop53
 90
        2
102
RTVSPost2010PropOp53
 70
     1
102
RTVSPost2010Prop54
  1
strokes_ogs.tif
102
RTVSPost2010PropOp54
 70
     1
102
RTVSPost2010Prop55
280
     0
102
RTVSPost2010PropOp55
 70
     1
102
RTVSPost2010Prop56
140
1.0
102
RTVSPost2010PropOp56
 70
     1
102
RTVSPost2010Prop57
140
1.0
102
RTVSPost2010PropOp57
 70
     1
102
RTVSPropertyOp0
 70
     1
102
RTVSPropertyOp1
 70
     1
102
RTVSPropertyOp2
 70
     1
102
RTVSPropertyOp3
 70
     1
102
RTVSPropertyOp4
 70
     1
102
RTVSPropertyOp5
 70
     1
102
RTVSPropertyOp6
 70
     1
102
RTVSPropertyOp7
 70
     1
102
RTVSPropertyOp8
 70
     1
102
RTVSPropertyOp9
 70
     1
102
RTVSPropertyOp10
 70
     1
102
RTVSPropertyOp11
 70
     1
102
RTVSPropertyOp12
 70
     1
102
RTVSPropertyOp13
 70
     1
102
RTVSPropertyOp14
 70
     1
102
RTVSPropertyOp15
 70
     1
102
RTVSPropertyOp16
 70
     1
102
RTVSPropertyOp17
 70
     1
102
RTVSPropertyOp18
 70
     1
102
RTVSPropertyOp19
 70
     1
102
RTVSPropertyOp20
 70
     1
102
RTVSPropertyOp21
 70
     1
102
RTVSPropertyOp22
 70
     1
102
RTVSPropertyOp23
 70
     1
102
RTVSPropertyOp24
 70
     1
102
RTVSPropertyOp25
 70
     1
102
RTVSPropertyOp26
 70
     1
102
RTVSPropertyOp27
 70
     1
102
RTVSPropertyOp28
 70
     1
102
RTVSPropertyOp29
 70
     1
102
RTVSPropertyOp30
 70
     1
102
RTVSPropertyOp31
 70
     1
102
RTVSPropertyOp32
 70
     1
102
RTVSPropertyOp33
 70
     1
102
RTVSPropertyOp34
 70
     1
102
RTVSPropertyOp35
 70
     1
102
RTVSPropertyOp36
 70
     1
102
RTVSPropertyOp37
 70
     1
102
RTVSPropertyOp38
 70
     1
102
RTVSPropertyOp39
 70
     1
102
RTVSPropertyOp40
 70
     1
102
RTVSPropertyOp41
 70
     1
102
RTVSPropertyOp42
 70
     1
102
RTVSPropertyOp43
 70
     1
102
RTVSPropertyOp44
 70
     1
102
RTVSPropertyOp45
 70
     1
102
RTVSPropertyOp46
 70
     1
102
RTVSPropertyOp47
 70
     1
102
RTVSPropertyOp48
 70
     1
102
RTVSPropertyOp49
 70
     1
102
RTVSPropertyOp50
 70
     1
102
RTVSPropertyOp51
 70
     0
102
RTVSPropertyOp52
 70
     0
102
RTVSPropertyOp53
 70
     1
102
RTVSPropertyOp54
 70
     1
102
RTVSPropertyOp55
 70
     1
102
RTVSPropertyOp56
 70
     1
102
RTVSPropertyOp57
 70
     1
102
RTVSPropertyOp58
 70
     1
102
RTVSPropertyOp59
 70
     1
102
RTVSPropertyOp60
 70
     1
102
RTVSPropertyOp61
 70
     1
102
RTVSPropertyOp62
 70
     1
  0
XRECORD
  5
1650
102
{ACAD_REACTORS
330
164F
102
}
330
164F
100
AcDbXrecord
280
     1
102
RTVSPost2010Prop28
280
     0
102
RTVSPost2010PropOp28
 70
     1
102
RTVSPost2010Prop29
280
     1
102
RTVSPost2010PropOp29
 70
     1
102
RTVSPost2010Prop30
280
     1
102
RTVSPost2010PropOp30
 70
     1
102
RTVSPost2010Prop31
280
     0
102
RTVSPost2010PropOp31
 70
     1
102
RTVSPost2010Prop32
280
     0
102
RTVSPost2010PropOp32
 70
     1
102
RTVSPost2010Prop33
280
     0
102
RTVSPost2010PropOp33
 70
     1
102
RTVSPost2010Prop34
280
     0
102
RTVSPost2010PropOp34
 70
     1
102
RTVSPost2010Prop35
280
     0
102
RTVSPost2010PropOp35
 70
     1
102
RTVSPost2010Prop36
280
     0
102
RTVSPost2010PropOp36
 70
     1
102
RTVSPost2010Prop37
 90
       50
102
RTVSPost2010PropOp37
 70
     1
102
RTVSPost2010Prop38
140
0.0
102
RTVSPost2010PropOp38
 70
     1
102
RTVSPost2010Prop39
140
1.0
102
RTVSPost2010PropOp39
 70
     1
102
RTVSPost2010Prop40
 90
        0
102
RTVSPost2010PropOp40
 70
     1
102
RTVSPost2010Prop41ColorIndex
 90
       18
102
RTVSPost2010Prop41ColorRGB
 90
        0
102
RTVSPost2010PropOp41
 70
     1
102
RTVSPost2010Prop42
 90
       50
102
RTVSPost2010PropOp42
 70
     1
102
RTVSPost2010Prop43
 90
        3
102
RTVSPost2010PropOp43
 70
     1
102
RTVSPost2010Prop44ColorIndex
 90
        5
102
RTVSPost2010Prop44ColorRGB
 90
      255
102
RTVSPost2010PropOp44
 70
     1
102
RTVSPost2010Prop45
280
     0
102
RTVSPost2010PropOp45
 70
     1
102
RTVSPost2010Prop46
 90
       50
102
RTVSPost2010PropOp46
 70
     1
102
RTVSPost2010Prop47
 90
       50
102
RTVSPost2010PropOp47
 70
     1
102
RTVSPost2010Prop48
 90
       50
102
RTVSPost2010PropOp48
 70
     1
102
RTVSPost2010Prop49
280
     0
102
RTVSPost2010PropOp49
 70
     1
102
RTVSPost2010Prop50
 90
       50
102
RTVSPost2010PropOp50
 70
     1
102
RTVSPost2010Prop51ColorIndex
 90
      256
102
RTVSPost2010Prop51ColorRGB
 90
-16777216
102
RTVSPost2010PropOp51
 70
     0
102
RTVSPost2010Prop52
140
1.0
102
RTVSPost2010PropOp52
 70
     0
102
RTVSPost2010Prop53
 90
        2
102
RTVSPost2010PropOp53
 70
     1
102
RTVSPost2010Prop54
  1
strokes_ogs.tif
102
RTVSPost2010PropOp54
 70
     1
102
RTVSPost2010Prop55
280
     0
102
RTVSPost2010PropOp55
 70
     1
102
RTVSPost2010Prop56
140
1.0
102
RTVSPost2010PropOp56
 70
     1
102
RTVSPost2010Prop57
140
1.0
102
RTVSPost2010PropOp57
 70
     1
102
RTVSPropertyOp0
 70
     1
102
RTVSPropertyOp1
 70
     1
102
RTVSPropertyOp2
 70
     1
102
RTVSPropertyOp3
 70
     1
102
RTVSPropertyOp4
 70
     1
102
RTVSPropertyOp5
 70
     1
102
RTVSPropertyOp6
 70
     1
102
RTVSPropertyOp7
 70
     1
102
RTVSPropertyOp8
 70
     1
102
RTVSPropertyOp9
 70
     1
102
RTVSPropertyOp10
 70
     1
102
RTVSPropertyOp11
 70
     1
102
RTVSPropertyOp12
 70
     1
102
RTVSPropertyOp13
 70
     1
102
RTVSPropertyOp14
 70
     1
102
RTVSPropertyOp15
 70
     1
102
RTVSPropertyOp16
 70
     1
102
RTVSPropertyOp17
 70
     1
102
RTVSPropertyOp18
 70
     1
102
RTVSPropertyOp19
 70
     1
102
RTVSPropertyOp20
 70
     1
102
RTVSPropertyOp21
 70
     1
102
RTVSPropertyOp22
 70
     1
102
RTVSPropertyOp23
 70
     1
102
RTVSPropertyOp24
 70
     1
102
RTVSPropertyOp25
 70
     1
102
RTVSPropertyOp26
 70
     1
102
RTVSPropertyOp27
 70
     1
102
RTVSPropertyOp28
 70
     1
102
RTVSPropertyOp29
 70
     1
102
RTVSPropertyOp30
 70
     1
102
RTVSPropertyOp31
 70
     1
102
RTVSPropertyOp32
 70
     1
102
RTVSPropertyOp33
 70
     1
102
RTVSPropertyOp34
 70
     1
102
RTVSPropertyOp35
 70
     1
102
RTVSPropertyOp36
 70
     1
102
RTVSPropertyOp37
 70
     1
102
RTVSPropertyOp38
 70
     1
102
RTVSPropertyOp39
 70
     1
102
RTVSPropertyOp40
 70
     1
102
RTVSPropertyOp41
 70
     1
102
RTVSPropertyOp42
 70
     1
102
RTVSPropertyOp43
 70
     1
102
RTVSPropertyOp44
 70
     1
102
RTVSPropertyOp45
 70
     1
102
RTVSPropertyOp46
 70
     1
102
RTVSPropertyOp47
 70
     1
102
RTVSPropertyOp48
 70
     1
102
RTVSPropertyOp49
 70
     1
102
RTVSPropertyOp50
 70
     1
102
RTVSPropertyOp51
 70
     0
102
RTVSPropertyOp52
 70
     0
102
RTVSPropertyOp53
 70
     1
102
RTVSPropertyOp54
 70
     1
102
RTVSPropertyOp55
 70
     1
102
RTVSPropertyOp56
 70
     1
102
RTVSPropertyOp57
 70
     1
102
RTVSPropertyOp58
 70
     1
102
RTVSPropertyOp59
 70
     1
102
RTVSPropertyOp60
 70
     1
102
RTVSPropertyOp61
 70
     1
102
RTVSPropertyOp62
 70
     1
  0
XRECORD
  5
1654
102
{ACAD_REACTORS
330
1653
102
}
330
1653
100
AcDbXrecord
280
     1
102
RTVSPost2010Prop28
280
     0
102
RTVSPost2010PropOp28
 70
     1
102
RTVSPost2010Prop29
280
     1
102
RTVSPost2010PropOp29
 70
     1
102
RTVSPost2010Prop30
280
     1
102
RTVSPost2010PropOp30
 70
     1
102
RTVSPost2010Prop31
280
     0
102
RTVSPost2010PropOp31
 70
     1
102
RTVSPost2010Prop32
280
     0
102
RTVSPost2010PropOp32
 70
     1
102
RTVSPost2010Prop33
280
     0
102
RTVSPost2010PropOp33
 70
     1
102
RTVSPost2010Prop34
280
     0
102
RTVSPost2010PropOp34
 70
     1
102
RTVSPost2010Prop35
280
     0
102
RTVSPost2010PropOp35
 70
     1
102
RTVSPost2010Prop36
280
     0
102
RTVSPost2010PropOp36
 70
     1
102
RTVSPost2010Prop37
 90
       50
102
RTVSPost2010PropOp37
 70
     1
102
RTVSPost2010Prop38
140
0.0
102
RTVSPost2010PropOp38
 70
     1
102
RTVSPost2010Prop39
140
1.0
102
RTVSPost2010PropOp39
 70
     1
102
RTVSPost2010Prop40
 90
        0
102
RTVSPost2010PropOp40
 70
     1
102
RTVSPost2010Prop41ColorIndex
 90
       18
102
RTVSPost2010Prop41ColorRGB
 90
        0
102
RTVSPost2010PropOp41
 70
     1
102
RTVSPost2010Prop42
 90
       50
102
RTVSPost2010PropOp42
 70
     1
102
RTVSPost2010Prop43
 90
        3
102
RTVSPost2010PropOp43
 70
     1
102
RTVSPost2010Prop44ColorIndex
 90
        5
102
RTVSPost2010Prop44ColorRGB
 90
      255
102
RTVSPost2010PropOp44
 70
     1
102
RTVSPost2010Prop45
280
     0
102
RTVSPost2010PropOp45
 70
     1
102
RTVSPost2010Prop46
 90
       50
102
RTVSPost2010PropOp46
 70
     1
102
RTVSPost2010Prop47
 90
       50
102
RTVSPost2010PropOp47
 70
     1
102
RTVSPost2010Prop48
 90
       50
102
RTVSPost2010PropOp48
 70
     1
102
RTVSPost2010Prop49
280
     0
102
RTVSPost2010PropOp49
 70
     1
102
RTVSPost2010Prop50
 90
       50
102
RTVSPost2010PropOp50
 70
     1
102
RTVSPost2010Prop51ColorIndex
 90
      256
102
RTVSPost2010Prop51ColorRGB
 90
-16777216
102
RTVSPost2010PropOp51
 70
     0
102
RTVSPost2010Prop52
140
1.0
102
RTVSPost2010PropOp52
 70
     0
102
RTVSPost2010Prop53
 90
        2
102
RTVSPost2010PropOp53
 70
     1
102
RTVSPost2010Prop54
  1
strokes_ogs.tif
102
RTVSPost2010PropOp54
 70
     1
102
RTVSPost2010Prop55
280
     0
102
RTVSPost2010PropOp55
 70
     1
102
RTVSPost2010Prop56
140
1.0
102
RTVSPost2010PropOp56
 70
     1
102
RTVSPost2010Prop57
140
1.0
102
RTVSPost2010PropOp57
 70
     1
102
RTVSPropertyOp0
 70
     1
102
RTVSPropertyOp1
 70
     1
102
RTVSPropertyOp2
 70
     1
102
RTVSPropertyOp3
 70
     1
102
RTVSPropertyOp4
 70
     1
102
RTVSPropertyOp5
 70
     1
102
RTVSPropertyOp6
 70
     1
102
RTVSPropertyOp7
 70
     1
102
RTVSPropertyOp8
 70
     1
102
RTVSPropertyOp9
 70
     1
102
RTVSPropertyOp10
 70
     1
102
RTVSPropertyOp11
 70
     1
102
RTVSPropertyOp12
 70
     1
102
RTVSPropertyOp13
 70
     1
102
RTVSPropertyOp14
 70
     1
102
RTVSPropertyOp15
 70
     1
102
RTVSPropertyOp16
 70
     1
102
RTVSPropertyOp17
 70
     1
102
RTVSPropertyOp18
 70
     1
102
RTVSPropertyOp19
 70
     1
102
RTVSPropertyOp20
 70
     1
102
RTVSPropertyOp21
 70
     1
102
RTVSPropertyOp22
 70
     1
102
RTVSPropertyOp23
 70
     1
102
RTVSPropertyOp24
 70
     1
102
RTVSPropertyOp25
 70
     1
102
RTVSPropertyOp26
 70
     1
102
RTVSPropertyOp27
 70
     1
102
RTVSPropertyOp28
 70
     1
102
RTVSPropertyOp29
 70
     1
102
RTVSPropertyOp30
 70
     1
102
RTVSPropertyOp31
 70
     1
102
RTVSPropertyOp32
 70
     1
102
RTVSPropertyOp33
 70
     1
102
RTVSPropertyOp34
 70
     1
102
RTVSPropertyOp35
 70
     1
102
RTVSPropertyOp36
 70
     1
102
RTVSPropertyOp37
 70
     1
102
RTVSPropertyOp38
 70
     1
102
RTVSPropertyOp39
 70
     1
102
RTVSPropertyOp40
 70
     1
102
RTVSPropertyOp41
 70
     1
102
RTVSPropertyOp42
 70
     1
102
RTVSPropertyOp43
 70
     1
102
RTVSPropertyOp44
 70
     1
102
RTVSPropertyOp45
 70
     1
102
RTVSPropertyOp46
 70
     1
102
RTVSPropertyOp47
 70
     1
102
RTVSPropertyOp48
 70
     1
102
RTVSPropertyOp49
 70
     1
102
RTVSPropertyOp50
 70
     1
102
RTVSPropertyOp51
 70
     0
102
RTVSPropertyOp52
 70
     0
102
RTVSPropertyOp53
 70
     1
102
RTVSPropertyOp54
 70
     1
102
RTVSPropertyOp55
 70
     1
102
RTVSPropertyOp56
 70
     1
102
RTVSPropertyOp57
 70
     1
102
RTVSPropertyOp58
 70
     1
102
RTVSPropertyOp59
 70
     1
102
RTVSPropertyOp60
 70
     1
102
RTVSPropertyOp61
 70
     1
102
RTVSPropertyOp62
 70
     1
  0
XRECORD
  5
1664
102
{ACAD_REACTORS
330
1663
102
}
330
1663
100
AcDbXrecord
280
     1
102
RTVSPost2010Prop28
280
     0
102
RTVSPost2010PropOp28
 70
     1
102
RTVSPost2010Prop29
280
     1
102
RTVSPost2010PropOp29
 70
     1
102
RTVSPost2010Prop30
280
     1
102
RTVSPost2010PropOp30
 70
     1
102
RTVSPost2010Prop31
280
     0
102
RTVSPost2010PropOp31
 70
     1
102
RTVSPost2010Prop32
280
     0
102
RTVSPost2010PropOp32
 70
     1
102
RTVSPost2010Prop33
280
     0
102
RTVSPost2010PropOp33
 70
     1
102
RTVSPost2010Prop34
280
     0
102
RTVSPost2010PropOp34
 70
     1
102
RTVSPost2010Prop35
280
     0
102
RTVSPost2010PropOp35
 70
     1
102
RTVSPost2010Prop36
280
     0
102
RTVSPost2010PropOp36
 70
     1
102
RTVSPost2010Prop37
 90
       50
102
RTVSPost2010PropOp37
 70
     1
102
RTVSPost2010Prop38
140
0.0
102
RTVSPost2010PropOp38
 70
     1
102
RTVSPost2010Prop39
140
1.0
102
RTVSPost2010PropOp39
 70
     1
102
RTVSPost2010Prop40
 90
        0
102
RTVSPost2010PropOp40
 70
     1
102
RTVSPost2010Prop41ColorIndex
 90
       18
102
RTVSPost2010Prop41ColorRGB
 90
        0
102
RTVSPost2010PropOp41
 70
     1
102
RTVSPost2010Prop42
 90
       50
102
RTVSPost2010PropOp42
 70
     1
102
RTVSPost2010Prop43
 90
        3
102
RTVSPost2010PropOp43
 70
     1
102
RTVSPost2010Prop44ColorIndex
 90
        5
102
RTVSPost2010Prop44ColorRGB
 90
      255
102
RTVSPost2010PropOp44
 70
     1
102
RTVSPost2010Prop45
280
     0
102
RTVSPost2010PropOp45
 70
     1
102
RTVSPost2010Prop46
 90
       50
102
RTVSPost2010PropOp46
 70
     1
102
RTVSPost2010Prop47
 90
       50
102
RTVSPost2010PropOp47
 70
     1
102
RTVSPost2010Prop48
 90
       50
102
RTVSPost2010PropOp48
 70
     1
102
RTVSPost2010Prop49
280
     0
102
RTVSPost2010PropOp49
 70
     1
102
RTVSPost2010Prop50
 90
       50
102
RTVSPost2010PropOp50
 70
     1
102
RTVSPost2010Prop51ColorIndex
 90
      256
102
RTVSPost2010Prop51ColorRGB
 90
-16777216
102
RTVSPost2010PropOp51
 70
     0
102
RTVSPost2010Prop52
140
1.0
102
RTVSPost2010PropOp52
 70
     0
102
RTVSPost2010Prop53
 90
        2
102
RTVSPost2010PropOp53
 70
     1
102
RTVSPost2010Prop54
  1
strokes_ogs.tif
102
RTVSPost2010PropOp54
 70
     1
102
RTVSPost2010Prop55
280
     0
102
RTVSPost2010PropOp55
 70
     1
102
RTVSPost2010Prop56
140
1.0
102
RTVSPost2010PropOp56
 70
     1
102
RTVSPost2010Prop57
140
1.0
102
RTVSPost2010PropOp57
 70
     1
102
RTVSPropertyOp0
 70
     0
102
RTVSPropertyOp1
 70
     0
102
RTVSPropertyOp2
 70
     0
102
RTVSPropertyOp3
 70
     0
102
RTVSPropertyOp4
 70
     0
102
RTVSPropertyOp5
 70
     0
102
RTVSPropertyOp6
 70
     0
102
RTVSPropertyOp7
 70
     0
102
RTVSPropertyOp8
 70
     0
102
RTVSPropertyOp9
 70
     0
102
RTVSPropertyOp10
 70
     0
102
RTVSPropertyOp11
 70
     0
102
RTVSPropertyOp12
 70
     0
102
RTVSPropertyOp13
 70
     0
102
RTVSPropertyOp14
 70
     2
102
RTVSPropertyOp15
 70
     0
102
RTVSPropertyOp16
 70
     0
102
RTVSPropertyOp17
 70
     0
102
RTVSPropertyOp18
 70
     0
102
RTVSPropertyOp19
 70
     0
102
RTVSPropertyOp20
 70
     0
102
RTVSPropertyOp21
 70
     0
102
RTVSPropertyOp22
 70
     0
102
RTVSPropertyOp23
 70
     0
102
RTVSPropertyOp24
 70
     0
102
RTVSPropertyOp25
 70
     0
102
RTVSPropertyOp26
 70
     0
102
RTVSPropertyOp27
 70
     0
102
RTVSPropertyOp28
 70
     1
102
RTVSPropertyOp29
 70
     1
102
RTVSPropertyOp30
 70
     1
102
RTVSPropertyOp31
 70
     1
102
RTVSPropertyOp32
 70
     1
102
RTVSPropertyOp33
 70
     1
102
RTVSPropertyOp34
 70
     1
102
RTVSPropertyOp35
 70
     1
102
RTVSPropertyOp36
 70
     1
102
RTVSPropertyOp37
 70
     1
102
RTVSPropertyOp38
 70
     1
102
RTVSPropertyOp39
 70
     1
102
RTVSPropertyOp40
 70
     1
102
RTVSPropertyOp41
 70
     1
102
RTVSPropertyOp42
 70
     1
102
RTVSPropertyOp43
 70
     1
102
RTVSPropertyOp44
 70
     1
102
RTVSPropertyOp45
 70
     1
102
RTVSPropertyOp46
 70
     1
102
RTVSPropertyOp47
 70
     1
102
RTVSPropertyOp48
 70
     1
102
RTVSPropertyOp49
 70
     1
102
RTVSPropertyOp50
 70
     1
102
RTVSPropertyOp51
 70
     0
102
RTVSPropertyOp52
 70
     0
102
RTVSPropertyOp53
 70
     1
102
RTVSPropertyOp54
 70
     1
102
RTVSPropertyOp55
 70
     1
102
RTVSPropertyOp56
 70
     1
102
RTVSPropertyOp57
 70
     1
102
RTVSPropertyOp58
 70
     1
102
RTVSPropertyOp59
 70
     1
102
RTVSPropertyOp60
 70
     1
102
RTVSPropertyOp61
 70
     1
102
RTVSPropertyOp62
 70
     1
  0
XRECORD
  5
165C
102
{ACAD_REACTORS
330
165B
102
}
330
165B
100
AcDbXrecord
280
     1
102
RTVSPost2010Prop28
280
     0
102
RTVSPost2010PropOp28
 70
     1
102
RTVSPost2010Prop29
280
     1
102
RTVSPost2010PropOp29
 70
     1
102
RTVSPost2010Prop30
280
     1
102
RTVSPost2010PropOp30
 70
     1
102
RTVSPost2010Prop31
280
     0
102
RTVSPost2010PropOp31
 70
     1
102
RTVSPost2010Prop32
280
     0
102
RTVSPost2010PropOp32
 70
     1
102
RTVSPost2010Prop33
280
     0
102
RTVSPost2010PropOp33
 70
     1
102
RTVSPost2010Prop34
280
     0
102
RTVSPost2010PropOp34
 70
     1
102
RTVSPost2010Prop35
280
     0
102
RTVSPost2010PropOp35
 70
     1
102
RTVSPost2010Prop36
280
     0
102
RTVSPost2010PropOp36
 70
     1
102
RTVSPost2010Prop37
 90
       50
102
RTVSPost2010PropOp37
 70
     1
102
RTVSPost2010Prop38
140
0.0
102
RTVSPost2010PropOp38
 70
     1
102
RTVSPost2010Prop39
140
1.0
102
RTVSPost2010PropOp39
 70
     1
102
RTVSPost2010Prop40
 90
        0
102
RTVSPost2010PropOp40
 70
     1
102
RTVSPost2010Prop41ColorIndex
 90
       18
102
RTVSPost2010Prop41ColorRGB
 90
        0
102
RTVSPost2010PropOp41
 70
     1
102
RTVSPost2010Prop42
 90
       50
102
RTVSPost2010PropOp42
 70
     1
102
RTVSPost2010Prop43
 90
        3
102
RTVSPost2010PropOp43
 70
     1
102
RTVSPost2010Prop44ColorIndex
 90
        5
102
RTVSPost2010Prop44ColorRGB
 90
      255
102
RTVSPost2010PropOp44
 70
     1
102
RTVSPost2010Prop45
280
     0
102
RTVSPost2010PropOp45
 70
     1
102
RTVSPost2010Prop46
 90
       50
102
RTVSPost2010PropOp46
 70
     1
102
RTVSPost2010Prop47
 90
       50
102
RTVSPost2010PropOp47
 70
     1
102
RTVSPost2010Prop48
 90
       50
102
RTVSPost2010PropOp48
 70
     1
102
RTVSPost2010Prop49
280
     0
102
RTVSPost2010PropOp49
 70
     1
102
RTVSPost2010Prop50
 90
       50
102
RTVSPost2010PropOp50
 70
     1
102
RTVSPost2010Prop51ColorIndex
 90
      256
102
RTVSPost2010Prop51ColorRGB
 90
-16777216
102
RTVSPost2010PropOp51
 70
     0
102
RTVSPost2010Prop52
140
1.0
102
RTVSPost2010PropOp52
 70
     0
102
RTVSPost2010Prop53
 90
        2
102
RTVSPost2010PropOp53
 70
     1
102
RTVSPost2010Prop54
  1
strokes_ogs.tif
102
RTVSPost2010PropOp54
 70
     1
102
RTVSPost2010Prop55
280
     0
102
RTVSPost2010PropOp55
 70
     1
102
RTVSPost2010Prop56
140
1.0
102
RTVSPost2010PropOp56
 70
     1
102
RTVSPost2010Prop57
140
1.0
102
RTVSPost2010PropOp57
 70
     1
102
RTVSPropertyOp0
 70
     1
102
RTVSPropertyOp1
 70
     1
102
RTVSPropertyOp2
 70
     1
102
RTVSPropertyOp3
 70
     1
102
RTVSPropertyOp4
 70
     1
102
RTVSPropertyOp5
 70
     1
102
RTVSPropertyOp6
 70
     1
102
RTVSPropertyOp7
 70
     1
102
RTVSPropertyOp8
 70
     1
102
RTVSPropertyOp9
 70
     1
102
RTVSPropertyOp10
 70
     1
102
RTVSPropertyOp11
 70
     1
102
RTVSPropertyOp12
 70
     1
102
RTVSPropertyOp13
 70
     1
102
RTVSPropertyOp14
 70
     1
102
RTVSPropertyOp15
 70
     1
102
RTVSPropertyOp16
 70
     1
102
RTVSPropertyOp17
 70
     1
102
RTVSPropertyOp18
 70
     1
102
RTVSPropertyOp19
 70
     1
102
RTVSPropertyOp20
 70
     1
102
RTVSPropertyOp21
 70
     1
102
RTVSPropertyOp22
 70
     1
102
RTVSPropertyOp23
 70
     1
102
RTVSPropertyOp24
 70
     1
102
RTVSPropertyOp25
 70
     1
102
RTVSPropertyOp26
 70
     1
102
RTVSPropertyOp27
 70
     1
102
RTVSPropertyOp28
 70
     1
102
RTVSPropertyOp29
 70
     1
102
RTVSPropertyOp30
 70
     1
102
RTVSPropertyOp31
 70
     1
102
RTVSPropertyOp32
 70
     1
102
RTVSPropertyOp33
 70
     1
102
RTVSPropertyOp34
 70
     1
102
RTVSPropertyOp35
 70
     1
102
RTVSPropertyOp36
 70
     1
102
RTVSPropertyOp37
 70
     1
102
RTVSPropertyOp38
 70
     1
102
RTVSPropertyOp39
 70
     1
102
RTVSPropertyOp40
 70
     1
102
RTVSPropertyOp41
 70
     1
102
RTVSPropertyOp42
 70
     1
102
RTVSPropertyOp43
 70
     1
102
RTVSPropertyOp44
 70
     1
102
RTVSPropertyOp45
 70
     1
102
RTVSPropertyOp46
 70
     1
102
RTVSPropertyOp47
 70
     1
102
RTVSPropertyOp48
 70
     1
102
RTVSPropertyOp49
 70
     1
102
RTVSPropertyOp50
 70
     1
102
RTVSPropertyOp51
 70
     0
102
RTVSPropertyOp52
 70
     0
102
RTVSPropertyOp53
 70
     1
102
RTVSPropertyOp54
 70
     1
102
RTVSPropertyOp55
 70
     1
102
RTVSPropertyOp56
 70
     1
102
RTVSPropertyOp57
 70
     1
102
RTVSPropertyOp58
 70
     1
102
RTVSPropertyOp59
 70
     1
102
RTVSPropertyOp60
 70
     1
102
RTVSPropertyOp61
 70
     1
102
RTVSPropertyOp62
 70
     1
  0
XRECORD
  5
1640
102
{ACAD_REACTORS
330
163F
102
}
330
163F
100
AcDbXrecord
280
     1
102
RTVSPost2010Prop28
280
     0
102
RTVSPost2010PropOp28
 70
     1
102
RTVSPost2010Prop29
280
     1
102
RTVSPost2010PropOp29
 70
     1
102
RTVSPost2010Prop30
280
     1
102
RTVSPost2010PropOp30
 70
     1
102
RTVSPost2010Prop31
280
     0
102
RTVSPost2010PropOp31
 70
     1
102
RTVSPost2010Prop32
280
     0
102
RTVSPost2010PropOp32
 70
     1
102
RTVSPost2010Prop33
280
     0
102
RTVSPost2010PropOp33
 70
     1
102
RTVSPost2010Prop34
280
     0
102
RTVSPost2010PropOp34
 70
     1
102
RTVSPost2010Prop35
280
     0
102
RTVSPost2010PropOp35
 70
     1
102
RTVSPost2010Prop36
280
     0
102
RTVSPost2010PropOp36
 70
     1
102
RTVSPost2010Prop37
 90
       50
102
RTVSPost2010PropOp37
 70
     1
102
RTVSPost2010Prop38
140
0.0
102
RTVSPost2010PropOp38
 70
     1
102
RTVSPost2010Prop39
140
1.0
102
RTVSPost2010PropOp39
 70
     1
102
RTVSPost2010Prop40
 90
        0
102
RTVSPost2010PropOp40
 70
     1
102
RTVSPost2010Prop41ColorIndex
 90
       18
102
RTVSPost2010Prop41ColorRGB
 90
        0
102
RTVSPost2010PropOp41
 70
     1
102
RTVSPost2010Prop42
 90
       50
102
RTVSPost2010PropOp42
 70
     1
102
RTVSPost2010Prop43
 90
        3
102
RTVSPost2010PropOp43
 70
     1
102
RTVSPost2010Prop44ColorIndex
 90
        5
102
RTVSPost2010Prop44ColorRGB
 90
      255
102
RTVSPost2010PropOp44
 70
     1
102
RTVSPost2010Prop45
280
     0
102
RTVSPost2010PropOp45
 70
     1
102
RTVSPost2010Prop46
 90
       50
102
RTVSPost2010PropOp46
 70
     1
102
RTVSPost2010Prop47
 90
       50
102
RTVSPost2010PropOp47
 70
     1
102
RTVSPost2010Prop48
 90
       50
102
RTVSPost2010PropOp48
 70
     1
102
RTVSPost2010Prop49
280
     0
102
RTVSPost2010PropOp49
 70
     1
102
RTVSPost2010Prop50
 90
       50
102
RTVSPost2010PropOp50
 70
     1
102
RTVSPost2010Prop51ColorIndex
 90
      256
102
RTVSPost2010Prop51ColorRGB
 90
-16777216
102
RTVSPost2010PropOp51
 70
     0
102
RTVSPost2010Prop52
140
1.0
102
RTVSPost2010PropOp52
 70
     0
102
RTVSPost2010Prop53
 90
        2
102
RTVSPost2010PropOp53
 70
     1
102
RTVSPost2010Prop54
  1
strokes_ogs.tif
102
RTVSPost2010PropOp54
 70
     1
102
RTVSPost2010Prop55
280
     0
102
RTVSPost2010PropOp55
 70
     1
102
RTVSPost2010Prop56
140
1.0
102
RTVSPost2010PropOp56
 70
     1
102
RTVSPost2010Prop57
140
1.0
102
RTVSPost2010PropOp57
 70
     1
102
RTVSPropertyOp0
 70
     1
102
RTVSPropertyOp1
 70
     1
102
RTVSPropertyOp2
 70
     1
102
RTVSPropertyOp3
 70
     1
102
RTVSPropertyOp4
 70
     1
102
RTVSPropertyOp5
 70
     1
102
RTVSPropertyOp6
 70
     1
102
RTVSPropertyOp7
 70
     1
102
RTVSPropertyOp8
 70
     1
102
RTVSPropertyOp9
 70
     1
102
RTVSPropertyOp10
 70
     1
102
RTVSPropertyOp11
 70
     1
102
RTVSPropertyOp12
 70
     1
102
RTVSPropertyOp13
 70
     1
102
RTVSPropertyOp14
 70
     1
102
RTVSPropertyOp15
 70
     1
102
RTVSPropertyOp16
 70
     1
102
RTVSPropertyOp17
 70
     1
102
RTVSPropertyOp18
 70
     1
102
RTVSPropertyOp19
 70
     1
102
RTVSPropertyOp20
 70
     1
102
RTVSPropertyOp21
 70
     1
102
RTVSPropertyOp22
 70
     1
102
RTVSPropertyOp23
 70
     1
102
RTVSPropertyOp24
 70
     1
102
RTVSPropertyOp25
 70
     1
102
RTVSPropertyOp26
 70
     1
102
RTVSPropertyOp27
 70
     1
102
RTVSPropertyOp28
 70
     1
102
RTVSPropertyOp29
 70
     1
102
RTVSPropertyOp30
 70
     1
102
RTVSPropertyOp31
 70
     1
102
RTVSPropertyOp32
 70
     1
102
RTVSPropertyOp33
 70
     1
102
RTVSPropertyOp34
 70
     1
102
RTVSPropertyOp35
 70
     1
102
RTVSPropertyOp36
 70
     1
102
RTVSPropertyOp37
 70
     1
102
RTVSPropertyOp38
 70
     1
102
RTVSPropertyOp39
 70
     1
102
RTVSPropertyOp40
 70
     1
102
RTVSPropertyOp41
 70
     1
102
RTVSPropertyOp42
 70
     1
102
RTVSPropertyOp43
 70
     1
102
RTVSPropertyOp44
 70
     1
102
RTVSPropertyOp45
 70
     1
102
RTVSPropertyOp46
 70
     1
102
RTVSPropertyOp47
 70
     1
102
RTVSPropertyOp48
 70
     1
102
RTVSPropertyOp49
 70
     1
102
RTVSPropertyOp50
 70
     1
102
RTVSPropertyOp51
 70
     0
102
RTVSPropertyOp52
 70
     0
102
RTVSPropertyOp53
 70
     1
102
RTVSPropertyOp54
 70
     1
102
RTVSPropertyOp55
 70
     1
102
RTVSPropertyOp56
 70
     1
102
RTVSPropertyOp57
 70
     1
102
RTVSPropertyOp58
 70
     1
102
RTVSPropertyOp59
 70
     1
102
RTVSPropertyOp60
 70
     1
102
RTVSPropertyOp61
 70
     1
102
RTVSPropertyOp62
 70
     1
  0
XRECORD
  5
1642
102
{ACAD_REACTORS
330
1641
102
}
330
1641
100
AcDbXrecord
280
     1
102
RTVSPost2010Prop28
280
     0
102
RTVSPost2010PropOp28
 70
     1
102
RTVSPost2010Prop29
280
     1
102
RTVSPost2010PropOp29
 70
     1
102
RTVSPost2010Prop30
280
     1
102
RTVSPost2010PropOp30
 70
     1
102
RTVSPost2010Prop31
280
     0
102
RTVSPost2010PropOp31
 70
     1
102
RTVSPost2010Prop32
280
     0
102
RTVSPost2010PropOp32
 70
     1
102
RTVSPost2010Prop33
280
     0
102
RTVSPost2010PropOp33
 70
     1
102
RTVSPost2010Prop34
280
     0
102
RTVSPost2010PropOp34
 70
     1
102
RTVSPost2010Prop35
280
     0
102
RTVSPost2010PropOp35
 70
     1
102
RTVSPost2010Prop36
280
     0
102
RTVSPost2010PropOp36
 70
     1
102
RTVSPost2010Prop37
 90
       50
102
RTVSPost2010PropOp37
 70
     1
102
RTVSPost2010Prop38
140
0.0
102
RTVSPost2010PropOp38
 70
     1
102
RTVSPost2010Prop39
140
1.0
102
RTVSPost2010PropOp39
 70
     1
102
RTVSPost2010Prop40
 90
        0
102
RTVSPost2010PropOp40
 70
     1
102
RTVSPost2010Prop41ColorIndex
 90
       18
102
RTVSPost2010Prop41ColorRGB
 90
        0
102
RTVSPost2010PropOp41
 70
     1
102
RTVSPost2010Prop42
 90
       50
102
RTVSPost2010PropOp42
 70
     1
102
RTVSPost2010Prop43
 90
        3
102
RTVSPost2010PropOp43
 70
     1
102
RTVSPost2010Prop44ColorIndex
 90
        5
102
RTVSPost2010Prop44ColorRGB
 90
      255
102
RTVSPost2010PropOp44
 70
     1
102
RTVSPost2010Prop45
280
     0
102
RTVSPost2010PropOp45
 70
     1
102
RTVSPost2010Prop46
 90
       50
102
RTVSPost2010PropOp46
 70
     1
102
RTVSPost2010Prop47
 90
       50
102
RTVSPost2010PropOp47
 70
     1
102
RTVSPost2010Prop48
 90
       50
102
RTVSPost2010PropOp48
 70
     1
102
RTVSPost2010Prop49
280
     0
102
RTVSPost2010PropOp49
 70
     1
102
RTVSPost2010Prop50
 90
       50
102
RTVSPost2010PropOp50
 70
     1
102
RTVSPost2010Prop51ColorIndex
 90
      256
102
RTVSPost2010Prop51ColorRGB
 90
-16777216
102
RTVSPost2010PropOp51
 70
     0
102
RTVSPost2010Prop52
140
1.0
102
RTVSPost2010PropOp52
 70
     0
102
RTVSPost2010Prop53
 90
        2
102
RTVSPost2010PropOp53
 70
     1
102
RTVSPost2010Prop54
  1
strokes_ogs.tif
102
RTVSPost2010PropOp54
 70
     1
102
RTVSPost2010Prop55
280
     0
102
RTVSPost2010PropOp55
 70
     1
102
RTVSPost2010Prop56
140
1.0
102
RTVSPost2010PropOp56
 70
     1
102
RTVSPost2010Prop57
140
1.0
102
RTVSPost2010PropOp57
 70
     1
102
RTVSPropertyOp0
 70
     1
102
RTVSPropertyOp1
 70
     1
102
RTVSPropertyOp2
 70
     1
102
RTVSPropertyOp3
 70
     1
102
RTVSPropertyOp4
 70
     1
102
RTVSPropertyOp5
 70
     1
102
RTVSPropertyOp6
 70
     1
102
RTVSPropertyOp7
 70
     1
102
RTVSPropertyOp8
 70
     1
102
RTVSPropertyOp9
 70
     1
102
RTVSPropertyOp10
 70
     1
102
RTVSPropertyOp11
 70
     1
102
RTVSPropertyOp12
 70
     1
102
RTVSPropertyOp13
 70
     1
102
RTVSPropertyOp14
 70
     1
102
RTVSPropertyOp15
 70
     1
102
RTVSPropertyOp16
 70
     1
102
RTVSPropertyOp17
 70
     1
102
RTVSPropertyOp18
 70
     1
102
RTVSPropertyOp19
 70
     1
102
RTVSPropertyOp20
 70
     1
102
RTVSPropertyOp21
 70
     1
102
RTVSPropertyOp22
 70
     1
102
RTVSPropertyOp23
 70
     1
102
RTVSPropertyOp24
 70
     1
102
RTVSPropertyOp25
 70
     1
102
RTVSPropertyOp26
 70
     1
102
RTVSPropertyOp27
 70
     1
102
RTVSPropertyOp28
 70
     1
102
RTVSPropertyOp29
 70
     1
102
RTVSPropertyOp30
 70
     1
102
RTVSPropertyOp31
 70
     1
102
RTVSPropertyOp32
 70
     1
102
RTVSPropertyOp33
 70
     1
102
RTVSPropertyOp34
 70
     1
102
RTVSPropertyOp35
 70
     1
102
RTVSPropertyOp36
 70
     1
102
RTVSPropertyOp37
 70
     1
102
RTVSPropertyOp38
 70
     1
102
RTVSPropertyOp39
 70
     1
102
RTVSPropertyOp40
 70
     1
102
RTVSPropertyOp41
 70
     1
102
RTVSPropertyOp42
 70
     1
102
RTVSPropertyOp43
 70
     1
102
RTVSPropertyOp44
 70
     1
102
RTVSPropertyOp45
 70
     1
102
RTVSPropertyOp46
 70
     1
102
RTVSPropertyOp47
 70
     1
102
RTVSPropertyOp48
 70
     1
102
RTVSPropertyOp49
 70
     1
102
RTVSPropertyOp50
 70
     1
102
RTVSPropertyOp51
 70
     0
102
RTVSPropertyOp52
 70
     0
102
RTVSPropertyOp53
 70
     1
102
RTVSPropertyOp54
 70
     1
102
RTVSPropertyOp55
 70
     1
102
RTVSPropertyOp56
 70
     1
102
RTVSPropertyOp57
 70
     1
102
RTVSPropertyOp58
 70
     1
102
RTVSPropertyOp59
 70
     1
102
RTVSPropertyOp60
 70
     1
102
RTVSPropertyOp61
 70
     1
102
RTVSPropertyOp62
 70
     1
  0
XRECORD
  5
1644
102
{ACAD_REACTORS
330
1643
102
}
330
1643
100
AcDbXrecord
280
     1
102
RTVSPost2010Prop28
280
     0
102
RTVSPost2010PropOp28
 70
     1
102
RTVSPost2010Prop29
280
     1
102
RTVSPost2010PropOp29
 70
     1
102
RTVSPost2010Prop30
280
     1
102
RTVSPost2010PropOp30
 70
     1
102
RTVSPost2010Prop31
280
     0
102
RTVSPost2010PropOp31
 70
     1
102
RTVSPost2010Prop32
280
     0
102
RTVSPost2010PropOp32
 70
     1
102
RTVSPost2010Prop33
280
     0
102
RTVSPost2010PropOp33
 70
     1
102
RTVSPost2010Prop34
280
     0
102
RTVSPost2010PropOp34
 70
     1
102
RTVSPost2010Prop35
280
     0
102
RTVSPost2010PropOp35
 70
     1
102
RTVSPost2010Prop36
280
     0
102
RTVSPost2010PropOp36
 70
     1
102
RTVSPost2010Prop37
 90
       50
102
RTVSPost2010PropOp37
 70
     1
102
RTVSPost2010Prop38
140
0.0
102
RTVSPost2010PropOp38
 70
     1
102
RTVSPost2010Prop39
140
1.0
102
RTVSPost2010PropOp39
 70
     1
102
RTVSPost2010Prop40
 90
        0
102
RTVSPost2010PropOp40
 70
     1
102
RTVSPost2010Prop41ColorIndex
 90
       18
102
RTVSPost2010Prop41ColorRGB
 90
        0
102
RTVSPost2010PropOp41
 70
     1
102
RTVSPost2010Prop42
 90
       50
102
RTVSPost2010PropOp42
 70
     1
102
RTVSPost2010Prop43
 90
        3
102
RTVSPost2010PropOp43
 70
     1
102
RTVSPost2010Prop44ColorIndex
 90
        5
102
RTVSPost2010Prop44ColorRGB
 90
      255
102
RTVSPost2010PropOp44
 70
     1
102
RTVSPost2010Prop45
280
     0
102
RTVSPost2010PropOp45
 70
     1
102
RTVSPost2010Prop46
 90
       50
102
RTVSPost2010PropOp46
 70
     1
102
RTVSPost2010Prop47
 90
       50
102
RTVSPost2010PropOp47
 70
     1
102
RTVSPost2010Prop48
 90
       50
102
RTVSPost2010PropOp48
 70
     1
102
RTVSPost2010Prop49
280
     0
102
RTVSPost2010PropOp49
 70
     1
102
RTVSPost2010Prop50
 90
       50
102
RTVSPost2010PropOp50
 70
     1
102
RTVSPost2010Prop51ColorIndex
 90
      256
102
RTVSPost2010Prop51ColorRGB
 90
-16777216
102
RTVSPost2010PropOp51
 70
     0
102
RTVSPost2010Prop52
140
1.0
102
RTVSPost2010PropOp52
 70
     0
102
RTVSPost2010Prop53
 90
        2
102
RTVSPost2010PropOp53
 70
     1
102
RTVSPost2010Prop54
  1
strokes_ogs.tif
102
RTVSPost2010PropOp54
 70
     1
102
RTVSPost2010Prop55
280
     0
102
RTVSPost2010PropOp55
 70
     1
102
RTVSPost2010Prop56
140
1.0
102
RTVSPost2010PropOp56
 70
     1
102
RTVSPost2010Prop57
140
1.0
102
RTVSPost2010PropOp57
 70
     1
102
RTVSPropertyOp0
 70
     1
102
RTVSPropertyOp1
 70
     1
102
RTVSPropertyOp2
 70
     1
102
RTVSPropertyOp3
 70
     1
102
RTVSPropertyOp4
 70
     1
102
RTVSPropertyOp5
 70
     1
102
RTVSPropertyOp6
 70
     1
102
RTVSPropertyOp7
 70
     1
102
RTVSPropertyOp8
 70
     1
102
RTVSPropertyOp9
 70
     1
102
RTVSPropertyOp10
 70
     1
102
RTVSPropertyOp11
 70
     1
102
RTVSPropertyOp12
 70
     1
102
RTVSPropertyOp13
 70
     1
102
RTVSPropertyOp14
 70
     1
102
RTVSPropertyOp15
 70
     1
102
RTVSPropertyOp16
 70
     1
102
RTVSPropertyOp17
 70
     1
102
RTVSPropertyOp18
 70
     1
102
RTVSPropertyOp19
 70
     1
102
RTVSPropertyOp20
 70
     1
102
RTVSPropertyOp21
 70
     1
102
RTVSPropertyOp22
 70
     1
102
RTVSPropertyOp23
 70
     1
102
RTVSPropertyOp24
 70
     1
102
RTVSPropertyOp25
 70
     1
102
RTVSPropertyOp26
 70
     1
102
RTVSPropertyOp27
 70
     1
102
RTVSPropertyOp28
 70
     1
102
RTVSPropertyOp29
 70
     1
102
RTVSPropertyOp30
 70
     1
102
RTVSPropertyOp31
 70
     1
102
RTVSPropertyOp32
 70
     1
102
RTVSPropertyOp33
 70
     1
102
RTVSPropertyOp34
 70
     1
102
RTVSPropertyOp35
 70
     1
102
RTVSPropertyOp36
 70
     1
102
RTVSPropertyOp37
 70
     1
102
RTVSPropertyOp38
 70
     1
102
RTVSPropertyOp39
 70
     1
102
RTVSPropertyOp40
 70
     1
102
RTVSPropertyOp41
 70
     1
102
RTVSPropertyOp42
 70
     1
102
RTVSPropertyOp43
 70
     1
102
RTVSPropertyOp44
 70
     1
102
RTVSPropertyOp45
 70
     1
102
RTVSPropertyOp46
 70
     1
102
RTVSPropertyOp47
 70
     1
102
RTVSPropertyOp48
 70
     1
102
RTVSPropertyOp49
 70
     1
102
RTVSPropertyOp50
 70
     1
102
RTVSPropertyOp51
 70
     0
102
RTVSPropertyOp52
 70
     0
102
RTVSPropertyOp53
 70
     1
102
RTVSPropertyOp54
 70
     1
102
RTVSPropertyOp55
 70
     1
102
RTVSPropertyOp56
 70
     1
102
RTVSPropertyOp57
 70
     1
102
RTVSPropertyOp58
 70
     1
102
RTVSPropertyOp59
 70
     1
102
RTVSPropertyOp60
 70
     1
102
RTVSPropertyOp61
 70
     1
102
RTVSPropertyOp62
 70
     1
  0
XRECORD
  5
1646
102
{ACAD_REACTORS
330
1645
102
}
330
1645
100
AcDbXrecord
280
     1
102
RTVSPost2010Prop28
280
     0
102
RTVSPost2010PropOp28
 70
     1
102
RTVSPost2010Prop29
280
     1
102
RTVSPost2010PropOp29
 70
     1
102
RTVSPost2010Prop30
280
     1
102
RTVSPost2010PropOp30
 70
     1
102
RTVSPost2010Prop31
280
     0
102
RTVSPost2010PropOp31
 70
     1
102
RTVSPost2010Prop32
280
     0
102
RTVSPost2010PropOp32
 70
     1
102
RTVSPost2010Prop33
280
     0
102
RTVSPost2010PropOp33
 70
     1
102
RTVSPost2010Prop34
280
     0
102
RTVSPost2010PropOp34
 70
     1
102
RTVSPost2010Prop35
280
     0
102
RTVSPost2010PropOp35
 70
     1
102
RTVSPost2010Prop36
280
     0
102
RTVSPost2010PropOp36
 70
     1
102
RTVSPost2010Prop37
 90
       50
102
RTVSPost2010PropOp37
 70
     1
102
RTVSPost2010Prop38
140
0.0
102
RTVSPost2010PropOp38
 70
     1
102
RTVSPost2010Prop39
140
1.0
102
RTVSPost2010PropOp39
 70
     1
102
RTVSPost2010Prop40
 90
        0
102
RTVSPost2010PropOp40
 70
     1
102
RTVSPost2010Prop41ColorIndex
 90
       18
102
RTVSPost2010Prop41ColorRGB
 90
        0
102
RTVSPost2010PropOp41
 70
     1
102
RTVSPost2010Prop42
 90
       50
102
RTVSPost2010PropOp42
 70
     1
102
RTVSPost2010Prop43
 90
        3
102
RTVSPost2010PropOp43
 70
     1
102
RTVSPost2010Prop44ColorIndex
 90
        5
102
RTVSPost2010Prop44ColorRGB
 90
      255
102
RTVSPost2010PropOp44
 70
     1
102
RTVSPost2010Prop45
280
     0
102
RTVSPost2010PropOp45
 70
     1
102
RTVSPost2010Prop46
 90
       50
102
RTVSPost2010PropOp46
 70
     1
102
RTVSPost2010Prop47
 90
       50
102
RTVSPost2010PropOp47
 70
     1
102
RTVSPost2010Prop48
 90
       50
102
RTVSPost2010PropOp48
 70
     1
102
RTVSPost2010Prop49
280
     0
102
RTVSPost2010PropOp49
 70
     1
102
RTVSPost2010Prop50
 90
       50
102
RTVSPost2010PropOp50
 70
     1
102
RTVSPost2010Prop51ColorIndex
 90
      256
102
RTVSPost2010Prop51ColorRGB
 90
-16777216
102
RTVSPost2010PropOp51
 70
     0
102
RTVSPost2010Prop52
140
1.0
102
RTVSPost2010PropOp52
 70
     0
102
RTVSPost2010Prop53
 90
        2
102
RTVSPost2010PropOp53
 70
     1
102
RTVSPost2010Prop54
  1
strokes_ogs.tif
102
RTVSPost2010PropOp54
 70
     1
102
RTVSPost2010Prop55
280
     0
102
RTVSPost2010PropOp55
 70
     1
102
RTVSPost2010Prop56
140
1.0
102
RTVSPost2010PropOp56
 70
     1
102
RTVSPost2010Prop57
140
1.0
102
RTVSPost2010PropOp57
 70
     1
102
RTVSPropertyOp0
 70
     1
102
RTVSPropertyOp1
 70
     1
102
RTVSPropertyOp2
 70
     1
102
RTVSPropertyOp3
 70
     1
102
RTVSPropertyOp4
 70
     1
102
RTVSPropertyOp5
 70
     1
102
RTVSPropertyOp6
 70
     1
102
RTVSPropertyOp7
 70
     1
102
RTVSPropertyOp8
 70
     1
102
RTVSPropertyOp9
 70
     1
102
RTVSPropertyOp10
 70
     1
102
RTVSPropertyOp11
 70
     1
102
RTVSPropertyOp12
 70
     1
102
RTVSPropertyOp13
 70
     1
102
RTVSPropertyOp14
 70
     1
102
RTVSPropertyOp15
 70
     1
102
RTVSPropertyOp16
 70
     1
102
RTVSPropertyOp17
 70
     1
102
RTVSPropertyOp18
 70
     1
102
RTVSPropertyOp19
 70
     1
102
RTVSPropertyOp20
 70
     1
102
RTVSPropertyOp21
 70
     1
102
RTVSPropertyOp22
 70
     1
102
RTVSPropertyOp23
 70
     1
102
RTVSPropertyOp24
 70
     1
102
RTVSPropertyOp25
 70
     1
102
RTVSPropertyOp26
 70
     1
102
RTVSPropertyOp27
 70
     1
102
RTVSPropertyOp28
 70
     1
102
RTVSPropertyOp29
 70
     1
102
RTVSPropertyOp30
 70
     1
102
RTVSPropertyOp31
 70
     1
102
RTVSPropertyOp32
 70
     1
102
RTVSPropertyOp33
 70
     1
102
RTVSPropertyOp34
 70
     1
102
RTVSPropertyOp35
 70
     1
102
RTVSPropertyOp36
 70
     1
102
RTVSPropertyOp37
 70
     1
102
RTVSPropertyOp38
 70
     1
102
RTVSPropertyOp39
 70
     1
102
RTVSPropertyOp40
 70
     1
102
RTVSPropertyOp41
 70
     1
102
RTVSPropertyOp42
 70
     1
102
RTVSPropertyOp43
 70
     1
102
RTVSPropertyOp44
 70
     1
102
RTVSPropertyOp45
 70
     1
102
RTVSPropertyOp46
 70
     1
102
RTVSPropertyOp47
 70
     1
102
RTVSPropertyOp48
 70
     1
102
RTVSPropertyOp49
 70
     1
102
RTVSPropertyOp50
 70
     1
102
RTVSPropertyOp51
 70
     0
102
RTVSPropertyOp52
 70
     0
102
RTVSPropertyOp53
 70
     1
102
RTVSPropertyOp54
 70
     1
102
RTVSPropertyOp55
 70
     1
102
RTVSPropertyOp56
 70
     1
102
RTVSPropertyOp57
 70
     1
102
RTVSPropertyOp58
 70
     1
102
RTVSPropertyOp59
 70
     1
102
RTVSPropertyOp60
 70
     1
102
RTVSPropertyOp61
 70
     1
102
RTVSPropertyOp62
 70
     1
  0
XRECORD
  5
164E
102
{ACAD_REACTORS
330
164D
102
}
330
164D
100
AcDbXrecord
280
     1
102
RTVSPost2010Prop28
280
     0
102
RTVSPost2010PropOp28
 70
     1
102
RTVSPost2010Prop29
280
     1
102
RTVSPost2010PropOp29
 70
     1
102
RTVSPost2010Prop30
280
     1
102
RTVSPost2010PropOp30
 70
     1
102
RTVSPost2010Prop31
280
     0
102
RTVSPost2010PropOp31
 70
     1
102
RTVSPost2010Prop32
280
     0
102
RTVSPost2010PropOp32
 70
     1
102
RTVSPost2010Prop33
280
     0
102
RTVSPost2010PropOp33
 70
     1
102
RTVSPost2010Prop34
280
     0
102
RTVSPost2010PropOp34
 70
     1
102
RTVSPost2010Prop35
280
     0
102
RTVSPost2010PropOp35
 70
     1
102
RTVSPost2010Prop36
280
     0
102
RTVSPost2010PropOp36
 70
     1
102
RTVSPost2010Prop37
 90
       50
102
RTVSPost2010PropOp37
 70
     1
102
RTVSPost2010Prop38
140
0.0
102
RTVSPost2010PropOp38
 70
     1
102
RTVSPost2010Prop39
140
1.0
102
RTVSPost2010PropOp39
 70
     1
102
RTVSPost2010Prop40
 90
        0
102
RTVSPost2010PropOp40
 70
     1
102
RTVSPost2010Prop41ColorIndex
 90
       18
102
RTVSPost2010Prop41ColorRGB
 90
        0
102
RTVSPost2010PropOp41
 70
     1
102
RTVSPost2010Prop42
 90
       50
102
RTVSPost2010PropOp42
 70
     1
102
RTVSPost2010Prop43
 90
        3
102
RTVSPost2010PropOp43
 70
     1
102
RTVSPost2010Prop44ColorIndex
 90
        5
102
RTVSPost2010Prop44ColorRGB
 90
      255
102
RTVSPost2010PropOp44
 70
     1
102
RTVSPost2010Prop45
280
     0
102
RTVSPost2010PropOp45
 70
     1
102
RTVSPost2010Prop46
 90
       50
102
RTVSPost2010PropOp46
 70
     1
102
RTVSPost2010Prop47
 90
       50
102
RTVSPost2010PropOp47
 70
     1
102
RTVSPost2010Prop48
 90
       50
102
RTVSPost2010PropOp48
 70
     1
102
RTVSPost2010Prop49
280
     0
102
RTVSPost2010PropOp49
 70
     1
102
RTVSPost2010Prop50
 90
       50
102
RTVSPost2010PropOp50
 70
     1
102
RTVSPost2010Prop51ColorIndex
 90
      256
102
RTVSPost2010Prop51ColorRGB
 90
-16777216
102
RTVSPost2010PropOp51
 70
     0
102
RTVSPost2010Prop52
140
1.0
102
RTVSPost2010PropOp52
 70
     0
102
RTVSPost2010Prop53
 90
        2
102
RTVSPost2010PropOp53
 70
     1
102
RTVSPost2010Prop54
  1
strokes_ogs.tif
102
RTVSPost2010PropOp54
 70
     1
102
RTVSPost2010Prop55
280
     0
102
RTVSPost2010PropOp55
 70
     1
102
RTVSPost2010Prop56
140
1.0
102
RTVSPost2010PropOp56
 70
     1
102
RTVSPost2010Prop57
140
1.0
102
RTVSPost2010PropOp57
 70
     1
102
RTVSPropertyOp0
 70
     1
102
RTVSPropertyOp1
 70
     1
102
RTVSPropertyOp2
 70
     1
102
RTVSPropertyOp3
 70
     1
102
RTVSPropertyOp4
 70
     1
102
RTVSPropertyOp5
 70
     1
102
RTVSPropertyOp6
 70
     1
102
RTVSPropertyOp7
 70
     1
102
RTVSPropertyOp8
 70
     1
102
RTVSPropertyOp9
 70
     1
102
RTVSPropertyOp10
 70
     1
102
RTVSPropertyOp11
 70
     1
102
RTVSPropertyOp12
 70
     1
102
RTVSPropertyOp13
 70
     1
102
RTVSPropertyOp14
 70
     1
102
RTVSPropertyOp15
 70
     1
102
RTVSPropertyOp16
 70
     1
102
RTVSPropertyOp17
 70
     1
102
RTVSPropertyOp18
 70
     1
102
RTVSPropertyOp19
 70
     1
102
RTVSPropertyOp20
 70
     1
102
RTVSPropertyOp21
 70
     1
102
RTVSPropertyOp22
 70
     1
102
RTVSPropertyOp23
 70
     1
102
RTVSPropertyOp24
 70
     1
102
RTVSPropertyOp25
 70
     1
102
RTVSPropertyOp26
 70
     1
102
RTVSPropertyOp27
 70
     1
102
RTVSPropertyOp28
 70
     1
102
RTVSPropertyOp29
 70
     1
102
RTVSPropertyOp30
 70
     1
102
RTVSPropertyOp31
 70
     1
102
RTVSPropertyOp32
 70
     1
102
RTVSPropertyOp33
 70
     1
102
RTVSPropertyOp34
 70
     1
102
RTVSPropertyOp35
 70
     1
102
RTVSPropertyOp36
 70
     1
102
RTVSPropertyOp37
 70
     1
102
RTVSPropertyOp38
 70
     1
102
RTVSPropertyOp39
 70
     1
102
RTVSPropertyOp40
 70
     1
102
RTVSPropertyOp41
 70
     1
102
RTVSPropertyOp42
 70
     1
102
RTVSPropertyOp43
 70
     1
102
RTVSPropertyOp44
 70
     1
102
RTVSPropertyOp45
 70
     1
102
RTVSPropertyOp46
 70
     1
102
RTVSPropertyOp47
 70
     1
102
RTVSPropertyOp48
 70
     1
102
RTVSPropertyOp49
 70
     1
102
RTVSPropertyOp50
 70
     1
102
RTVSPropertyOp51
 70
     0
102
RTVSPropertyOp52
 70
     0
102
RTVSPropertyOp53
 70
     1
102
RTVSPropertyOp54
 70
     1
102
RTVSPropertyOp55
 70
     1
102
RTVSPropertyOp56
 70
     1
102
RTVSPropertyOp57
 70
     1
102
RTVSPropertyOp58
 70
     1
102
RTVSPropertyOp59
 70
     1
102
RTVSPropertyOp60
 70
     1
102
RTVSPropertyOp61
 70
     1
102
RTVSPropertyOp62
 70
     1
  0
XRECORD
  5
1660
102
{ACAD_REACTORS
330
165F
102
}
330
165F
100
AcDbXrecord
280
     1
102
RTVSPost2010Prop28
280
     0
102
RTVSPost2010PropOp28
 70
     1
102
RTVSPost2010Prop29
280
     1
102
RTVSPost2010PropOp29
 70
     1
102
RTVSPost2010Prop30
280
     1
102
RTVSPost2010PropOp30
 70
     1
102
RTVSPost2010Prop31
280
     0
102
RTVSPost2010PropOp31
 70
     1
102
RTVSPost2010Prop32
280
     0
102
RTVSPost2010PropOp32
 70
     1
102
RTVSPost2010Prop33
280
     0
102
RTVSPost2010PropOp33
 70
     1
102
RTVSPost2010Prop34
280
     0
102
RTVSPost2010PropOp34
 70
     1
102
RTVSPost2010Prop35
280
     0
102
RTVSPost2010PropOp35
 70
     1
102
RTVSPost2010Prop36
280
     0
102
RTVSPost2010PropOp36
 70
     1
102
RTVSPost2010Prop37
 90
       50
102
RTVSPost2010PropOp37
 70
     1
102
RTVSPost2010Prop38
140
0.0
102
RTVSPost2010PropOp38
 70
     1
102
RTVSPost2010Prop39
140
1.0
102
RTVSPost2010PropOp39
 70
     1
102
RTVSPost2010Prop40
 90
        0
102
RTVSPost2010PropOp40
 70
     1
102
RTVSPost2010Prop41ColorIndex
 90
       18
102
RTVSPost2010Prop41ColorRGB
 90
        0
102
RTVSPost2010PropOp41
 70
     1
102
RTVSPost2010Prop42
 90
       50
102
RTVSPost2010PropOp42
 70
     1
102
RTVSPost2010Prop43
 90
        3
102
RTVSPost2010PropOp43
 70
     1
102
RTVSPost2010Prop44ColorIndex
 90
        5
102
RTVSPost2010Prop44ColorRGB
 90
      255
102
RTVSPost2010PropOp44
 70
     1
102
RTVSPost2010Prop45
280
     0
102
RTVSPost2010PropOp45
 70
     1
102
RTVSPost2010Prop46
 90
       50
102
RTVSPost2010PropOp46
 70
     1
102
RTVSPost2010Prop47
 90
       50
102
RTVSPost2010PropOp47
 70
     1
102
RTVSPost2010Prop48
 90
       50
102
RTVSPost2010PropOp48
 70
     1
102
RTVSPost2010Prop49
280
     0
102
RTVSPost2010PropOp49
 70
     1
102
RTVSPost2010Prop50
 90
       50
102
RTVSPost2010PropOp50
 70
     1
102
RTVSPost2010Prop51ColorIndex
 90
      256
102
RTVSPost2010Prop51ColorRGB
 90
-16777216
102
RTVSPost2010PropOp51
 70
     0
102
RTVSPost2010Prop52
140
1.0
102
RTVSPost2010PropOp52
 70
     0
102
RTVSPost2010Prop53
 90
        2
102
RTVSPost2010PropOp53
 70
     1
102
RTVSPost2010Prop54
  1
strokes_ogs.tif
102
RTVSPost2010PropOp54
 70
     1
102
RTVSPost2010Prop55
280
     0
102
RTVSPost2010PropOp55
 70
     1
102
RTVSPost2010Prop56
140
1.0
102
RTVSPost2010PropOp56
 70
     1
102
RTVSPost2010Prop57
140
1.0
102
RTVSPost2010PropOp57
 70
     1
102
RTVSPropertyOp0
 70
     0
102
RTVSPropertyOp1
 70
     0
102
RTVSPropertyOp2
 70
     0
102
RTVSPropertyOp3
 70
     0
102
RTVSPropertyOp4
 70
     0
102
RTVSPropertyOp5
 70
     0
102
RTVSPropertyOp6
 70
     0
102
RTVSPropertyOp7
 70
     0
102
RTVSPropertyOp8
 70
     0
102
RTVSPropertyOp9
 70
     0
102
RTVSPropertyOp10
 70
     0
102
RTVSPropertyOp11
 70
     0
102
RTVSPropertyOp12
 70
     0
102
RTVSPropertyOp13
 70
     0
102
RTVSPropertyOp14
 70
     2
102
RTVSPropertyOp15
 70
     0
102
RTVSPropertyOp16
 70
     0
102
RTVSPropertyOp17
 70
     0
102
RTVSPropertyOp18
 70
     0
102
RTVSPropertyOp19
 70
     0
102
RTVSPropertyOp20
 70
     0
102
RTVSPropertyOp21
 70
     0
102
RTVSPropertyOp22
 70
     0
102
RTVSPropertyOp23
 70
     0
102
RTVSPropertyOp24
 70
     0
102
RTVSPropertyOp25
 70
     0
102
RTVSPropertyOp26
 70
     0
102
RTVSPropertyOp27
 70
     0
102
RTVSPropertyOp28
 70
     1
102
RTVSPropertyOp29
 70
     1
102
RTVSPropertyOp30
 70
     1
102
RTVSPropertyOp31
 70
     1
102
RTVSPropertyOp32
 70
     1
102
RTVSPropertyOp33
 70
     1
102
RTVSPropertyOp34
 70
     1
102
RTVSPropertyOp35
 70
     1
102
RTVSPropertyOp36
 70
     1
102
RTVSPropertyOp37
 70
     1
102
RTVSPropertyOp38
 70
     1
102
RTVSPropertyOp39
 70
     1
102
RTVSPropertyOp40
 70
     1
102
RTVSPropertyOp41
 70
     1
102
RTVSPropertyOp42
 70
     1
102
RTVSPropertyOp43
 70
     1
102
RTVSPropertyOp44
 70
     1
102
RTVSPropertyOp45
 70
     1
102
RTVSPropertyOp46
 70
     1
102
RTVSPropertyOp47
 70
     1
102
RTVSPropertyOp48
 70
     1
102
RTVSPropertyOp49
 70
     1
102
RTVSPropertyOp50
 70
     1
102
RTVSPropertyOp51
 70
     0
102
RTVSPropertyOp52
 70
     0
102
RTVSPropertyOp53
 70
     1
102
RTVSPropertyOp54
 70
     1
102
RTVSPropertyOp55
 70
     1
102
RTVSPropertyOp56
 70
     1
102
RTVSPropertyOp57
 70
     1
102
RTVSPropertyOp58
 70
     1
102
RTVSPropertyOp59
 70
     1
102
RTVSPropertyOp60
 70
     1
102
RTVSPropertyOp61
 70
     1
102
RTVSPropertyOp62
 70
     1
  0
XRECORD
  5
165A
102
{ACAD_REACTORS
330
1659
102
}
330
1659
100
AcDbXrecord
280
     1
102
RTVSPost2010Prop28
280
     0
102
RTVSPost2010PropOp28
 70
     1
102
RTVSPost2010Prop29
280
     1
102
RTVSPost2010PropOp29
 70
     1
102
RTVSPost2010Prop30
280
     1
102
RTVSPost2010PropOp30
 70
     1
102
RTVSPost2010Prop31
280
     0
102
RTVSPost2010PropOp31
 70
     1
102
RTVSPost2010Prop32
280
     0
102
RTVSPost2010PropOp32
 70
     1
102
RTVSPost2010Prop33
280
     0
102
RTVSPost2010PropOp33
 70
     1
102
RTVSPost2010Prop34
280
     0
102
RTVSPost2010PropOp34
 70
     1
102
RTVSPost2010Prop35
280
     0
102
RTVSPost2010PropOp35
 70
     1
102
RTVSPost2010Prop36
280
     0
102
RTVSPost2010PropOp36
 70
     1
102
RTVSPost2010Prop37
 90
       50
102
RTVSPost2010PropOp37
 70
     1
102
RTVSPost2010Prop38
140
0.0
102
RTVSPost2010PropOp38
 70
     1
102
RTVSPost2010Prop39
140
1.0
102
RTVSPost2010PropOp39
 70
     1
102
RTVSPost2010Prop40
 90
        0
102
RTVSPost2010PropOp40
 70
     1
102
RTVSPost2010Prop41ColorIndex
 90
       18
102
RTVSPost2010Prop41ColorRGB
 90
        0
102
RTVSPost2010PropOp41
 70
     1
102
RTVSPost2010Prop42
 90
       50
102
RTVSPost2010PropOp42
 70
     1
102
RTVSPost2010Prop43
 90
        3
102
RTVSPost2010PropOp43
 70
     1
102
RTVSPost2010Prop44ColorIndex
 90
        5
102
RTVSPost2010Prop44ColorRGB
 90
      255
102
RTVSPost2010PropOp44
 70
     1
102
RTVSPost2010Prop45
280
     0
102
RTVSPost2010PropOp45
 70
     1
102
RTVSPost2010Prop46
 90
       50
102
RTVSPost2010PropOp46
 70
     1
102
RTVSPost2010Prop47
 90
       50
102
RTVSPost2010PropOp47
 70
     1
102
RTVSPost2010Prop48
 90
       50
102
RTVSPost2010PropOp48
 70
     1
102
RTVSPost2010Prop49
280
     0
102
RTVSPost2010PropOp49
 70
     1
102
RTVSPost2010Prop50
 90
       50
102
RTVSPost2010PropOp50
 70
     1
102
RTVSPost2010Prop51ColorIndex
 90
      256
102
RTVSPost2010Prop51ColorRGB
 90
-16777216
102
RTVSPost2010PropOp51
 70
     0
102
RTVSPost2010Prop52
140
1.0
102
RTVSPost2010PropOp52
 70
     0
102
RTVSPost2010Prop53
 90
        2
102
RTVSPost2010PropOp53
 70
     1
102
RTVSPost2010Prop54
  1
strokes_ogs.tif
102
RTVSPost2010PropOp54
 70
     1
102
RTVSPost2010Prop55
280
     0
102
RTVSPost2010PropOp55
 70
     1
102
RTVSPost2010Prop56
140
1.0
102
RTVSPost2010PropOp56
 70
     1
102
RTVSPost2010Prop57
140
1.0
102
RTVSPost2010PropOp57
 70
     1
102
RTVSPropertyOp0
 70
     1
102
RTVSPropertyOp1
 70
     1
102
RTVSPropertyOp2
 70
     1
102
RTVSPropertyOp3
 70
     1
102
RTVSPropertyOp4
 70
     1
102
RTVSPropertyOp5
 70
     1
102
RTVSPropertyOp6
 70
     1
102
RTVSPropertyOp7
 70
     1
102
RTVSPropertyOp8
 70
     1
102
RTVSPropertyOp9
 70
     1
102
RTVSPropertyOp10
 70
     1
102
RTVSPropertyOp11
 70
     1
102
RTVSPropertyOp12
 70
     1
102
RTVSPropertyOp13
 70
     1
102
RTVSPropertyOp14
 70
     1
102
RTVSPropertyOp15
 70
     1
102
RTVSPropertyOp16
 70
     1
102
RTVSPropertyOp17
 70
     1
102
RTVSPropertyOp18
 70
     1
102
RTVSPropertyOp19
 70
     1
102
RTVSPropertyOp20
 70
     1
102
RTVSPropertyOp21
 70
     1
102
RTVSPropertyOp22
 70
     1
102
RTVSPropertyOp23
 70
     1
102
RTVSPropertyOp24
 70
     1
102
RTVSPropertyOp25
 70
     1
102
RTVSPropertyOp26
 70
     1
102
RTVSPropertyOp27
 70
     1
102
RTVSPropertyOp28
 70
     1
102
RTVSPropertyOp29
 70
     1
102
RTVSPropertyOp30
 70
     1
102
RTVSPropertyOp31
 70
     1
102
RTVSPropertyOp32
 70
     1
102
RTVSPropertyOp33
 70
     1
102
RTVSPropertyOp34
 70
     1
102
RTVSPropertyOp35
 70
     1
102
RTVSPropertyOp36
 70
     1
102
RTVSPropertyOp37
 70
     1
102
RTVSPropertyOp38
 70
     1
102
RTVSPropertyOp39
 70
     1
102
RTVSPropertyOp40
 70
     1
102
RTVSPropertyOp41
 70
     1
102
RTVSPropertyOp42
 70
     1
102
RTVSPropertyOp43
 70
     1
102
RTVSPropertyOp44
 70
     1
102
RTVSPropertyOp45
 70
     1
102
RTVSPropertyOp46
 70
     1
102
RTVSPropertyOp47
 70
     1
102
RTVSPropertyOp48
 70
     1
102
RTVSPropertyOp49
 70
     1
102
RTVSPropertyOp50
 70
     1
102
RTVSPropertyOp51
 70
     0
102
RTVSPropertyOp52
 70
     0
102
RTVSPropertyOp53
 70
     1
102
RTVSPropertyOp54
 70
     1
102
RTVSPropertyOp55
 70
     1
102
RTVSPropertyOp56
 70
     1
102
RTVSPropertyOp57
 70
     1
102
RTVSPropertyOp58
 70
     1
102
RTVSPropertyOp59
 70
     1
102
RTVSPropertyOp60
 70
     1
102
RTVSPropertyOp61
 70
     1
102
RTVSPropertyOp62
 70
     1
  0
XRECORD
  5
1662
102
{ACAD_REACTORS
330
1661
102
}
330
1661
100
AcDbXrecord
280
     1
102
RTVSPost2010Prop28
280
     0
102
RTVSPost2010PropOp28
 70
     1
102
RTVSPost2010Prop29
280
     1
102
RTVSPost2010PropOp29
 70
     1
102
RTVSPost2010Prop30
280
     1
102
RTVSPost2010PropOp30
 70
     1
102
RTVSPost2010Prop31
280
     0
102
RTVSPost2010PropOp31
 70
     1
102
RTVSPost2010Prop32
280
     0
102
RTVSPost2010PropOp32
 70
     1
102
RTVSPost2010Prop33
280
     0
102
RTVSPost2010PropOp33
 70
     1
102
RTVSPost2010Prop34
280
     0
102
RTVSPost2010PropOp34
 70
     1
102
RTVSPost2010Prop35
280
     0
102
RTVSPost2010PropOp35
 70
     1
102
RTVSPost2010Prop36
280
     0
102
RTVSPost2010PropOp36
 70
     1
102
RTVSPost2010Prop37
 90
       50
102
RTVSPost2010PropOp37
 70
     1
102
RTVSPost2010Prop38
140
0.0
102
RTVSPost2010PropOp38
 70
     1
102
RTVSPost2010Prop39
140
1.0
102
RTVSPost2010PropOp39
 70
     1
102
RTVSPost2010Prop40
 90
        0
102
RTVSPost2010PropOp40
 70
     1
102
RTVSPost2010Prop41ColorIndex
 90
       18
102
RTVSPost2010Prop41ColorRGB
 90
        0
102
RTVSPost2010PropOp41
 70
     1
102
RTVSPost2010Prop42
 90
       50
102
RTVSPost2010PropOp42
 70
     1
102
RTVSPost2010Prop43
 90
        3
102
RTVSPost2010PropOp43
 70
     1
102
RTVSPost2010Prop44ColorIndex
 90
        5
102
RTVSPost2010Prop44ColorRGB
 90
      255
102
RTVSPost2010PropOp44
 70
     1
102
RTVSPost2010Prop45
280
     0
102
RTVSPost2010PropOp45
 70
     1
102
RTVSPost2010Prop46
 90
       50
102
RTVSPost2010PropOp46
 70
     1
102
RTVSPost2010Prop47
 90
       50
102
RTVSPost2010PropOp47
 70
     1
102
RTVSPost2010Prop48
 90
       50
102
RTVSPost2010PropOp48
 70
     1
102
RTVSPost2010Prop49
280
     0
102
RTVSPost2010PropOp49
 70
     1
102
RTVSPost2010Prop50
 90
       50
102
RTVSPost2010PropOp50
 70
     1
102
RTVSPost2010Prop51ColorIndex
 90
      256
102
RTVSPost2010Prop51ColorRGB
 90
-16777216
102
RTVSPost2010PropOp51
 70
     0
102
RTVSPost2010Prop52
140
1.0
102
RTVSPost2010PropOp52
 70
     0
102
RTVSPost2010Prop53
 90
        2
102
RTVSPost2010PropOp53
 70
     1
102
RTVSPost2010Prop54
  1
strokes_ogs.tif
102
RTVSPost2010PropOp54
 70
     1
102
RTVSPost2010Prop55
280
     0
102
RTVSPost2010PropOp55
 70
     1
102
RTVSPost2010Prop56
140
1.0
102
RTVSPost2010PropOp56
 70
     1
102
RTVSPost2010Prop57
140
1.0
102
RTVSPost2010PropOp57
 70
     1
102
RTVSPropertyOp0
 70
     0
102
RTVSPropertyOp1
 70
     0
102
RTVSPropertyOp2
 70
     0
102
RTVSPropertyOp3
 70
     0
102
RTVSPropertyOp4
 70
     0
102
RTVSPropertyOp5
 70
     0
102
RTVSPropertyOp6
 70
     0
102
RTVSPropertyOp7
 70
     0
102
RTVSPropertyOp8
 70
     0
102
RTVSPropertyOp9
 70
     0
102
RTVSPropertyOp10
 70
     0
102
RTVSPropertyOp11
 70
     0
102
RTVSPropertyOp12
 70
     0
102
RTVSPropertyOp13
 70
     0
102
RTVSPropertyOp14
 70
     2
102
RTVSPropertyOp15
 70
     0
102
RTVSPropertyOp16
 70
     0
102
RTVSPropertyOp17
 70
     0
102
RTVSPropertyOp18
 70
     0
102
RTVSPropertyOp19
 70
     0
102
RTVSPropertyOp20
 70
     0
102
RTVSPropertyOp21
 70
     0
102
RTVSPropertyOp22
 70
     0
102
RTVSPropertyOp23
 70
     0
102
RTVSPropertyOp24
 70
     0
102
RTVSPropertyOp25
 70
     0
102
RTVSPropertyOp26
 70
     0
102
RTVSPropertyOp27
 70
     0
102
RTVSPropertyOp28
 70
     1
102
RTVSPropertyOp29
 70
     1
102
RTVSPropertyOp30
 70
     1
102
RTVSPropertyOp31
 70
     1
102
RTVSPropertyOp32
 70
     1
102
RTVSPropertyOp33
 70
     1
102
RTVSPropertyOp34
 70
     1
102
RTVSPropertyOp35
 70
     1
102
RTVSPropertyOp36
 70
     1
102
RTVSPropertyOp37
 70
     1
102
RTVSPropertyOp38
 70
     1
102
RTVSPropertyOp39
 70
     1
102
RTVSPropertyOp40
 70
     1
102
RTVSPropertyOp41
 70
     1
102
RTVSPropertyOp42
 70
     1
102
RTVSPropertyOp43
 70
     1
102
RTVSPropertyOp44
 70
     1
102
RTVSPropertyOp45
 70
     1
102
RTVSPropertyOp46
 70
     1
102
RTVSPropertyOp47
 70
     1
102
RTVSPropertyOp48
 70
     1
102
RTVSPropertyOp49
 70
     1
102
RTVSPropertyOp50
 70
     1
102
RTVSPropertyOp51
 70
     0
102
RTVSPropertyOp52
 70
     0
102
RTVSPropertyOp53
 70
     1
102
RTVSPropertyOp54
 70
     1
102
RTVSPropertyOp55
 70
     1
102
RTVSPropertyOp56
 70
     1
102
RTVSPropertyOp57
 70
     1
102
RTVSPropertyOp58
 70
     1
102
RTVSPropertyOp59
 70
     1
102
RTVSPropertyOp60
 70
     1
102
RTVSPropertyOp61
 70
     1
102
RTVSPropertyOp62
 70
     1
  0
XRECORD
  5
1652
102
{ACAD_REACTORS
330
1651
102
}
330
1651
100
AcDbXrecord
280
     1
102
RTVSPost2010Prop28
280
     0
102
RTVSPost2010PropOp28
 70
     1
102
RTVSPost2010Prop29
280
     1
102
RTVSPost2010PropOp29
 70
     1
102
RTVSPost2010Prop30
280
     1
102
RTVSPost2010PropOp30
 70
     1
102
RTVSPost2010Prop31
280
     0
102
RTVSPost2010PropOp31
 70
     1
102
RTVSPost2010Prop32
280
     0
102
RTVSPost2010PropOp32
 70
     1
102
RTVSPost2010Prop33
280
     0
102
RTVSPost2010PropOp33
 70
     1
102
RTVSPost2010Prop34
280
     0
102
RTVSPost2010PropOp34
 70
     1
102
RTVSPost2010Prop35
280
     0
102
RTVSPost2010PropOp35
 70
     1
102
RTVSPost2010Prop36
280
     0
102
RTVSPost2010PropOp36
 70
     1
102
RTVSPost2010Prop37
 90
       50
102
RTVSPost2010PropOp37
 70
     1
102
RTVSPost2010Prop38
140
0.0
102
RTVSPost2010PropOp38
 70
     1
102
RTVSPost2010Prop39
140
1.0
102
RTVSPost2010PropOp39
 70
     1
102
RTVSPost2010Prop40
 90
        0
102
RTVSPost2010PropOp40
 70
     1
102
RTVSPost2010Prop41ColorIndex
 90
       18
102
RTVSPost2010Prop41ColorRGB
 90
        0
102
RTVSPost2010PropOp41
 70
     1
102
RTVSPost2010Prop42
 90
       50
102
RTVSPost2010PropOp42
 70
     1
102
RTVSPost2010Prop43
 90
        3
102
RTVSPost2010PropOp43
 70
     1
102
RTVSPost2010Prop44ColorIndex
 90
        5
102
RTVSPost2010Prop44ColorRGB
 90
      255
102
RTVSPost2010PropOp44
 70
     1
102
RTVSPost2010Prop45
280
     0
102
RTVSPost2010PropOp45
 70
     1
102
RTVSPost2010Prop46
 90
       50
102
RTVSPost2010PropOp46
 70
     1
102
RTVSPost2010Prop47
 90
       50
102
RTVSPost2010PropOp47
 70
     1
102
RTVSPost2010Prop48
 90
       50
102
RTVSPost2010PropOp48
 70
     1
102
RTVSPost2010Prop49
280
     0
102
RTVSPost2010PropOp49
 70
     1
102
RTVSPost2010Prop50
 90
       50
102
RTVSPost2010PropOp50
 70
     1
102
RTVSPost2010Prop51ColorIndex
 90
      256
102
RTVSPost2010Prop51ColorRGB
 90
-16777216
102
RTVSPost2010PropOp51
 70
     0
102
RTVSPost2010Prop52
140
1.0
102
RTVSPost2010PropOp52
 70
     0
102
RTVSPost2010Prop53
 90
        2
102
RTVSPost2010PropOp53
 70
     1
102
RTVSPost2010Prop54
  1
strokes_ogs.tif
102
RTVSPost2010PropOp54
 70
     1
102
RTVSPost2010Prop55
280
     0
102
RTVSPost2010PropOp55
 70
     1
102
RTVSPost2010Prop56
140
1.0
102
RTVSPost2010PropOp56
 70
     1
102
RTVSPost2010Prop57
140
1.0
102
RTVSPost2010PropOp57
 70
     1
102
RTVSPropertyOp0
 70
     1
102
RTVSPropertyOp1
 70
     1
102
RTVSPropertyOp2
 70
     1
102
RTVSPropertyOp3
 70
     1
102
RTVSPropertyOp4
 70
     1
102
RTVSPropertyOp5
 70
     1
102
RTVSPropertyOp6
 70
     1
102
RTVSPropertyOp7
 70
     1
102
RTVSPropertyOp8
 70
     1
102
RTVSPropertyOp9
 70
     1
102
RTVSPropertyOp10
 70
     1
102
RTVSPropertyOp11
 70
     1
102
RTVSPropertyOp12
 70
     1
102
RTVSPropertyOp13
 70
     1
102
RTVSPropertyOp14
 70
     1
102
RTVSPropertyOp15
 70
     1
102
RTVSPropertyOp16
 70
     1
102
RTVSPropertyOp17
 70
     1
102
RTVSPropertyOp18
 70
     1
102
RTVSPropertyOp19
 70
     1
102
RTVSPropertyOp20
 70
     1
102
RTVSPropertyOp21
 70
     1
102
RTVSPropertyOp22
 70
     1
102
RTVSPropertyOp23
 70
     1
102
RTVSPropertyOp24
 70
     1
102
RTVSPropertyOp25
 70
     1
102
RTVSPropertyOp26
 70
     1
102
RTVSPropertyOp27
 70
     1
102
RTVSPropertyOp28
 70
     1
102
RTVSPropertyOp29
 70
     1
102
RTVSPropertyOp30
 70
     1
102
RTVSPropertyOp31
 70
     1
102
RTVSPropertyOp32
 70
     1
102
RTVSPropertyOp33
 70
     1
102
RTVSPropertyOp34
 70
     1
102
RTVSPropertyOp35
 70
     1
102
RTVSPropertyOp36
 70
     1
102
RTVSPropertyOp37
 70
     1
102
RTVSPropertyOp38
 70
     1
102
RTVSPropertyOp39
 70
     1
102
RTVSPropertyOp40
 70
     1
102
RTVSPropertyOp41
 70
     1
102
RTVSPropertyOp42
 70
     1
102
RTVSPropertyOp43
 70
     1
102
RTVSPropertyOp44
 70
     1
102
RTVSPropertyOp45
 70
     1
102
RTVSPropertyOp46
 70
     1
102
RTVSPropertyOp47
 70
     1
102
RTVSPropertyOp48
 70
     1
102
RTVSPropertyOp49
 70
     1
102
RTVSPropertyOp50
 70
     1
102
RTVSPropertyOp51
 70
     0
102
RTVSPropertyOp52
 70
     0
102
RTVSPropertyOp53
 70
     1
102
RTVSPropertyOp54
 70
     1
102
RTVSPropertyOp55
 70
     1
102
RTVSPropertyOp56
 70
     1
102
RTVSPropertyOp57
 70
     1
102
RTVSPropertyOp58
 70
     1
102
RTVSPropertyOp59
 70
     1
102
RTVSPropertyOp60
 70
     1
102
RTVSPropertyOp61
 70
     1
102
RTVSPropertyOp62
 70
     1
  0
XRECORD
  5
166E
102
{ACAD_REACTORS
330
166D
102
}
330
166D
100
AcDbXrecord
280
     1
102
RTVSPost2010Prop28
280
     0
102
RTVSPost2010PropOp28
 70
     1
102
RTVSPost2010Prop29
280
     1
102
RTVSPost2010PropOp29
 70
     1
102
RTVSPost2010Prop30
280
     1
102
RTVSPost2010PropOp30
 70
     1
102
RTVSPost2010Prop31
280
     0
102
RTVSPost2010PropOp31
 70
     1
102
RTVSPost2010Prop32
280
     0
102
RTVSPost2010PropOp32
 70
     1
102
RTVSPost2010Prop33
280
     0
102
RTVSPost2010PropOp33
 70
     1
102
RTVSPost2010Prop34
280
     0
102
RTVSPost2010PropOp34
 70
     1
102
RTVSPost2010Prop35
280
     0
102
RTVSPost2010PropOp35
 70
     1
102
RTVSPost2010Prop36
280
     0
102
RTVSPost2010PropOp36
 70
     1
102
RTVSPost2010Prop37
 90
       50
102
RTVSPost2010PropOp37
 70
     1
102
RTVSPost2010Prop38
140
0.0
102
RTVSPost2010PropOp38
 70
     1
102
RTVSPost2010Prop39
140
1.0
102
RTVSPost2010PropOp39
 70
     1
102
RTVSPost2010Prop40
 90
        0
102
RTVSPost2010PropOp40
 70
     1
102
RTVSPost2010Prop41ColorIndex
 90
       18
102
RTVSPost2010Prop41ColorRGB
 90
        0
102
RTVSPost2010PropOp41
 70
     1
102
RTVSPost2010Prop42
 90
       50
102
RTVSPost2010PropOp42
 70
     1
102
RTVSPost2010Prop43
 90
        3
102
RTVSPost2010PropOp43
 70
     1
102
RTVSPost2010Prop44ColorIndex
 90
        5
102
RTVSPost2010Prop44ColorRGB
 90
      255
102
RTVSPost2010PropOp44
 70
     1
102
RTVSPost2010Prop45
280
     0
102
RTVSPost2010PropOp45
 70
     1
102
RTVSPost2010Prop46
 90
       50
102
RTVSPost2010PropOp46
 70
     1
102
RTVSPost2010Prop47
 90
       50
102
RTVSPost2010PropOp47
 70
     1
102
RTVSPost2010Prop48
 90
       50
102
RTVSPost2010PropOp48
 70
     1
102
RTVSPost2010Prop49
280
     0
102
RTVSPost2010PropOp49
 70
     1
102
RTVSPost2010Prop50
 90
       50
102
RTVSPost2010PropOp50
 70
     1
102
RTVSPost2010Prop51ColorIndex
 90
      256
102
RTVSPost2010Prop51ColorRGB
 90
-16777216
102
RTVSPost2010PropOp51
 70
     0
102
RTVSPost2010Prop52
140
1.0
102
RTVSPost2010PropOp52
 70
     0
102
RTVSPost2010Prop53
 90
        2
102
RTVSPost2010PropOp53
 70
     1
102
RTVSPost2010Prop54
  1
strokes_ogs.tif
102
RTVSPost2010PropOp54
 70
     1
102
RTVSPost2010Prop55
280
     0
102
RTVSPost2010PropOp55
 70
     1
102
RTVSPost2010Prop56
140
1.0
102
RTVSPost2010PropOp56
 70
     1
102
RTVSPost2010Prop57
140
1.0
102
RTVSPost2010PropOp57
 70
     1
102
RTVSPropertyOp0
 70
     1
102
RTVSPropertyOp1
 70
     1
102
RTVSPropertyOp2
 70
     1
102
RTVSPropertyOp3
 70
     1
102
RTVSPropertyOp4
 70
     1
102
RTVSPropertyOp5
 70
     1
102
RTVSPropertyOp6
 70
     1
102
RTVSPropertyOp7
 70
     1
102
RTVSPropertyOp8
 70
     1
102
RTVSPropertyOp9
 70
     1
102
RTVSPropertyOp10
 70
     1
102
RTVSPropertyOp11
 70
     1
102
RTVSPropertyOp12
 70
     1
102
RTVSPropertyOp13
 70
     1
102
RTVSPropertyOp14
 70
     1
102
RTVSPropertyOp15
 70
     1
102
RTVSPropertyOp16
 70
     1
102
RTVSPropertyOp17
 70
     1
102
RTVSPropertyOp18
 70
     1
102
RTVSPropertyOp19
 70
     1
102
RTVSPropertyOp20
 70
     1
102
RTVSPropertyOp21
 70
     1
102
RTVSPropertyOp22
 70
     1
102
RTVSPropertyOp23
 70
     1
102
RTVSPropertyOp24
 70
     1
102
RTVSPropertyOp25
 70
     1
102
RTVSPropertyOp26
 70
     1
102
RTVSPropertyOp27
 70
     1
102
RTVSPropertyOp28
 70
     1
102
RTVSPropertyOp29
 70
     1
102
RTVSPropertyOp30
 70
     1
102
RTVSPropertyOp31
 70
     1
102
RTVSPropertyOp32
 70
     1
102
RTVSPropertyOp33
 70
     1
102
RTVSPropertyOp34
 70
     1
102
RTVSPropertyOp35
 70
     1
102
RTVSPropertyOp36
 70
     1
102
RTVSPropertyOp37
 70
     1
102
RTVSPropertyOp38
 70
     1
102
RTVSPropertyOp39
 70
     1
102
RTVSPropertyOp40
 70
     1
102
RTVSPropertyOp41
 70
     1
102
RTVSPropertyOp42
 70
     1
102
RTVSPropertyOp43
 70
     1
102
RTVSPropertyOp44
 70
     1
102
RTVSPropertyOp45
 70
     1
102
RTVSPropertyOp46
 70
     1
102
RTVSPropertyOp47
 70
     1
102
RTVSPropertyOp48
 70
     1
102
RTVSPropertyOp49
 70
     1
102
RTVSPropertyOp50
 70
     1
102
RTVSPropertyOp51
 70
     0
102
RTVSPropertyOp52
 70
     0
102
RTVSPropertyOp53
 70
     1
102
RTVSPropertyOp54
 70
     1
102
RTVSPropertyOp55
 70
     1
102
RTVSPropertyOp56
 70
     1
102
RTVSPropertyOp57
 70
     1
102
RTVSPropertyOp58
 70
     1
102
RTVSPropertyOp59
 70
     1
102
RTVSPropertyOp60
 70
     1
102
RTVSPropertyOp61
 70
     1
102
RTVSPropertyOp62
 70
     1
  0
XRECORD
  5
166C
102
{ACAD_REACTORS
330
166B
102
}
330
166B
100
AcDbXrecord
280
     1
102
RTVSPost2010Prop28
280
     0
102
RTVSPost2010PropOp28
 70
     1
102
RTVSPost2010Prop29
280
     1
102
RTVSPost2010PropOp29
 70
     1
102
RTVSPost2010Prop30
280
     1
102
RTVSPost2010PropOp30
 70
     1
102
RTVSPost2010Prop31
280
     0
102
RTVSPost2010PropOp31
 70
     1
102
RTVSPost2010Prop32
280
     0
102
RTVSPost2010PropOp32
 70
     1
102
RTVSPost2010Prop33
280
     0
102
RTVSPost2010PropOp33
 70
     1
102
RTVSPost2010Prop34
280
     0
102
RTVSPost2010PropOp34
 70
     1
102
RTVSPost2010Prop35
280
     0
102
RTVSPost2010PropOp35
 70
     1
102
RTVSPost2010Prop36
280
     0
102
RTVSPost2010PropOp36
 70
     1
102
RTVSPost2010Prop37
 90
       50
102
RTVSPost2010PropOp37
 70
     1
102
RTVSPost2010Prop38
140
0.0
102
RTVSPost2010PropOp38
 70
     1
102
RTVSPost2010Prop39
140
1.0
102
RTVSPost2010PropOp39
 70
     1
102
RTVSPost2010Prop40
 90
        0
102
RTVSPost2010PropOp40
 70
     1
102
RTVSPost2010Prop41ColorIndex
 90
       18
102
RTVSPost2010Prop41ColorRGB
 90
        0
102
RTVSPost2010PropOp41
 70
     1
102
RTVSPost2010Prop42
 90
       50
102
RTVSPost2010PropOp42
 70
     1
102
RTVSPost2010Prop43
 90
        3
102
RTVSPost2010PropOp43
 70
     1
102
RTVSPost2010Prop44ColorIndex
 90
        5
102
RTVSPost2010Prop44ColorRGB
 90
      255
102
RTVSPost2010PropOp44
 70
     1
102
RTVSPost2010Prop45
280
     0
102
RTVSPost2010PropOp45
 70
     1
102
RTVSPost2010Prop46
 90
       50
102
RTVSPost2010PropOp46
 70
     1
102
RTVSPost2010Prop47
 90
       50
102
RTVSPost2010PropOp47
 70
     1
102
RTVSPost2010Prop48
 90
       50
102
RTVSPost2010PropOp48
 70
     1
102
RTVSPost2010Prop49
280
     0
102
RTVSPost2010PropOp49
 70
     1
102
RTVSPost2010Prop50
 90
       50
102
RTVSPost2010PropOp50
 70
     1
102
RTVSPost2010Prop51ColorIndex
 90
      256
102
RTVSPost2010Prop51ColorRGB
 90
-16777216
102
RTVSPost2010PropOp51
 70
     0
102
RTVSPost2010Prop52
140
1.0
102
RTVSPost2010PropOp52
 70
     0
102
RTVSPost2010Prop53
 90
        2
102
RTVSPost2010PropOp53
 70
     1
102
RTVSPost2010Prop54
  1
strokes_ogs.tif
102
RTVSPost2010PropOp54
 70
     1
102
RTVSPost2010Prop55
280
     0
102
RTVSPost2010PropOp55
 70
     1
102
RTVSPost2010Prop56
140
1.0
102
RTVSPost2010PropOp56
 70
     1
102
RTVSPost2010Prop57
140
1.0
102
RTVSPost2010PropOp57
 70
     1
102
RTVSPropertyOp0
 70
     1
102
RTVSPropertyOp1
 70
     1
102
RTVSPropertyOp2
 70
     1
102
RTVSPropertyOp3
 70
     1
102
RTVSPropertyOp4
 70
     1
102
RTVSPropertyOp5
 70
     1
102
RTVSPropertyOp6
 70
     1
102
RTVSPropertyOp7
 70
     1
102
RTVSPropertyOp8
 70
     1
102
RTVSPropertyOp9
 70
     1
102
RTVSPropertyOp10
 70
     1
102
RTVSPropertyOp11
 70
     1
102
RTVSPropertyOp12
 70
     1
102
RTVSPropertyOp13
 70
     1
102
RTVSPropertyOp14
 70
     1
102
RTVSPropertyOp15
 70
     1
102
RTVSPropertyOp16
 70
     1
102
RTVSPropertyOp17
 70
     1
102
RTVSPropertyOp18
 70
     1
102
RTVSPropertyOp19
 70
     1
102
RTVSPropertyOp20
 70
     1
102
RTVSPropertyOp21
 70
     1
102
RTVSPropertyOp22
 70
     1
102
RTVSPropertyOp23
 70
     1
102
RTVSPropertyOp24
 70
     1
102
RTVSPropertyOp25
 70
     1
102
RTVSPropertyOp26
 70
     1
102
RTVSPropertyOp27
 70
     1
102
RTVSPropertyOp28
 70
     1
102
RTVSPropertyOp29
 70
     1
102
RTVSPropertyOp30
 70
     1
102
RTVSPropertyOp31
 70
     1
102
RTVSPropertyOp32
 70
     1
102
RTVSPropertyOp33
 70
     1
102
RTVSPropertyOp34
 70
     1
102
RTVSPropertyOp35
 70
     1
102
RTVSPropertyOp36
 70
     1
102
RTVSPropertyOp37
 70
     1
102
RTVSPropertyOp38
 70
     1
102
RTVSPropertyOp39
 70
     1
102
RTVSPropertyOp40
 70
     1
102
RTVSPropertyOp41
 70
     1
102
RTVSPropertyOp42
 70
     1
102
RTVSPropertyOp43
 70
     1
102
RTVSPropertyOp44
 70
     1
102
RTVSPropertyOp45
 70
     1
102
RTVSPropertyOp46
 70
     1
102
RTVSPropertyOp47
 70
     1
102
RTVSPropertyOp48
 70
     1
102
RTVSPropertyOp49
 70
     1
102
RTVSPropertyOp50
 70
     1
102
RTVSPropertyOp51
 70
     0
102
RTVSPropertyOp52
 70
     0
102
RTVSPropertyOp53
 70
     1
102
RTVSPropertyOp54
 70
     1
102
RTVSPropertyOp55
 70
     1
102
RTVSPropertyOp56
 70
     1
102
RTVSPropertyOp57
 70
     1
102
RTVSPropertyOp58
 70
     1
102
RTVSPropertyOp59
 70
     1
102
RTVSPropertyOp60
 70
     1
102
RTVSPropertyOp61
 70
     1
102
RTVSPropertyOp62
 70
     1
  0
XRECORD
  5
1666
102
{ACAD_REACTORS
330
1665
102
}
330
1665
100
AcDbXrecord
280
     1
102
RTVSPost2010Prop28
280
     0
102
RTVSPost2010PropOp28
 70
     1
102
RTVSPost2010Prop29
280
     1
102
RTVSPost2010PropOp29
 70
     1
102
RTVSPost2010Prop30
280
     1
102
RTVSPost2010PropOp30
 70
     1
102
RTVSPost2010Prop31
280
     0
102
RTVSPost2010PropOp31
 70
     1
102
RTVSPost2010Prop32
280
     0
102
RTVSPost2010PropOp32
 70
     1
102
RTVSPost2010Prop33
280
     0
102
RTVSPost2010PropOp33
 70
     1
102
RTVSPost2010Prop34
280
     0
102
RTVSPost2010PropOp34
 70
     1
102
RTVSPost2010Prop35
280
     0
102
RTVSPost2010PropOp35
 70
     1
102
RTVSPost2010Prop36
280
     0
102
RTVSPost2010PropOp36
 70
     1
102
RTVSPost2010Prop37
 90
       50
102
RTVSPost2010PropOp37
 70
     1
102
RTVSPost2010Prop38
140
0.0
102
RTVSPost2010PropOp38
 70
     1
102
RTVSPost2010Prop39
140
1.0
102
RTVSPost2010PropOp39
 70
     1
102
RTVSPost2010Prop40
 90
        0
102
RTVSPost2010PropOp40
 70
     1
102
RTVSPost2010Prop41ColorIndex
 90
       18
102
RTVSPost2010Prop41ColorRGB
 90
        0
102
RTVSPost2010PropOp41
 70
     1
102
RTVSPost2010Prop42
 90
       50
102
RTVSPost2010PropOp42
 70
     1
102
RTVSPost2010Prop43
 90
        3
102
RTVSPost2010PropOp43
 70
     1
102
RTVSPost2010Prop44ColorIndex
 90
        5
102
RTVSPost2010Prop44ColorRGB
 90
      255
102
RTVSPost2010PropOp44
 70
     1
102
RTVSPost2010Prop45
280
     0
102
RTVSPost2010PropOp45
 70
     1
102
RTVSPost2010Prop46
 90
       50
102
RTVSPost2010PropOp46
 70
     1
102
RTVSPost2010Prop47
 90
       50
102
RTVSPost2010PropOp47
 70
     1
102
RTVSPost2010Prop48
 90
       50
102
RTVSPost2010PropOp48
 70
     1
102
RTVSPost2010Prop49
280
     0
102
RTVSPost2010PropOp49
 70
     1
102
RTVSPost2010Prop50
 90
       50
102
RTVSPost2010PropOp50
 70
     1
102
RTVSPost2010Prop51ColorIndex
 90
      256
102
RTVSPost2010Prop51ColorRGB
 90
-16777216
102
RTVSPost2010PropOp51
 70
     0
102
RTVSPost2010Prop52
140
1.0
102
RTVSPost2010PropOp52
 70
     0
102
RTVSPost2010Prop53
 90
        2
102
RTVSPost2010PropOp53
 70
     1
102
RTVSPost2010Prop54
  1
strokes_ogs.tif
102
RTVSPost2010PropOp54
 70
     1
102
RTVSPost2010Prop55
280
     0
102
RTVSPost2010PropOp55
 70
     1
102
RTVSPost2010Prop56
140
1.0
102
RTVSPost2010PropOp56
 70
     1
102
RTVSPost2010Prop57
140
1.0
102
RTVSPost2010PropOp57
 70
     1
102
RTVSPropertyOp0
 70
     1
102
RTVSPropertyOp1
 70
     1
102
RTVSPropertyOp2
 70
     1
102
RTVSPropertyOp3
 70
     1
102
RTVSPropertyOp4
 70
     1
102
RTVSPropertyOp5
 70
     1
102
RTVSPropertyOp6
 70
     1
102
RTVSPropertyOp7
 70
     1
102
RTVSPropertyOp8
 70
     1
102
RTVSPropertyOp9
 70
     1
102
RTVSPropertyOp10
 70
     1
102
RTVSPropertyOp11
 70
     1
102
RTVSPropertyOp12
 70
     1
102
RTVSPropertyOp13
 70
     1
102
RTVSPropertyOp14
 70
     1
102
RTVSPropertyOp15
 70
     1
102
RTVSPropertyOp16
 70
     1
102
RTVSPropertyOp17
 70
     1
102
RTVSPropertyOp18
 70
     1
102
RTVSPropertyOp19
 70
     1
102
RTVSPropertyOp20
 70
     1
102
RTVSPropertyOp21
 70
     1
102
RTVSPropertyOp22
 70
     1
102
RTVSPropertyOp23
 70
     1
102
RTVSPropertyOp24
 70
     1
102
RTVSPropertyOp25
 70
     1
102
RTVSPropertyOp26
 70
     1
102
RTVSPropertyOp27
 70
     1
102
RTVSPropertyOp28
 70
     1
102
RTVSPropertyOp29
 70
     1
102
RTVSPropertyOp30
 70
     1
102
RTVSPropertyOp31
 70
     1
102
RTVSPropertyOp32
 70
     1
102
RTVSPropertyOp33
 70
     1
102
RTVSPropertyOp34
 70
     1
102
RTVSPropertyOp35
 70
     1
102
RTVSPropertyOp36
 70
     1
102
RTVSPropertyOp37
 70
     1
102
RTVSPropertyOp38
 70
     1
102
RTVSPropertyOp39
 70
     1
102
RTVSPropertyOp40
 70
     1
102
RTVSPropertyOp41
 70
     1
102
RTVSPropertyOp42
 70
     1
102
RTVSPropertyOp43
 70
     1
102
RTVSPropertyOp44
 70
     1
102
RTVSPropertyOp45
 70
     1
102
RTVSPropertyOp46
 70
     1
102
RTVSPropertyOp47
 70
     1
102
RTVSPropertyOp48
 70
     1
102
RTVSPropertyOp49
 70
     1
102
RTVSPropertyOp50
 70
     1
102
RTVSPropertyOp51
 70
     0
102
RTVSPropertyOp52
 70
     0
102
RTVSPropertyOp53
 70
     1
102
RTVSPropertyOp54
 70
     1
102
RTVSPropertyOp55
 70
     1
102
RTVSPropertyOp56
 70
     1
102
RTVSPropertyOp57
 70
     1
102
RTVSPropertyOp58
 70
     1
102
RTVSPropertyOp59
 70
     1
102
RTVSPropertyOp60
 70
     1
102
RTVSPropertyOp61
 70
     1
102
RTVSPropertyOp62
 70
     1
  0
XRECORD
  5
1668
102
{ACAD_REACTORS
330
1667
102
}
330
1667
100
AcDbXrecord
280
     1
102
RTVSPost2010Prop28
280
     0
102
RTVSPost2010PropOp28
 70
     1
102
RTVSPost2010Prop29
280
     1
102
RTVSPost2010PropOp29
 70
     1
102
RTVSPost2010Prop30
280
     1
102
RTVSPost2010PropOp30
 70
     1
102
RTVSPost2010Prop31
280
     0
102
RTVSPost2010PropOp31
 70
     1
102
RTVSPost2010Prop32
280
     0
102
RTVSPost2010PropOp32
 70
     1
102
RTVSPost2010Prop33
280
     0
102
RTVSPost2010PropOp33
 70
     1
102
RTVSPost2010Prop34
280
     0
102
RTVSPost2010PropOp34
 70
     1
102
RTVSPost2010Prop35
280
     0
102
RTVSPost2010PropOp35
 70
     1
102
RTVSPost2010Prop36
280
     0
102
RTVSPost2010PropOp36
 70
     1
102
RTVSPost2010Prop37
 90
       50
102
RTVSPost2010PropOp37
 70
     1
102
RTVSPost2010Prop38
140
0.0
102
RTVSPost2010PropOp38
 70
     1
102
RTVSPost2010Prop39
140
1.0
102
RTVSPost2010PropOp39
 70
     1
102
RTVSPost2010Prop40
 90
        0
102
RTVSPost2010PropOp40
 70
     1
102
RTVSPost2010Prop41ColorIndex
 90
       18
102
RTVSPost2010Prop41ColorRGB
 90
        0
102
RTVSPost2010PropOp41
 70
     1
102
RTVSPost2010Prop42
 90
       50
102
RTVSPost2010PropOp42
 70
     1
102
RTVSPost2010Prop43
 90
        3
102
RTVSPost2010PropOp43
 70
     1
102
RTVSPost2010Prop44ColorIndex
 90
        5
102
RTVSPost2010Prop44ColorRGB
 90
      255
102
RTVSPost2010PropOp44
 70
     1
102
RTVSPost2010Prop45
280
     0
102
RTVSPost2010PropOp45
 70
     1
102
RTVSPost2010Prop46
 90
       50
102
RTVSPost2010PropOp46
 70
     1
102
RTVSPost2010Prop47
 90
       50
102
RTVSPost2010PropOp47
 70
     1
102
RTVSPost2010Prop48
 90
       50
102
RTVSPost2010PropOp48
 70
     1
102
RTVSPost2010Prop49
280
     0
102
RTVSPost2010PropOp49
 70
     1
102
RTVSPost2010Prop50
 90
       50
102
RTVSPost2010PropOp50
 70
     1
102
RTVSPost2010Prop51ColorIndex
 90
      256
102
RTVSPost2010Prop51ColorRGB
 90
-16777216
102
RTVSPost2010PropOp51
 70
     0
102
RTVSPost2010Prop52
140
1.0
102
RTVSPost2010PropOp52
 70
     0
102
RTVSPost2010Prop53
 90
        2
102
RTVSPost2010PropOp53
 70
     1
102
RTVSPost2010Prop54
  1
strokes_ogs.tif
102
RTVSPost2010PropOp54
 70
     1
102
RTVSPost2010Prop55
280
     0
102
RTVSPost2010PropOp55
 70
     1
102
RTVSPost2010Prop56
140
1.0
102
RTVSPost2010PropOp56
 70
     1
102
RTVSPost2010Prop57
140
1.0
102
RTVSPost2010PropOp57
 70
     1
102
RTVSPropertyOp0
 70
     1
102
RTVSPropertyOp1
 70
     1
102
RTVSPropertyOp2
 70
     1
102
RTVSPropertyOp3
 70
     1
102
RTVSPropertyOp4
 70
     1
102
RTVSPropertyOp5
 70
     1
102
RTVSPropertyOp6
 70
     1
102
RTVSPropertyOp7
 70
     1
102
RTVSPropertyOp8
 70
     1
102
RTVSPropertyOp9
 70
     1
102
RTVSPropertyOp10
 70
     1
102
RTVSPropertyOp11
 70
     1
102
RTVSPropertyOp12
 70
     1
102
RTVSPropertyOp13
 70
     1
102
RTVSPropertyOp14
 70
     1
102
RTVSPropertyOp15
 70
     1
102
RTVSPropertyOp16
 70
     1
102
RTVSPropertyOp17
 70
     1
102
RTVSPropertyOp18
 70
     1
102
RTVSPropertyOp19
 70
     1
102
RTVSPropertyOp20
 70
     1
102
RTVSPropertyOp21
 70
     1
102
RTVSPropertyOp22
 70
     1
102
RTVSPropertyOp23
 70
     1
102
RTVSPropertyOp24
 70
     1
102
RTVSPropertyOp25
 70
     1
102
RTVSPropertyOp26
 70
     1
102
RTVSPropertyOp27
 70
     1
102
RTVSPropertyOp28
 70
     1
102
RTVSPropertyOp29
 70
     1
102
RTVSPropertyOp30
 70
     1
102
RTVSPropertyOp31
 70
     1
102
RTVSPropertyOp32
 70
     1
102
RTVSPropertyOp33
 70
     1
102
RTVSPropertyOp34
 70
     1
102
RTVSPropertyOp35
 70
     1
102
RTVSPropertyOp36
 70
     1
102
RTVSPropertyOp37
 70
     1
102
RTVSPropertyOp38
 70
     1
102
RTVSPropertyOp39
 70
     1
102
RTVSPropertyOp40
 70
     1
102
RTVSPropertyOp41
 70
     1
102
RTVSPropertyOp42
 70
     1
102
RTVSPropertyOp43
 70
     1
102
RTVSPropertyOp44
 70
     1
102
RTVSPropertyOp45
 70
     1
102
RTVSPropertyOp46
 70
     1
102
RTVSPropertyOp47
 70
     1
102
RTVSPropertyOp48
 70
     1
102
RTVSPropertyOp49
 70
     1
102
RTVSPropertyOp50
 70
     1
102
RTVSPropertyOp51
 70
     0
102
RTVSPropertyOp52
 70
     0
102
RTVSPropertyOp53
 70
     1
102
RTVSPropertyOp54
 70
     1
102
RTVSPropertyOp55
 70
     1
102
RTVSPropertyOp56
 70
     1
102
RTVSPropertyOp57
 70
     1
102
RTVSPropertyOp58
 70
     1
102
RTVSPropertyOp59
 70
     1
102
RTVSPropertyOp60
 70
     1
102
RTVSPropertyOp61
 70
     1
102
RTVSPropertyOp62
 70
     1
  0
XRECORD
  5
1658
102
{ACAD_REACTORS
330
1657
102
}
330
1657
100
AcDbXrecord
280
     1
102
RTVSPost2010Prop28
280
     0
102
RTVSPost2010PropOp28
 70
     1
102
RTVSPost2010Prop29
280
     1
102
RTVSPost2010PropOp29
 70
     1
102
RTVSPost2010Prop30
280
     1
102
RTVSPost2010PropOp30
 70
     1
102
RTVSPost2010Prop31
280
     0
102
RTVSPost2010PropOp31
 70
     1
102
RTVSPost2010Prop32
280
     0
102
RTVSPost2010PropOp32
 70
     1
102
RTVSPost2010Prop33
280
     0
102
RTVSPost2010PropOp33
 70
     1
102
RTVSPost2010Prop34
280
     0
102
RTVSPost2010PropOp34
 70
     1
102
RTVSPost2010Prop35
280
     0
102
RTVSPost2010PropOp35
 70
     1
102
RTVSPost2010Prop36
280
     0
102
RTVSPost2010PropOp36
 70
     1
102
RTVSPost2010Prop37
 90
       50
102
RTVSPost2010PropOp37
 70
     1
102
RTVSPost2010Prop38
140
0.0
102
RTVSPost2010PropOp38
 70
     1
102
RTVSPost2010Prop39
140
1.0
102
RTVSPost2010PropOp39
 70
     1
102
RTVSPost2010Prop40
 90
        0
102
RTVSPost2010PropOp40
 70
     1
102
RTVSPost2010Prop41ColorIndex
 90
       18
102
RTVSPost2010Prop41ColorRGB
 90
        0
102
RTVSPost2010PropOp41
 70
     1
102
RTVSPost2010Prop42
 90
       50
102
RTVSPost2010PropOp42
 70
     1
102
RTVSPost2010Prop43
 90
        3
102
RTVSPost2010PropOp43
 70
     1
102
RTVSPost2010Prop44ColorIndex
 90
        5
102
RTVSPost2010Prop44ColorRGB
 90
      255
102
RTVSPost2010PropOp44
 70
     1
102
RTVSPost2010Prop45
280
     0
102
RTVSPost2010PropOp45
 70
     1
102
RTVSPost2010Prop46
 90
       50
102
RTVSPost2010PropOp46
 70
     1
102
RTVSPost2010Prop47
 90
       50
102
RTVSPost2010PropOp47
 70
     1
102
RTVSPost2010Prop48
 90
       50
102
RTVSPost2010PropOp48
 70
     1
102
RTVSPost2010Prop49
280
     0
102
RTVSPost2010PropOp49
 70
     1
102
RTVSPost2010Prop50
 90
       50
102
RTVSPost2010PropOp50
 70
     1
102
RTVSPost2010Prop51ColorIndex
 90
      256
102
RTVSPost2010Prop51ColorRGB
 90
-16777216
102
RTVSPost2010PropOp51
 70
     0
102
RTVSPost2010Prop52
140
1.0
102
RTVSPost2010PropOp52
 70
     0
102
RTVSPost2010Prop53
 90
        2
102
RTVSPost2010PropOp53
 70
     1
102
RTVSPost2010Prop54
  1
strokes_ogs.tif
102
RTVSPost2010PropOp54
 70
     1
102
RTVSPost2010Prop55
280
     0
102
RTVSPost2010PropOp55
 70
     1
102
RTVSPost2010Prop56
140
1.0
102
RTVSPost2010PropOp56
 70
     1
102
RTVSPost2010Prop57
140
1.0
102
RTVSPost2010PropOp57
 70
     1
102
RTVSPropertyOp0
 70
     1
102
RTVSPropertyOp1
 70
     1
102
RTVSPropertyOp2
 70
     1
102
RTVSPropertyOp3
 70
     1
102
RTVSPropertyOp4
 70
     1
102
RTVSPropertyOp5
 70
     1
102
RTVSPropertyOp6
 70
     1
102
RTVSPropertyOp7
 70
     1
102
RTVSPropertyOp8
 70
     1
102
RTVSPropertyOp9
 70
     1
102
RTVSPropertyOp10
 70
     1
102
RTVSPropertyOp11
 70
     1
102
RTVSPropertyOp12
 70
     1
102
RTVSPropertyOp13
 70
     1
102
RTVSPropertyOp14
 70
     1
102
RTVSPropertyOp15
 70
     1
102
RTVSPropertyOp16
 70
     1
102
RTVSPropertyOp17
 70
     1
102
RTVSPropertyOp18
 70
     1
102
RTVSPropertyOp19
 70
     1
102
RTVSPropertyOp20
 70
     1
102
RTVSPropertyOp21
 70
     1
102
RTVSPropertyOp22
 70
     1
102
RTVSPropertyOp23
 70
     1
102
RTVSPropertyOp24
 70
     1
102
RTVSPropertyOp25
 70
     1
102
RTVSPropertyOp26
 70
     1
102
RTVSPropertyOp27
 70
     1
102
RTVSPropertyOp28
 70
     1
102
RTVSPropertyOp29
 70
     1
102
RTVSPropertyOp30
 70
     1
102
RTVSPropertyOp31
 70
     1
102
RTVSPropertyOp32
 70
     1
102
RTVSPropertyOp33
 70
     1
102
RTVSPropertyOp34
 70
     1
102
RTVSPropertyOp35
 70
     1
102
RTVSPropertyOp36
 70
     1
102
RTVSPropertyOp37
 70
     1
102
RTVSPropertyOp38
 70
     1
102
RTVSPropertyOp39
 70
     1
102
RTVSPropertyOp40
 70
     1
102
RTVSPropertyOp41
 70
     1
102
RTVSPropertyOp42
 70
     1
102
RTVSPropertyOp43
 70
     1
102
RTVSPropertyOp44
 70
     1
102
RTVSPropertyOp45
 70
     1
102
RTVSPropertyOp46
 70
     1
102
RTVSPropertyOp47
 70
     1
102
RTVSPropertyOp48
 70
     1
102
RTVSPropertyOp49
 70
     1
102
RTVSPropertyOp50
 70
     1
102
RTVSPropertyOp51
 70
     0
102
RTVSPropertyOp52
 70
     0
102
RTVSPropertyOp53
 70
     1
102
RTVSPropertyOp54
 70
     1
102
RTVSPropertyOp55
 70
     1
102
RTVSPropertyOp56
 70
     1
102
RTVSPropertyOp57
 70
     1
102
RTVSPropertyOp58
 70
     1
102
RTVSPropertyOp59
 70
     1
102
RTVSPropertyOp60
 70
     1
102
RTVSPropertyOp61
 70
     1
102
RTVSPropertyOp62
 70
     1
  0
XRECORD
  5
164C
102
{ACAD_REACTORS
330
164B
102
}
330
164B
100
AcDbXrecord
280
     1
102
RTVSPost2010Prop28
280
     0
102
RTVSPost2010PropOp28
 70
     1
102
RTVSPost2010Prop29
280
     1
102
RTVSPost2010PropOp29
 70
     1
102
RTVSPost2010Prop30
280
     1
102
RTVSPost2010PropOp30
 70
     1
102
RTVSPost2010Prop31
280
     0
102
RTVSPost2010PropOp31
 70
     1
102
RTVSPost2010Prop32
280
     0
102
RTVSPost2010PropOp32
 70
     1
102
RTVSPost2010Prop33
280
     0
102
RTVSPost2010PropOp33
 70
     1
102
RTVSPost2010Prop34
280
     0
102
RTVSPost2010PropOp34
 70
     1
102
RTVSPost2010Prop35
280
     0
102
RTVSPost2010PropOp35
 70
     1
102
RTVSPost2010Prop36
280
     0
102
RTVSPost2010PropOp36
 70
     1
102
RTVSPost2010Prop37
 90
       50
102
RTVSPost2010PropOp37
 70
     1
102
RTVSPost2010Prop38
140
0.0
102
RTVSPost2010PropOp38
 70
     1
102
RTVSPost2010Prop39
140
1.0
102
RTVSPost2010PropOp39
 70
     1
102
RTVSPost2010Prop40
 90
        0
102
RTVSPost2010PropOp40
 70
     1
102
RTVSPost2010Prop41ColorIndex
 90
       18
102
RTVSPost2010Prop41ColorRGB
 90
        0
102
RTVSPost2010PropOp41
 70
     1
102
RTVSPost2010Prop42
 90
       50
102
RTVSPost2010PropOp42
 70
     1
102
RTVSPost2010Prop43
 90
        3
102
RTVSPost2010PropOp43
 70
     1
102
RTVSPost2010Prop44ColorIndex
 90
        5
102
RTVSPost2010Prop44ColorRGB
 90
      255
102
RTVSPost2010PropOp44
 70
     1
102
RTVSPost2010Prop45
280
     0
102
RTVSPost2010PropOp45
 70
     1
102
RTVSPost2010Prop46
 90
       50
102
RTVSPost2010PropOp46
 70
     1
102
RTVSPost2010Prop47
 90
       50
102
RTVSPost2010PropOp47
 70
     1
102
RTVSPost2010Prop48
 90
       50
102
RTVSPost2010PropOp48
 70
     1
102
RTVSPost2010Prop49
280
     0
102
RTVSPost2010PropOp49
 70
     1
102
RTVSPost2010Prop50
 90
       50
102
RTVSPost2010PropOp50
 70
     1
102
RTVSPost2010Prop51ColorIndex
 90
      256
102
RTVSPost2010Prop51ColorRGB
 90
-16777216
102
RTVSPost2010PropOp51
 70
     0
102
RTVSPost2010Prop52
140
1.0
102
RTVSPost2010PropOp52
 70
     0
102
RTVSPost2010Prop53
 90
        2
102
RTVSPost2010PropOp53
 70
     1
102
RTVSPost2010Prop54
  1
strokes_ogs.tif
102
RTVSPost2010PropOp54
 70
     1
102
RTVSPost2010Prop55
280
     0
102
RTVSPost2010PropOp55
 70
     1
102
RTVSPost2010Prop56
140
1.0
102
RTVSPost2010PropOp56
 70
     1
102
RTVSPost2010Prop57
140
1.0
102
RTVSPost2010PropOp57
 70
     1
102
RTVSPropertyOp0
 70
     1
102
RTVSPropertyOp1
 70
     1
102
RTVSPropertyOp2
 70
     1
102
RTVSPropertyOp3
 70
     1
102
RTVSPropertyOp4
 70
     1
102
RTVSPropertyOp5
 70
     1
102
RTVSPropertyOp6
 70
     1
102
RTVSPropertyOp7
 70
     1
102
RTVSPropertyOp8
 70
     1
102
RTVSPropertyOp9
 70
     1
102
RTVSPropertyOp10
 70
     1
102
RTVSPropertyOp11
 70
     1
102
RTVSPropertyOp12
 70
     1
102
RTVSPropertyOp13
 70
     1
102
RTVSPropertyOp14
 70
     1
102
RTVSPropertyOp15
 70
     1
102
RTVSPropertyOp16
 70
     1
102
RTVSPropertyOp17
 70
     1
102
RTVSPropertyOp18
 70
     1
102
RTVSPropertyOp19
 70
     1
102
RTVSPropertyOp20
 70
     1
102
RTVSPropertyOp21
 70
     1
102
RTVSPropertyOp22
 70
     1
102
RTVSPropertyOp23
 70
     1
102
RTVSPropertyOp24
 70
     1
102
RTVSPropertyOp25
 70
     1
102
RTVSPropertyOp26
 70
     1
102
RTVSPropertyOp27
 70
     1
102
RTVSPropertyOp28
 70
     1
102
RTVSPropertyOp29
 70
     1
102
RTVSPropertyOp30
 70
     1
102
RTVSPropertyOp31
 70
     1
102
RTVSPropertyOp32
 70
     1
102
RTVSPropertyOp33
 70
     1
102
RTVSPropertyOp34
 70
     1
102
RTVSPropertyOp35
 70
     1
102
RTVSPropertyOp36
 70
     1
102
RTVSPropertyOp37
 70
     1
102
RTVSPropertyOp38
 70
     1
102
RTVSPropertyOp39
 70
     1
102
RTVSPropertyOp40
 70
     1
102
RTVSPropertyOp41
 70
     1
102
RTVSPropertyOp42
 70
     1
102
RTVSPropertyOp43
 70
     1
102
RTVSPropertyOp44
 70
     1
102
RTVSPropertyOp45
 70
     1
102
RTVSPropertyOp46
 70
     1
102
RTVSPropertyOp47
 70
     1
102
RTVSPropertyOp48
 70
     1
102
RTVSPropertyOp49
 70
     1
102
RTVSPropertyOp50
 70
     1
102
RTVSPropertyOp51
 70
     0
102
RTVSPropertyOp52
 70
     0
102
RTVSPropertyOp53
 70
     1
102
RTVSPropertyOp54
 70
     1
102
RTVSPropertyOp55
 70
     1
102
RTVSPropertyOp56
 70
     1
102
RTVSPropertyOp57
 70
     1
102
RTVSPropertyOp58
 70
     1
102
RTVSPropertyOp59
 70
     1
102
RTVSPropertyOp60
 70
     1
102
RTVSPropertyOp61
 70
     1
102
RTVSPropertyOp62
 70
     1
  0
XRECORD
  5
166A
102
{ACAD_REACTORS
330
1669
102
}
330
1669
100
AcDbXrecord
280
     1
102
RTVSPost2010Prop28
280
     0
102
RTVSPost2010PropOp28
 70
     1
102
RTVSPost2010Prop29
280
     1
102
RTVSPost2010PropOp29
 70
     1
102
RTVSPost2010Prop30
280
     1
102
RTVSPost2010PropOp30
 70
     1
102
RTVSPost2010Prop31
280
     0
102
RTVSPost2010PropOp31
 70
     1
102
RTVSPost2010Prop32
280
     0
102
RTVSPost2010PropOp32
 70
     1
102
RTVSPost2010Prop33
280
     0
102
RTVSPost2010PropOp33
 70
     1
102
RTVSPost2010Prop34
280
     0
102
RTVSPost2010PropOp34
 70
     1
102
RTVSPost2010Prop35
280
     0
102
RTVSPost2010PropOp35
 70
     1
102
RTVSPost2010Prop36
280
     0
102
RTVSPost2010PropOp36
 70
     1
102
RTVSPost2010Prop37
 90
       50
102
RTVSPost2010PropOp37
 70
     1
102
RTVSPost2010Prop38
140
0.0
102
RTVSPost2010PropOp38
 70
     1
102
RTVSPost2010Prop39
140
1.0
102
RTVSPost2010PropOp39
 70
     1
102
RTVSPost2010Prop40
 90
        0
102
RTVSPost2010PropOp40
 70
     1
102
RTVSPost2010Prop41ColorIndex
 90
       18
102
RTVSPost2010Prop41ColorRGB
 90
        0
102
RTVSPost2010PropOp41
 70
     1
102
RTVSPost2010Prop42
 90
       50
102
RTVSPost2010PropOp42
 70
     1
102
RTVSPost2010Prop43
 90
        3
102
RTVSPost2010PropOp43
 70
     1
102
RTVSPost2010Prop44ColorIndex
 90
        5
102
RTVSPost2010Prop44ColorRGB
 90
      255
102
RTVSPost2010PropOp44
 70
     1
102
RTVSPost2010Prop45
280
     0
102
RTVSPost2010PropOp45
 70
     1
102
RTVSPost2010Prop46
 90
       50
102
RTVSPost2010PropOp46
 70
     1
102
RTVSPost2010Prop47
 90
       50
102
RTVSPost2010PropOp47
 70
     1
102
RTVSPost2010Prop48
 90
       50
102
RTVSPost2010PropOp48
 70
     1
102
RTVSPost2010Prop49
280
     0
102
RTVSPost2010PropOp49
 70
     1
102
RTVSPost2010Prop50
 90
       50
102
RTVSPost2010PropOp50
 70
     1
102
RTVSPost2010Prop51ColorIndex
 90
      256
102
RTVSPost2010Prop51ColorRGB
 90
-16777216
102
RTVSPost2010PropOp51
 70
     0
102
RTVSPost2010Prop52
140
1.0
102
RTVSPost2010PropOp52
 70
     0
102
RTVSPost2010Prop53
 90
        2
102
RTVSPost2010PropOp53
 70
     1
102
RTVSPost2010Prop54
  1
strokes_ogs.tif
102
RTVSPost2010PropOp54
 70
     1
102
RTVSPost2010Prop55
280
     0
102
RTVSPost2010PropOp55
 70
     1
102
RTVSPost2010Prop56
140
1.0
102
RTVSPost2010PropOp56
 70
     1
102
RTVSPost2010Prop57
140
1.0
102
RTVSPost2010PropOp57
 70
     1
102
RTVSPropertyOp0
 70
     1
102
RTVSPropertyOp1
 70
     1
102
RTVSPropertyOp2
 70
     1
102
RTVSPropertyOp3
 70
     1
102
RTVSPropertyOp4
 70
     1
102
RTVSPropertyOp5
 70
     1
102
RTVSPropertyOp6
 70
     1
102
RTVSPropertyOp7
 70
     1
102
RTVSPropertyOp8
 70
     1
102
RTVSPropertyOp9
 70
     1
102
RTVSPropertyOp10
 70
     1
102
RTVSPropertyOp11
 70
     1
102
RTVSPropertyOp12
 70
     1
102
RTVSPropertyOp13
 70
     1
102
RTVSPropertyOp14
 70
     1
102
RTVSPropertyOp15
 70
     1
102
RTVSPropertyOp16
 70
     1
102
RTVSPropertyOp17
 70
     1
102
RTVSPropertyOp18
 70
     1
102
RTVSPropertyOp19
 70
     1
102
RTVSPropertyOp20
 70
     1
102
RTVSPropertyOp21
 70
     1
102
RTVSPropertyOp22
 70
     1
102
RTVSPropertyOp23
 70
     1
102
RTVSPropertyOp24
 70
     1
102
RTVSPropertyOp25
 70
     1
102
RTVSPropertyOp26
 70
     1
102
RTVSPropertyOp27
 70
     1
102
RTVSPropertyOp28
 70
     1
102
RTVSPropertyOp29
 70
     1
102
RTVSPropertyOp30
 70
     1
102
RTVSPropertyOp31
 70
     1
102
RTVSPropertyOp32
 70
     1
102
RTVSPropertyOp33
 70
     1
102
RTVSPropertyOp34
 70
     1
102
RTVSPropertyOp35
 70
     1
102
RTVSPropertyOp36
 70
     1
102
RTVSPropertyOp37
 70
     1
102
RTVSPropertyOp38
 70
     1
102
RTVSPropertyOp39
 70
     1
102
RTVSPropertyOp40
 70
     1
102
RTVSPropertyOp41
 70
     1
102
RTVSPropertyOp42
 70
     1
102
RTVSPropertyOp43
 70
     1
102
RTVSPropertyOp44
 70
     1
102
RTVSPropertyOp45
 70
     1
102
RTVSPropertyOp46
 70
     1
102
RTVSPropertyOp47
 70
     1
102
RTVSPropertyOp48
 70
     1
102
RTVSPropertyOp49
 70
     1
102
RTVSPropertyOp50
 70
     1
102
RTVSPropertyOp51
 70
     0
102
RTVSPropertyOp52
 70
     0
102
RTVSPropertyOp53
 70
     1
102
RTVSPropertyOp54
 70
     1
102
RTVSPropertyOp55
 70
     1
102
RTVSPropertyOp56
 70
     1
102
RTVSPropertyOp57
 70
     1
102
RTVSPropertyOp58
 70
     1
102
RTVSPropertyOp59
 70
     1
102
RTVSPropertyOp60
 70
     1
102
RTVSPropertyOp61
 70
     1
102
RTVSPropertyOp62
 70
     1
  0
ENDSEC
  0
EOF
